day_of_year,heating,cooling,heating_fans_pumps,cooling_fans_pumps,ceiling_fan,hot_water,pool_heater,hot_tub_heater,pool_pump,well_pump,time_of_shed
0,21227.412229394366,806.0959816080901,3162.6220193775407,179.67777320490688,2101.9092003874857,34549.01656611742,18.83670320062454,1395.3327575082342,944.5484801598465,5134.289964969255,22.25
1,29593.16104370928,514.4039467049126,4148.219599665678,91.58992966029456,1752.665819888404,26875.678610339368,18.82796227106509,1147.5147531522828,944.1101746006077,4780.3589038506725,22.5
2,31509.27207685693,372.83236487340355,4255.766931588751,55.83686432098546,1067.9410108344043,16200.543736647767,18.963446679236636,1155.7721712924222,950.9039107688106,3273.592187935824,0.0
3,40256.28977849548,316.86426554351993,5640.129883032626,35.717714211450904,1461.0407099971408,25188.57454423438,237.18098315548144,1504.002524060456,12041.549984882566,1984.9689285138702,7.0
4,9871.045165441865,1140.2483046079324,1487.195508287122,208.67974164735412,1057.784680226952,13451.24927126066,18.81485087672591,1146.7156481709787,943.4527162617492,3248.456567504606,0.0
5,32379.639605040553,445.8074559800356,4300.86296103756,54.548824185681454,875.6855968947639,5568.479563335917,18.47395462390718,1256.1364445919278,926.358799451432,1353.9863810290656,1.75
6,38139.45145783009,2167.2195858600076,5171.615380679027,72.88095056888363,1024.383578692869,11735.093115593598,18.43899090566936,1123.8079720402695,924.6055772144763,2839.6045994730835,0.25
7,22944.434524013606,886.8765048934035,3180.3653799901936,173.77500652423632,1592.1062271864168,26291.158849230913,18.932853425778543,1153.9075930027134,949.3698413114746,4637.958071726776,22.75
8,33052.92595134849,649.0823491612915,4692.15413524003,111.48961221989312,2858.6020292399517,30968.295922209174,20.314840394020724,2218.982038990538,1036.5012915689151,5644.3981443118655,21.0
9,74623.26887151694,1510.7730640776313,10274.233785938106,11.548002816204363,1368.9523778602424,25741.904828479008,460.3054014570496,1144.3183332270676,23312.944051277496,2160.3806438317383,8.0
10,30304.950191989454,475.0072938860836,3974.2852709350655,62.5685907368291,873.3554248806809,7263.131882164409,18.640032285536815,1267.7996049177852,934.6866050769711,1366.5111403506114,1.75
11,52012.74821988184,2074.563117514852,7346.867711312473,38.95287509870255,1342.0327361272498,23749.223155538126,457.59663339146704,1136.8600200682317,23175.67678403304,2146.2999506224064,8.0
12,37498.323887256134,1716.4968703216114,5024.916723079214,66.54951514328074,1028.3836798755297,12086.002333247145,18.42587951133018,1123.0088670589655,923.948118875618,3175.3654714297763,0.0
13,39146.793274732765,2197.294582098457,5275.7458566028945,62.456919913759286,1013.763518769839,10319.559609824539,18.806109947166448,1211.7132003750828,943.0144107025105,2552.37716988738,0.5
14,20410.86364567166,926.2659906342558,2929.084720553983,182.2557905236167,1574.4512928196098,25392.57265853756,19.01589225659336,1158.9685912176376,953.5337441242442,4657.931991654876,22.75
15,18869.183429491026,1036.1249957620382,2713.1537361898777,202.659105589688,1587.587384522088,22901.320324797423,19.160117594324365,1167.7587460119796,960.765785851686,4695.0535572650215,22.75
16,21708.892072660274,988.8688671224871,3133.6612132072573,212.8329664824625,1584.6884951853124,27459.723830982515,19.024633186152816,1159.5013278718404,953.972049683483,4662.375725279058,22.75
17,25950.50867416043,591.3715845066071,3550.5427298828404,108.43265975800873,969.1541726566118,11769.96252380196,18.561363919501726,1131.2662851991056,930.7418550438208,2858.450043603268,0.25
18,51448.861120334695,2213.1690787024777,7033.404224268913,78.98197412277528,1580.5911541879411,25254.79858687036,18.884778313201547,1150.9775414045996,946.9591607356605,4633.918406336638,22.75
19,59500.87497031458,1982.6518315744663,7812.972041565388,27.404000610852375,973.17916490738,13501.931021042075,18.386545328312636,1120.6115521150543,921.9757438590426,2831.5279805601476,0.25
20,75637.8718100817,1953.9413888713425,10126.87294844469,22.26578681596946,855.8686262891126,4693.493192379702,18.133058371088453,1105.1621891431805,909.2648826411144,1207.4306291529713,2.25
21,31482.834953806097,374.8396309689127,4327.509091578575,65.27358155861309,1107.7920951379203,12456.353678485535,18.543882060382817,1130.2008118907004,929.865243925343,3198.6849882000342,0.0
22,38504.166332075605,2099.8944766567597,5061.727707239335,52.39221168152219,901.5586515383465,6512.447050130727,18.281654173599183,1307.4806648241638,916.7160771481758,1801.546526557831,1.0
23,52018.40788702569,2134.5111727271365,6955.350483596522,44.829879039618916,893.3429525716969,7028.330272044797,18.950335284897456,1221.797932842073,950.2464524299521,1325.4210958680721,2.0
24,53619.38618192806,2000.6178558664246,6771.046652114857,29.767005590260364,880.836014092689,5326.849217010211,18.364693004414004,1314.2061200467779,920.8799799609454,1408.2872872708158,1.5
25,50602.7560881504,2065.5877082826732,6722.654929025617,35.71606772056437,973.8219743199677,10775.43382004387,18.727441581131362,1141.3882816289538,939.0696606693599,2884.026003494232,0.25
26,56219.905897879486,1996.147148847428,7236.358632841724,23.55799160469237,908.97812688274,8151.644151540497,18.504547877365273,1323.0997858490607,927.8928689087678,1825.2002809780565,1.0
27,25538.16856675955,604.5477731047947,3518.9606133687716,106.91101162162546,1108.9475443306544,15743.92539729357,18.54388206038282,1130.2008118907004,929.8652439253431,3180.3483581799946,0.0
28,21323.11828941863,795.3058488617218,3089.285475095107,167.97790581752002,1735.5538401045362,23639.765095154315,18.915371566659637,1152.8421196943086,948.4932301929964,4798.106380690547,22.5
29,33710.507777023355,1710.1506164780296,4451.423608290367,49.25516228062764,872.7943588979896,5835.084585608682,18.487066018246367,1254.3463942279363,927.0162577902901,1352.3963793077896,1.75
30,29948.033389139837,2214.1074816554037,3964.4041948628806,73.11823896135637,871.9537768742057,5867.599233398618,18.456472764788277,1188.0611650850474,925.4821883329539,1289.0761412681516,2.0
31,26615.327311543675,490.4360757218755,3370.5592904874675,81.72192866279708,868.9486404490443,6202.4279009563115,22.585871908244272,1343.238887554044,1187.815692664341,1057.4211447244365,3.0
32,21272.356781681618,623.1063404110995,2763.822265617996,109.98171712503273,892.3067286896289,6754.099938853718,22.020471780424817,1319.2344547880853,1144.3939507423388,1162.9551572766811,2.75
33,15305.062767233681,779.218664376122,2122.9289810119476,147.32229023618694,886.4120976109859,5325.512084812078,18.99841039747445,1157.9031179092324,959.2881571334163,1273.8934129674928,2.25
34,8683.251337207974,1017.6631840084194,1191.1560594766265,204.96738896021964,876.7089394069535,4450.219091247894,21.232637997763455,1271.8149119280442,1103.764754216323,1118.3176513266742,2.75
35,12505.46990599106,776.0471355190149,1682.6147028914536,154.9076737505018,867.1006965599097,4993.262911572272,23.46801572036291,1386.5685954781086,1247.2015196650723,973.4080029275049,3.25
36,19486.91465512439,2386.20452026144,2527.6898066000267,108.73948817733674,885.7325811368686,4437.198786595702,22.72158634087791,1351.4691628076569,1194.7268865868177,1065.95640820168,3.0
37,14313.094429443472,1917.8753934111878,1940.9223917266304,122.33475713235273,875.8640958773464,6099.489653926008,37.181154052374545,1815.8402466321634,1899.4123952156124,1004.8832912387585,3.75
38,11395.185604765345,822.6389535120478,1567.010413093678,168.60676848377528,886.5157296844332,4665.215365157018,24.334747893521453,1437.7780213755595,1293.263772920169,1009.3583808290853,3.25
39,11426.156679455693,887.8057068678456,1565.1418396422594,182.56329690978035,904.2097924228965,4585.6655453831945,23.541623548232,1399.9767213733876,1238.2264252032091,1100.7523780738807,3.0
40,14804.818448448254,787.0850167176055,1964.3260974500126,163.92317987838908,908.4320730228346,4441.976394673328,23.601659932837727,1403.646071592662,1241.243208130082,1104.9191622457015,3.0
41,21918.61772343021,2206.433865600051,2889.7508280936518,85.31040712382035,865.1273288061826,4173.173488665286,22.201731056552454,1320.1352305816333,1167.9800779707098,1035.8990875271597,3.0
42,61229.159165745354,1999.9480246328158,7891.9971150084275,20.33503412048218,884.1581484397107,3864.220042823736,22.741138420155636,1352.2903501373212,1196.2411255142115,1062.184709203326,3.0
43,34457.59604342019,834.9848264413885,4629.476198137848,55.926065386074185,902.0458191359508,5969.930215848999,19.085819693068995,1228.419417007822,963.7017212334091,1342.3833176205671,2.0
44,2545.706290995036,4572.789647666993,315.1643121293639,1077.3295924266995,1423.6202336517813,22692.627871271896,270.1400382061773,5265.075917691235,13651.065456097163,2783.1097925512126,16.0
45,52244.289293784044,2028.8710583651143,6901.190521817283,25.38394999787127,860.2018028928793,4286.810173427438,19.97992477721636,1206.5174078253735,1024.7894144832967,1185.9543347171002,2.5
46,57199.752382353334,1978.4615122682083,7351.683406598402,23.312955019812367,860.5346846091767,4416.167650026729,22.388510919770273,1331.1382207012896,1177.9528006312116,1043.1992649215833,3.0
47,21712.597451974234,2284.7211174211097,3096.4671777850044,113.05716839628947,968.8042449170184,11438.36201954525,18.570104849061178,1131.799021853308,937.661693043452,2872.0390413650534,0.25
48,9868.377656500852,2038.5903909208084,1454.8453522006823,427.1544575787672,1215.4797661959665,29781.008329390137,733.5314478466385,660.3795284614116,37158.17497180816,2076.628180283109,12.0
49,76795.51403182474,1913.3991658050982,11022.092997479467,8.010952982284365,1326.8979013409078,22433.39628313145,452.52298383112776,1115.5505539001301,22879.19070035644,2133.0429871183746,8.0
50,71585.34868205218,1921.5073586020933,9170.830460684485,15.803213233873455,911.6709143014834,8775.362841282782,18.487066018246367,1315.6065089719873,933.4688071484591,1831.507067466563,1.0
51,69410.9179503711,1984.8772092862396,8969.570678643551,18.33609733181091,903.6473705065347,5932.908698773317,18.967817144016365,1349.1532765233253,957.743409698419,1457.3729336294323,1.5
52,50156.297784008166,2034.1033158453408,6804.612209032782,50.82959497778546,1032.322182928551,13859.935573253273,18.591957172959816,1133.1308634888142,938.7650840684504,3217.8841615267115,0.0
53,64193.238209897194,1949.060705621596,8331.22451543899,19.418616663511997,929.8752923623707,12014.3977884184,18.60943903207873,1260.2083376198607,939.6477968884489,2192.4538988920226,0.75
54,75368.72740249334,1966.452588856176,9883.28779370739,17.685733431625458,958.3676234492318,9602.745649809283,18.661884609435454,1201.0267239152636,942.2959353484443,2539.9824107065665,0.5
55,97528.46064118337,1949.6029822377,12643.896205967249,8.530953545217457,904.0093079443585,4773.996003499968,45.432591556499624,2099.335275082876,2296.923334020611,1059.3592824158118,4.0
56,48828.63193994728,2112.2542963324354,6430.382360806324,35.671612466627636,899.3487702113839,4849.390431366119,21.682795870075367,1299.0553288266979,1126.7727452256056,1145.8193760142633,2.75
57,78950.05650952994,2006.6218333104146,10134.393343995196,14.474688793241455,908.029554427278,6966.8072393405755,38.13713571682436,1870.004336745171,1949.7517717450298,1041.2653645229307,3.75
58,34522.531125823014,431.570152431672,4826.613360703683,84.80909907506984,1613.3473155565227,22953.51586556385,18.963446679236636,1155.7721712924226,957.5227314934195,4678.647098826038,22.75
59,14860.391777374989,530.5871119239575,2013.8143834696962,87.68309734373743,1149.6714625088475,17998.665889038457,420.7908792612247,1309.0588626585695,21307.727982200755,1806.1346671180017,14.25
60,54958.23567005718,1956.4773722462426,7018.945709827317,24.15731428739491,839.4160176791042,4846.691324327943,20.665857723171452,1686.935228149804,1014.2194030405993,902.8672485966306,3.0
61,86369.02851197492,1881.7955480570984,11184.98208422871,8.849985367586909,860.6460648750312,5590.686124906175,42.95384795300801,2909.1469749991775,2187.460673147563,914.2592948275378,4.25
62,92048.92560512826,1854.1797312363121,11740.868884558102,9.333472573800726,841.759458472684,4374.182895132509,31.955688347055364,2300.839464168059,1606.385128842751,873.0721315957929,3.75
63,85713.21153082557,1858.327919746356,11094.765424820196,12.128439279914183,845.5724408087083,5257.583790936472,32.058969330534175,2301.415905470058,1612.6310678077598,866.2041580590876,3.75
64,2204.220788143735,4183.908645565217,311.44324272577126,926.4379036532923,949.056330076196,20846.668681622476,562.4721464414993,864.9494835773411,28508.011539669336,1818.1841716877661,12.75
65,21532.214205850654,527.2532584359184,2698.048441387087,91.17995342954474,857.357925722195,4399.44050116794,21.165700879295,1726.8656345730892,1038.751632988101,922.1981169811303,3.0
66,9413.841474364404,926.3782425717562,1272.160505522511,192.32137042749966,846.6738463594018,3308.7868749466816,21.03182664235809,1716.3739888326609,1032.1807784171135,917.604722177985,3.0
67,3710.8757848093146,2271.429577608469,508.0679592162697,444.2106503773015,870.1527095491371,23202.81568750459,594.1403042109409,852.8708990729475,30110.912935927172,1792.794144201475,12.5
68,21556.389147275775,812.2602497825058,3046.107801233936,178.50992690432068,1806.7431665661022,29902.292637443432,16.71311736660127,1788.758086563428,820.0293623092764,4465.8485633735845,22.0
69,134.67278501688364,12690.008604555074,24.622302684236367,2833.8736731721456,1316.4515946326048,22532.769841072735,234.70039935629305,6794.864183952082,11873.35522653004,2412.1549841897977,18.0
70,2722.5812524490166,4011.6591612735638,266.4919107701685,793.7694791597646,819.4586110860716,27444.892313715827,645.4875147611842,862.5921928898333,32674.033168292037,1835.377410639503,11.0
71,4065.1247881607087,2358.9866699731833,545.0415585645343,459.59207138700435,1292.6247407513815,20756.16946742866,235.68996459220816,6864.0702637146005,11923.118670232587,2432.5885656324604,16.0
72,29996.041673557316,205.74385469183346,4311.88825142349,23.57523133279855,809.2901739279821,25120.998187785783,635.4858211250096,849.2146602480125,32167.791603304773,1807.0112782364781,11.0
73,82825.82177066327,1927.7334186109565,11562.029368919251,14.058707713376,1334.4698223709174,21650.999358656078,213.98071590899232,1970.7564312877628,10810.960178115965,1779.1183666847262,7.0
74,10363.417030184293,1123.564121897352,1510.8852191627382,200.05164513983055,1176.105679987525,17518.473722711336,401.2190178797576,1464.6911134646582,20307.635713097723,1808.7167038115217,14.25
75,26644.027972153883,2412.8974305141146,3929.4187816863227,154.46670475012294,1503.3535887332566,25151.177627236568,16.55670073237945,1475.4942123267576,812.3547777298727,4125.360059180289,22.5
76,71640.96278584148,1911.1493812872404,9283.238039999818,16.366603674287276,853.1869768969549,3413.761758564337,32.544550970008096,2338.433742154348,1636.7249921960229,882.3743450558504,3.75
77,16351.185643068446,637.8222885454225,2340.9241806857613,109.1253481592189,817.6943476749357,26673.186466189505,642.6531533393,858.7912686782432,32530.60013166089,1827.3994359011524,11.0
78,22462.766980786637,398.8857586952631,3105.427381189588,57.22727744847056,1305.339815048931,20105.270167147868,237.90372001537105,6913.483658612046,12035.219130571388,2451.6263828522556,16.0
79,25754.66991493724,439.32832063666905,3271.9613144996033,65.21208028138037,845.1951038384739,5704.789299277445,27.239266776343364,2045.7211734587277,1356.3151971094794,863.5268670251596,3.5
80,12407.29168832686,709.1008160720768,1807.1332880537998,117.00312908450327,835.5162555881188,28882.0895233246,658.6393934056941,880.1945848268781,33339.68880416008,1872.607959418473,11.0
81,16190.50837469428,859.2023829247528,2314.468849382773,160.79533145597816,870.0701912999971,28055.831994466647,681.436887819062,910.6781166165516,34493.62361268862,1937.3181989628754,11.0
82,9502.459003712456,1649.389775882231,1379.1727279074578,329.5473785473897,1129.1216097538738,25738.236168333126,473.8653434973085,848.5717418764684,24021.354818176405,1783.7570157741511,13.25
83,49277.58613056871,1972.2633457520092,6361.80766187259,30.19809564532,850.2168041900321,4293.996827696543,20.715312982521,1689.7051827223033,1016.6485582126842,901.382840210005,3.0
84,2833.137885450669,3504.8148353432143,367.67797672687,784.9933921772625,1038.121704945394,17483.543588044988,436.0046971839174,956.362354934579,22094.789851193553,1711.4599883555609,13.5
85,3930.9216404561116,2841.6894685581706,462.69144520231777,598.6983720993293,827.2192974536009,26757.091799153022,651.2215645521864,870.2393561320457,32964.33263510172,1851.7765809350024,11.0
86,10767.278290633887,831.424435177844,1491.954060654047,170.40367115542688,838.9009565888307,5590.856112983659,19.25902811302345,1612.419953777765,945.1115316168426,957.4071381479425,2.75
87,705.7409092870686,8332.710618742698,41.899125261568,1819.182017804319,827.3072394374235,26017.87391657903,648.0382560213103,866.027148182237,32803.07025713528,1842.4689437402596,11.0
88,0.9030518250676364,21060.98648022082,7.333760965888729,4733.829531445824,993.0407844717773,21639.947373325995,513.3097082321955,848.3670201052075,26018.377997027892,1783.326676325231,13.0
89,918.4456431851906,6762.795989429965,67.75639296311856,1534.8984170713552,852.971383443224,28061.785717618954,632.7386389742577,843.6584193662067,32046.33248876685,1813.1936578106456,11.5
90,857.5295481840225,8646.229214804755,78.48066607402471,1976.120202227553,819.1702814761162,27624.084129978186,633.8008919401935,851.4378466741211,32140.371404129182,1793.5466873890311,12.25
91,729.4135741393883,7072.420634545344,94.88116809009381,1612.368718855472,839.2467196750075,21068.895314448502,580.9879655175071,833.422330803161,29462.49138651272,1740.1818838555864,12.5
92,773.9035012371382,7274.231119361628,108.40738128027998,1650.9452255079912,760.0773361483796,24844.23252497354,602.2548771601221,810.9029359644612,30550.75612394931,1693.1614939700266,12.25
93,1633.9140206299699,4197.765125456762,181.87235185186168,937.360046227799,778.7074773820466,22117.263773828054,612.9208814428155,823.3909640113765,31081.551613822827,1734.4418776416708,12.0
94,3968.179598465723,1349.5169088782393,522.699355200948,265.5692947592726,773.9039854991578,22935.609611312382,608.3553559192351,817.2493108735493,30849.985430934572,1721.5728806593306,12.0
95,11031.572814037352,616.441732711984,1609.2869721778882,105.101518137312,772.0921675571221,20430.98250522397,606.0401597082902,814.1784843046356,30732.79632101919,1714.7838902589763,12.0
96,1710.5479050437207,6860.755514363468,171.2176187678108,1533.134831627055,806.2680883319309,25583.8170665401,626.3368281698057,841.4064798823367,31761.841502821484,1772.4503933645335,12.0
97,1604.5364585605794,7643.454666768935,167.35427318113955,1708.5306631504875,821.1543998468086,25335.735914199515,634.0746210500816,851.8472902166429,32154.480910929018,1794.0697388027238,12.0
98,716.1838261611855,7099.137661046885,80.87262992255492,1531.700350655254,769.8242716395134,21069.414019610515,604.0718403861781,811.5171012782436,30632.887738285634,1709.3174436632405,12.0
99,1311.9239383994181,4040.74974966667,119.93766010635274,860.9265494401807,774.6428724975963,24279.125908367707,608.8059738404711,817.8634761873318,30872.88477775844,1722.7949158805643,12.0
100,4466.71408489168,1637.9121847645276,628.171624344948,335.08907946188134,793.9680265901953,21615.30255245757,623.9422735194391,836.9313539723579,31608.324556968786,1777.69463632989,11.0
101,2910.934676692347,3212.903429742506,394.07819901136025,711.6205282429216,945.9749708082303,19783.50964933048,492.9536934594606,816.6351455597664,24977.95144697234,1705.13032048635,13.0
102,2588.3159255003497,3471.0873412039755,311.45205629463464,775.6940116500534,759.298836516259,20290.624568774103,595.9733691493436,800.6668474014155,30222.36949726382,1686.224706799503,12.0
103,443.4783493424095,10489.662106319787,45.993948096406555,2426.964467534341,811.5039293511454,26546.635748076646,625.8655080469813,840.7923145685537,31738.04469739894,1771.0020867119058,12.0
104,1495.6359048335767,6352.39748219395,160.10545177451561,1482.5021375888205,788.6851153021071,27510.356125504582,609.4141585182396,818.6823632723757,30903.736336580903,1724.5047482400396,12.0
105,11060.168099230827,686.6848111758113,1726.6177529488132,124.84565573433453,768.13216327017,22029.14784308596,603.9266949505987,811.3123795069829,30625.474001446244,1708.965409383836,12.0
106,4889.282677941798,2053.062561551518,634.2284832021181,457.5894542069394,795.1381973485038,24973.135933284662,615.6908360153141,823.3909640113766,31201.631574325347,1764.716995162139,11.5
107,11719.077190265049,495.1005844034588,1839.7896914451355,85.82730840979055,782.8641889037381,24468.56393426945,605.5715998790108,809.8793271081566,30688.93118878668,1735.584590743135,11.5
108,11465.693961966714,1282.4447781570884,1850.6162406958179,248.8030780615804,866.4205021189564,28155.801315764747,725.415954799609,1070.2571271431957,36746.259610629844,2000.3411485450872,10.0
109,5233.34813515991,2826.140396035256,755.6419802572464,610.5651161806878,870.5585211264655,26371.573100933274,726.382057540391,1071.5724070174313,36795.196273776324,2002.9964056568572,10.0
110,3917.8149918847794,4256.0849948870655,531.732488466562,942.0527389592638,853.4503185863972,25786.531414320343,707.4275818151758,1045.332596528873,35835.07557336874,1950.8668576979414,10.0
111,1750.4000547236926,6498.789117669617,208.41485031943043,1470.532342548444,870.3427339679231,24665.452682522777,721.5347520507491,1063.596768843353,36549.641262184974,1989.5641877258117,10.0
112,1114.1008671007296,6404.549790468063,106.81115679197671,1438.9801534275482,843.2313244728504,31675.084266044203,705.3707030751589,1040.6488384317777,35730.85817241131,1945.0634615848944,10.0
113,5563.005538039485,1281.6974649994065,826.2408944573774,230.1329367846109,862.3716841765361,24379.99922580183,722.6634820862294,1066.6547140423897,36606.8389512237,1992.7877505375538,10.0
114,7166.468871951655,954.884229847733,1135.469897497963,180.823246599917,761.0549643253672,23228.799020717925,636.7921300452238,939.4603874846005,32256.980682908375,1755.9566466954634,10.0
115,2635.552489954073,3808.409062308013,300.5712696971015,879.8376595010164,755.565757414435,19626.853329619156,598.909861432396,806.3990569967212,30381.072550425735,1683.7574159929143,12.25
116,207.27489751151052,11391.426084956924,31.34473126919128,2692.1902268127537,993.2133754576499,20350.881776863436,518.9998233509384,859.0125522107747,26297.85067245587,1793.6141450891766,13.0
117,773.2461639637861,7732.686337217675,92.87254606091348,1834.0537046060288,1041.696624069703,26964.46069192366,509.836798903547,844.682028222511,25833.403559493374,1763.6920787983663,13.0
118,1657.3333195905718,6521.237664973991,191.84931180508642,1528.8857229109071,822.9893655136608,28504.75003492788,635.1555059974469,853.2803426154694,32209.189105747282,1797.2429625769205,12.0
119,1538.871690137804,5344.38166940423,193.4868922703635,1268.7174025215281,1008.078379443408,21599.736337058956,524.284405343015,866.9967012899502,26565.76265740258,1810.2850105940574,13.0
120,405.92295759676375,7301.957929038644,64.60772127361311,1710.8421426503874,996.3979793894457,15855.749949343377,418.7185888822477,921.3238787465813,21218.686360383912,1644.7573737729326,13.75
121,3121.9922417370867,2881.266266850469,450.53298167682544,642.6499935295835,734.3697054126948,24086.754150476463,614.9117431622122,902.5596332515149,31104.553503130577,1691.8050518236264,10.0
122,12975.318647077193,562.6022555411884,1840.5346801450935,107.55072175725093,874.8925694018842,9821.284990507991,64.33876214467563,3435.4854987886642,3225.5578986475693,892.6435087152342,5.0
123,849.0866334750328,6087.84775270307,86.25742994079928,1375.3679780258649,751.8620245913535,24106.810673399556,586.5492669374789,783.8796621580211,29712.873521973783,1672.0640135035671,11.75
124,5580.008752572434,1682.8671971115245,858.4688228085945,339.03562126452556,736.4977464573523,21058.879589320142,608.750077896183,894.2916339861195,30792.9884200792,1674.9497793394532,10.0
125,3611.1189697945388,2994.7012564790184,475.02230600887185,707.3788771619654,780.0534352555959,21586.014457797384,588.3179250264959,786.2836478113331,29779.88664536714,1672.2721493221072,11.0
126,878.8711693506145,6778.502350258748,77.16792857542255,1527.2848495071592,726.6963799145574,22961.02133373742,583.7940339305542,783.7779913457769,29540.21723336765,1637.70092545592,10.75
127,1734.6774226908547,3721.4783144470216,168.30168340773884,824.2535799573185,765.5461072018378,23069.980011014024,598.522730262697,799.8822339612235,30296.561441988015,1701.5247233627272,11.0
128,2841.5613328262343,2240.318163783142,404.9149177645769,471.84525656467537,739.0817686251776,22583.251699596593,617.2844454886799,906.2825791704564,31224.60939581044,1698.3631945164457,10.0
129,2287.0789892230578,4384.313124016791,283.8538666115751,1001.6090261929553,749.9355334016902,22830.70235488658,629.3009233883091,923.7172832746367,31832.41801990294,1731.3986540082074,10.0
130,784.1858368236146,7609.576082877756,56.80209539012147,1744.1496847611506,757.4597061959876,22394.744122644002,597.1628256428156,798.0125951333486,30227.882045604383,1697.9789568123488,11.0
131,0.0,27773.05582877961,1.5037304414414545,6499.84025682207,767.383784736033,21588.986603872057,592.5929296544555,793.7063071785445,30024.73470704064,1680.8050399154263,12.0
132,2512.4737126458117,1952.8759155629486,328.5312999655807,456.341607819748,755.0244493223821,2765.281855575812,15.661675550383723,1349.884984337237,768.514052303447,889.7519801612452,2.5
133,7065.9364628769135,796.0018302447053,1174.8193831955127,160.26787325785304,727.8244198766512,24592.880424782023,609.4219793499506,894.982167421316,30826.931846655585,1676.761306724273,10.0
134,7860.8630377203,695.7327628594041,1223.3523170913777,120.1306869496989,711.0097769764135,23125.541729758697,593.593536064551,939.2598061536571,30036.28878734526,1641.6773704386358,9.75
135,1476.0749151345813,5752.976010038213,159.22864695122757,1335.8591701219398,736.843025281501,21521.41921837748,617.466624862656,835.8603600768627,31223.33363171748,1690.0009820739976,10.25
136,1461.713640507701,4375.821395695638,137.58165015138394,1001.2720766756444,752.9064809278537,20178.66614248737,592.2545636707198,791.4904815352229,29979.318386688185,1683.795890610836,11.0
137,2688.7874144122907,2327.167652476263,359.7049898873814,507.13033108258514,913.9758078378393,17997.807437745934,471.4615878684585,778.9663396477594,23897.19366681504,1637.4416031412893,13.0
138,4580.631399497583,2631.693793282846,658.5270082961356,585.9790362959551,771.8910051117489,26851.237591144363,592.2975782451308,793.2968636360229,30009.72502977477,1680.0345306067254,12.0
139,5296.819099754972,2118.281808910874,843.8208650626444,476.82008035217,767.0499344956854,25004.117928083684,567.1657955904644,756.2422230377982,28725.311605418694,1625.2136238020425,11.5
140,811.9108063049382,8283.09497181032,92.47060857978619,1979.7684386225162,908.0447602548819,17103.621384987913,466.430032784682,771.1869123398448,23642.17576362358,1621.088704082322,13.0
141,12363.405151712828,459.80069146757,1917.2674508644434,74.12540712189674,734.4230710878998,22422.6948550816,615.3250971205896,903.7762326315136,31125.553017389288,1693.018781951124,10.0
142,12460.438283391639,1066.2209121199874,1697.613363196237,224.28799098977962,802.582466908601,4045.475868584442,19.924488881852447,1625.7287091054209,977.8363128061739,868.4948385049936,3.0
143,5060.632693947368,1336.2174271683712,701.4757230716733,276.58257544697005,781.4536304759961,19544.56483859969,536.5010045246632,768.3208075421919,27189.700620989992,1615.0639517974396,12.5
144,4747.70082975535,1705.4673184298672,661.378633659227,339.13508868455403,744.5351401462261,22236.328345822163,623.1795124031457,915.1387509854185,31522.83429492871,1714.6077883734195,10.0
145,4793.727804521892,2092.2197952249617,640.1314435875987,448.09113883967404,772.6635967471586,23282.724345439285,594.7459586196264,796.5724119761975,30133.7641471057,1686.9972500087113,12.0
146,108.43982683598546,16462.588475533375,8.543834915094546,3749.875633324486,752.0103056235479,22496.622186928536,579.9183517687843,776.7144001638894,29382.503842294067,1644.9322892165262,12.0
147,131.72808449249965,20139.892214313633,3.775113045633455,4544.936639306138,746.4006143206822,21906.405179943013,599.0439656937951,804.1450472926921,30312.192306367033,1681.1365656980527,10.75
148,124.81921502774473,23346.315249631494,2.0617939995752725,5389.242347508668,732.9464593198838,17562.73917014718,574.3483094192529,767.5706977713136,29072.89147322104,1632.82549644915,11.0
149,4060.3936450244246,1473.479464382955,677.3254790098504,317.7865909972007,730.5141080184308,21977.969240466427,612.0281565054406,896.9040218020857,30958.479616182904,1683.6930091435286,10.0
150,3357.6121578273132,2842.586418681718,443.32445087071926,655.8798383601916,752.7642047447753,20342.453680572427,588.4807823456564,786.4322436138439,29788.338518923607,1673.1585909597015,11.0
151,16578.324872011694,1579.6356083592948,2312.315917270004,77.07427229969966,818.033815354783,11887.029333342809,61.76018792463654,3643.8510875535567,3115.7057458274417,783.6018652471158,5.25
152,0.0,37393.87186134736,0.0,8108.074637061426,693.2261257632412,25947.642387764507,534.003168890818,819.7818802011701,27009.462798752626,1493.589074530584,12.25
153,53.812067940154904,35291.09660675355,0.19002441878836362,7886.907714825698,705.6284636447524,27541.619210196284,544.5767033397508,833.1635532833087,27560.485598659074,1549.0947278392598,11.75
154,260.7580546839767,11423.6189527375,8.403205222902546,2722.886918639482,715.3562223596781,21071.155534813006,546.8631464929344,837.6407494134461,27690.10912881515,1562.426098203505,11.0
155,971.3640539835717,4540.72801489532,71.16152982130473,1053.23649128388,705.0076397281197,22791.43993950121,529.5655369681601,807.4295665868883,26816.53784413663,1531.575895314708,11.25
156,2054.911861374323,2613.330480425205,218.01340792596488,615.2280752237896,704.0965491534295,22758.686756344083,540.8470867114088,828.5027976324228,27385.442019332964,1544.8531978238102,11.0
157,1003.8575516295462,4324.767393695255,118.48245271986183,1007.8029312033292,726.3775417969981,19496.06533089013,463.338043965256,812.7822358197437,23458.654548001246,1480.836179368846,12.75
158,556.1251540983287,7816.907445341434,31.293786904113464,1826.4858513770346,693.0579899880034,21345.85557795567,530.1083946986947,812.0098136760424,26841.72160021317,1514.39350383234,11.0
159,1403.6496551316502,6632.701127044512,174.20919585625884,1536.188200549951,667.0224170086807,21775.70045006926,545.7017529838374,918.8962005736735,27626.716687307504,1506.8212922451173,10.0
160,1029.117627401306,5549.881843444858,106.71624143498761,1285.3328200244944,669.1941384880342,23180.420505875427,539.9539017251096,834.3603705595679,27335.77603336303,1506.1928169884816,10.5
161,13.315268651898183,17254.898873210444,6.231871153169456,3930.458492254969,709.3807195227847,19170.744724472963,495.4225460110823,813.605723394029,25070.30646220663,1482.3365199761092,12.5
162,0.0,41237.98226981037,0.0,8956.8064033242,718.8524973310551,16594.81762594361,455.7897912417429,802.0768973540328,23077.07311796636,1461.3317514744233,12.75
163,144.56722672097092,19004.14280077456,3.551093432658182,4394.197396218345,705.9995052086557,23725.84392926013,541.090452592301,828.8584154508151,27397.77525302344,1545.634215618463,11.0
164,2366.8482765468184,3373.7555167078663,271.1000513519888,738.0148425307013,1094.1322256287076,21859.984863346304,278.48256539729044,1383.3395120792766,14097.783058340925,1521.0321550868903,7.75
165,984.9873132836589,6432.865172210821,93.835162115112,1609.6023236088613,1415.176350418744,25579.90320031763,13.670353782062728,1689.6419259952277,670.1830983964206,3620.7476484990566,22.0
166,3730.39948633235,2108.218650317119,572.9546154165446,493.17409321379535,780.517939390411,3809.8756135324493,27.02718422229554,2237.0794435700027,1357.5058763645663,718.2197605685986,3.75
167,298.98986362677744,10880.05749262757,16.64825046829164,2522.2223914802375,727.784710390564,24266.420737228585,562.0509716514107,861.3680027025855,28436.474852056897,1585.4278180195568,12.0
168,542.5451878233171,7365.882840856368,25.10259376108219,1688.5608594496032,703.363957561322,23242.757135102056,540.8486968826434,828.4280396822433,27385.571002523444,1545.2437067211358,11.0
169,2151.19215930836,2717.8931117805905,225.85961496718966,577.2981552276572,695.5970726398668,19666.357960763118,523.2193920835341,797.7535875890343,26495.176987768853,1513.2219771403597,11.25
170,2160.7391914353866,2550.9384516228565,240.69953418002888,565.6514598106651,682.6360900857914,20627.31114391211,513.9655079736168,784.9895301876096,26018.915455236835,1474.2190535613265,11.5
171,468.00457444079575,6738.167100782183,60.399096862792746,1584.6275750224977,730.3372555267349,18025.308932409058,464.89507954914944,818.5466488397418,23538.18548155607,1491.3385636196888,12.75
172,239.97643412362035,13522.643985353772,11.995557780129454,3086.7872641581876,701.4029869154465,23518.55117458643,558.6792730860822,863.3549540061268,28283.732652805626,1558.130500332912,10.5
173,80.32018380391636,40675.60965132163,1.1796622940072727,8708.451267636168,707.0592642251605,23324.374874790075,559.0348909044748,860.1175897266595,28304.06318328928,1578.0464540965665,10.75
174,96.0885301719571,27014.80745344898,2.0155954023469094,6340.765605194935,693.3524212994799,23422.622232964957,542.6773913562661,831.258720712734,27478.147712913007,1550.3203223863811,11.0
175,410.68916130369246,9487.09143259668,15.462195915548365,2244.8297425170877,690.2942097563295,22870.112676001085,538.6043482060223,828.708439501532,27269.644944822852,1520.2511372922374,10.75
176,376.5372599253462,9273.024566473367,22.978620517438546,2204.8471326474582,693.8045283264441,22927.795680335155,549.1974347342328,848.7242480948346,27803.690946689807,1531.5758953147074,10.5
177,630.9230074687716,6266.17956803443,50.698844230912734,1451.5258328685943,696.4752333968258,23583.018060356495,550.4209348480944,850.5163686789849,27865.692539234133,1535.4809842879727,10.5
178,583.766636806464,6771.103504476636,36.25456709286983,1555.1517077619405,697.7472928852899,20783.36111914135,534.0940285533438,817.9708976111284,27043.620293357388,1526.499279649462,11.0
179,4461.125507413126,1507.4899612498689,704.111851833438,337.8731986986246,868.2554677858135,11123.37204174505,65.017794356768,3836.0498670493134,3280.0469406862026,824.9337743982685,5.25
180,823.7084946214671,2929.403461819133,125.33078943143488,676.634727656743,763.9331272474539,4134.9298516225135,56.28146528655527,3477.5348905567325,2840.243413723956,782.4233893950707,5.0
181,171.85093664470037,17210.1159675873,1.6313819113512729,4239.04139290119,1781.91669901194,24870.232419948134,14.819325970206819,2634.299946225234,726.731295206596,3935.6796843479087,21.25
182,89.08600443147927,15817.07571861412,3.3569043604509092,3685.655127966427,694.9033188622005,18183.439018848992,521.7877198314803,805.1649757576032,26433.873701065208,1467.7063346464936,12.0
183,2.185280816066182,19655.230575835678,1.8190818724174547,4605.6978673115655,724.6938595868978,18748.626834089933,460.6856318928858,814.017467181172,23348.95578517768,1467.6727752881297,12.75
184,80.59417925791854,15026.39079485168,5.161942634130182,3479.6604255454076,694.1433180394522,19638.701429612538,519.7954779653109,802.0768973540329,26333.032405457525,1462.2361592331617,12.0
185,88.29859437809019,15115.743918216402,0.3092497294552727,3662.806580229026,1524.885815433068,24188.352044966163,14.501892212521366,1783.6262408141795,708.0994106296375,3822.615155168834,22.0
186,214.4058495411389,10559.33569264168,6.029740183744728,2499.2369912944423,843.4908889184977,9186.263818796408,13.363271125171366,1375.5260411509728,652.5027402732777,1998.207586913342,0.25
187,224.9064904486902,9108.518625673541,13.754010046960003,2173.6912635681942,797.4524855681511,3507.76700560934,17.50141119818682,1658.9191687649802,864.1877151981969,755.2265802918092,3.0
188,32.30347322718618,21053.779595905617,0.0,5120.251838391964,1861.7329597521707,25778.931176068392,15.325379786806817,2724.145200873322,751.5516610592431,4069.601863225337,21.0
189,0.0,31728.42262887106,0.0,7577.353093999201,1811.0202656273268,21059.27040088124,15.435791528610455,2743.060112391058,756.9903110147181,4095.8940950781516,21.0
190,214.79693955289602,8510.572893614173,8.86170450860291,2048.8464795055047,785.3223029449451,3510.569623655455,17.3599461540009,1645.7631496801525,857.1853347363267,749.796065938362,3.0
191,111.17096780714398,19183.84139724657,0.9819865352167274,4835.8127895488315,1376.3396013537438,22853.423941227462,14.139603684728176,1455.4365392813545,690.4095609707958,3594.4360945914277,22.25
192,757.9634355548714,5548.315546349726,90.67980760965531,1351.4444654443587,797.6093864643983,3594.3532736785237,23.255703141852997,2018.3804658946021,1157.9493891457628,722.1184088569253,3.5
193,98.51555459113017,20914.533827729967,0.9938993810429092,5167.770824458934,1578.4819993622766,23218.463101538327,14.18100808790454,2037.2990578037306,692.4312580746633,3875.1618222233756,21.75
194,289.9982800429476,12487.544462856831,13.175026369326547,3141.972989759748,1489.723937174432,25664.006814367458,13.946383136571812,1706.8661577165951,680.9749744860802,3672.2395686490554,22.0
195,425.5289836641266,11459.607272568775,22.008353123237818,2717.763039000553,708.1955366416871,23506.20185129016,542.5858416203539,832.9576813897374,27514.20131126529,1567.6552564067674,11.25
196,376.5910130101716,9923.865949015919,16.730865569834187,2273.6111780331426,710.820721081676,23595.52103999344,543.1698737296026,837.2851315950537,27529.845734981023,1549.4447282181568,11.0
197,1167.9105137307572,4483.902481223164,148.72606899557454,1082.058798514883,773.2230162389635,3256.4903534413893,18.121327123521816,1680.7530907066487,897.291818832067,683.6509095863361,3.25
198,1349.0712909624158,4435.784172473497,167.45190040547115,1072.9194181608846,792.2370804064109,3905.4735499529684,18.682586811023636,1732.8099267224427,925.0830353584727,704.8251697969308,3.25
199,116.72932733531127,17921.82695597658,1.497919297136,4493.013483822471,1385.5458098672543,22815.834723779342,14.26726726118863,1468.577376751684,696.6431270410543,3626.8895195547952,22.25
200,10.967275795279274,27541.475142243715,0.0,6738.78685932236,1692.0476428852946,25159.72004568524,14.325923499021812,2336.960205450193,699.5071979382001,4045.203701219583,21.5
201,124.76391230443782,18198.34928922759,1.8249898691280004,4485.869940980182,1556.4562128061202,24627.276902696318,14.453587075482266,1781.7308392465509,705.7407640084587,3811.774804450427,22.0
202,5.235259904784002,25180.003530113114,0.193898514992,5810.417718711553,702.5516564398245,20744.2581107082,538.853694722929,831.5165781347379,27298.332264014254,1515.543674568996,12.0
203,161.56201509467783,16280.12513030565,4.300440490846546,4044.4816665396334,1478.5213100347828,26224.783450498893,14.256916160394539,1756.7317807065106,696.1377027650875,3759.554578427245,22.0
204,0.0,31347.16197400184,0.0,7478.838895341742,1801.6660666388361,26272.726299010177,36.709143856164005,3687.8570673961704,1843.4826736512491,3633.5612216925833,19.25
205,0.0,30604.72736881721,0.0,7345.038072527889,1811.7559564963992,23936.178987469444,37.085923925068904,3725.7089727800017,1862.4040500670244,3670.8558383375216,19.25
206,391.66027871826617,12314.242677183871,16.180743908917822,3049.0062063086816,1493.322488285585,24179.22329416362,14.412182672305901,1775.510977791612,703.719066904591,3800.333436132228,22.0
207,643.5605998422487,9074.53437580841,52.310371399220365,2281.1142370031307,1387.8678462793105,24290.279794534505,14.425984140031362,1484.9146341472288,704.3929659392138,3667.237020860603,22.25
208,2421.1306597660937,3390.8691429826204,319.3615079563837,825.4012809576453,803.2238235351132,4531.996697937067,17.679680156307274,1676.332020545262,872.9555213000642,764.2909968842675,3.0
209,224.22823305583856,13418.1063419189,10.23168177861382,3178.984361545999,701.7659897297269,22242.418243456013,536.5960046275067,828.0167559440246,27184.056547083303,1509.3473966746978,12.0
210,355.870893727048,10313.442835648271,25.960028103352,2567.4922709961834,1293.5289548053183,20098.866056098792,14.34662570061,1476.7460054494563,700.5180464901341,3529.8180585366713,22.5
211,412.28267392465307,11551.951198202707,20.714501843628366,2875.949844630218,1510.6619743690107,23300.838311780015,14.536395881835,1790.5343354596937,709.7841582161942,3832.956522296214,22.0
212,12.768343120349817,15829.285610766716,3.072545699104,3784.861821320285,809.5812154052804,14739.184527516496,375.97245301850785,1159.2112670251438,19067.690980949577,1529.660977987452,14.0
213,332.3784712006021,9872.967007716086,24.19469931576,2238.4000987527215,732.6818585491756,21650.146887999566,551.1351608028868,850.456792343303,27920.58327662288,1550.1972714057133,12.0
214,0.0,37283.19164467679,0.09878945319272726,8361.256799766787,794.4734024399598,14880.420697362624,369.66242197443006,1136.6256251413615,18747.73809220771,1502.9355253266665,13.75
215,90.11632031683637,15987.362101506978,0.4134629173330909,3930.994279759929,1600.6198441511206,24314.978441127045,14.764120099305002,1819.2892334167545,720.9034922874661,3893.3325198603925,22.0
216,132.46522814764657,16953.52033871692,0.5077003074865455,4208.939568546528,1535.5462628090188,22215.52976398436,14.408732305374546,1771.7993030713135,703.5505921459355,3797.88614534729,22.0
217,130.0324894365731,17604.740801572996,1.4155947528087272,4454.57334535632,1514.8886133271776,25133.151760264813,14.408732305374548,1775.1558200221439,703.5505921459356,3799.456316538623,22.0
218,418.64142172849165,10325.597812487182,27.620562588635643,2604.176765915253,1504.134606527909,24098.102637338183,14.526044781040909,1789.7485718971914,709.2787339402272,3830.4560111146784,22.0
219,243.7580362803949,14342.554122352381,5.825284756597819,3644.217794972332,1477.312301462034,23173.233851606317,14.312122031296363,1763.2534342557121,698.8332989035779,3773.9810347227512,22.0
220,43.262807125248,23390.056701342706,0.200290773728,5894.457325428177,1475.7424208279149,23011.770020637305,14.270717628120002,1758.1524117843842,696.8116017997102,3763.0630568016636,22.0
221,0.0,42349.230252466725,0.0,9779.132523567809,841.4425574032268,15977.348470811874,362.4339032532232,1324.289012318071,18376.813114387067,1544.137264845377,14.0
222,90.03767616390253,20271.58068617244,0.20416486993163635,5003.498879069813,1553.4899141954018,25436.05165233752,14.422533773099998,1776.0170316082126,704.2244911805582,3802.703099714486,22.0
223,193.340257729056,14912.053334512502,3.9236846350429095,3769.125145688708,1579.8386110003842,25294.519671033137,14.702013494540456,1809.2601668695906,717.8709466316644,3875.8433483849003,22.0
224,441.31883126609745,10574.441859116108,27.78869836387346,2639.5647945397754,1472.414572188991,21915.458942770918,14.20171028949273,1751.8883856327243,693.4421066265973,3745.913207727406,22.0
225,404.75327110048073,12089.213474737933,25.846613936990543,2935.7843888237358,1503.493056196587,24703.102626428896,14.619204688187727,1800.1769609105447,713.827552423929,3854.530782939835,22.0
226,168.25015792823052,15939.52824827105,4.831094818339637,3861.0121216754205,1637.9226448242919,24158.360765525358,13.92223056805227,2271.631418020678,679.7956511754905,3931.4586628292377,21.5
227,24.621334160185455,23861.559003540955,0.0,5729.412788403643,1811.4687891153046,25652.2399130092,27.327826194248363,3329.869536995163,1365.8699532158123,3691.54297937671,19.75
228,0.0,34781.12917816863,0.0,7879.645140377555,771.7182204210661,18386.66816137539,381.0792261013881,981.8437747716233,19330.663299531854,1485.4897437286534,13.5
229,0.0,48323.318172574574,0.0,10807.092183613848,844.6263865157831,18659.30557516649,365.4117999394521,1123.0682133701853,18532.174299524413,1485.4897437286536,13.75
230,588.6707583382422,9268.800833087349,46.19501368937528,2364.528274035271,1586.4823954324056,22600.292831846138,14.622655055119091,1788.7843093521062,713.9960271825847,3849.9123033637707,22.0
231,219.2758790263251,10556.471960727957,11.420254493889457,2434.666461344385,708.1913719882681,20050.395071422532,531.6396675428339,820.3994958818843,26932.77627505672,1495.10907617608,12.0
232,53.11114708451201,16310.664049564484,6.672259039117818,3909.778179310336,756.1490025978924,16321.703601467061,399.7967766306496,826.3697807954537,20284.328738713928,1489.9439858387843,13.25
233,329.5476691046051,9605.77359497584,14.81803056928873,2155.95400465706,702.3397433774857,21263.767208218218,530.7138190829179,818.9583926268846,26885.949783686163,1492.6246667068906,12.0
234,301.48061692850035,12393.224941863862,13.664712129466183,3010.6413221612843,1609.3276501880357,24760.62070322365,13.639300479680456,2234.6766080390007,665.9807209657286,3855.871123373886,21.5
235,46.32169663523418,14414.391100846793,5.072644716636364,3321.425484270412,733.6472833231218,18610.14520717735,427.4691794691102,814.4292109683147,21675.992957141778,1468.4151489731516,13.0
236,0.0,34740.602064077604,0.0,8059.819185306146,877.4658409527427,21344.0715082277,379.4253502189545,1166.7153550519354,19242.87167906821,1542.6525174753335,13.75
237,0.0,22103.09211199724,0.2867799714741818,5156.230666687544,803.5583517422992,20184.749369411824,384.09898723971764,981.1118369332501,19484.019397752803,1494.3982279489153,13.5
238,60.18795861969455,24785.36552420032,1.143245789693091,5991.459561189761,1654.0175775023013,24187.60492551329,46.24388783429427,3755.745106990908,2330.1223530114717,3263.812855315185,18.75
239,190.98964985749964,8734.98301548677,18.062973549454547,1982.2563832044914,753.1922923752772,18081.81766186416,437.63534059567996,834.1929127511655,22191.56639663816,1504.049085854199,13.0
240,0.0,35220.92200294012,0.0,8160.312369156826,755.9198498074476,16304.088328160136,373.5404043808207,954.883067618872,18948.40356367791,1453.5676752727154,13.5
241,460.5978836138734,10082.389801015299,24.749469892120725,2460.6476032720466,1425.7367492602375,23275.662824477553,13.801467725454543,1705.9350186940505,673.8990346225435,3641.9429256815565,22.0
242,311.3033878528203,11593.088288741015,16.620453828030545,2635.3879377178237,729.2066005497036,20912.94194949333,549.5167086876152,847.9863296204469,27838.424882596555,1545.3850628063662,12.0
243,5.288238170368728,29742.76236788965,1.197192579328727,7147.6809581500975,764.4186483541745,21813.597670272124,448.15964980972535,848.3980734075897,22704.515934988918,1545.7259106329823,13.25
244,312.91578669277385,14563.88753387246,20.120893452826184,3397.0491012466605,697.0362993795177,21048.912399353274,543.2174887932556,832.0822082870194,27505.497573029414,1551.8823579756884,11.0
245,850.5545285265904,6475.50783338627,73.24559987405091,1492.0027774138073,732.3831657318751,22051.265615213848,560.1606306219478,858.0312678554948,28363.405959395946,1600.3054612441797,11.0
246,781.1397318311004,7628.955280612395,51.134098939391286,1729.4464242918964,730.2975460406476,22274.514706773873,557.3251190777531,853.7079580904962,28219.81919378482,1592.1047744003224,11.0
247,212.45989101805236,14221.532490128253,9.955361866889458,3262.7557839529236,713.2829029238972,19186.952248071888,540.6906700771868,828.6343716247387,27355.75791940144,1525.156905314902,12.0
248,683.7365271124394,7215.213622057455,60.706215839336004,1637.4645329481982,708.6708882458732,19701.647163614794,536.2585587416194,820.3994958818841,27139.728194010357,1525.7777534446363,11.75
249,259.198634109608,10416.216796786433,11.19691284774982,2570.0992471840163,1244.4935506318407,20992.06300366982,14.553647716491819,1498.055471617558,713.486196122186,3468.141890073452,22.75
250,44.45990285217164,28664.281878333237,1.0017444258552728,6726.612512002434,719.3664930448723,22635.22135634126,555.6148872021072,851.4861518111601,28110.950770843185,1567.439154477908,12.0
251,218.16188266296948,10725.088995566663,4.835743733784001,2667.8946072908902,1228.1364384932526,19198.169851014674,13.887726898738638,1429.5100221101636,680.8397201023706,3305.5366292973376,22.75
252,208.95460877300218,17754.009340889483,6.227609647345455,4219.109167933479,727.2353635488884,21627.55641560208,558.7837041918716,855.9164229510309,28293.68961273721,1596.400372270914,11.0
253,5.909933758647273,28967.89809079401,0.4888140884938182,6913.358476878471,748.4803260151995,17037.53581707812,435.65137961014585,823.6934461790261,22070.589824995495,1500.7156924150843,13.0
254,253.0122835868313,12835.652636315845,10.854055333728002,3067.759156392003,715.9677484454222,21430.95059743712,539.7146762845354,824.3110618597402,27322.46991726342,1548.127608148225,11.5
255,112.16941925122619,18032.55298383472,5.112547907533819,4329.561200337634,707.7454635152296,21728.843777067952,535.9599869898252,819.9877520947414,27124.361397713827,1524.5185995391507,11.75
256,464.5689290750058,7760.973147500928,32.99887349573891,1943.6778426514654,1178.9894603491111,19990.401471366753,14.053344511444092,1446.5575950446455,688.9590509259517,3349.5039650303183,22.75
257,318.0715307729781,15492.104325650058,23.337749235515634,3758.0342862245334,721.2308049904674,21993.799983996454,558.4425779145907,852.9272550661595,28270.476197776723,1601.7297000741423,11.5
258,400.6036298043607,14943.123392360854,29.509378192718554,3537.3996648071875,715.9521552082025,24603.44130788554,560.4707035968463,858.5272005957628,28379.093434005736,1601.0864790388323,11.0
259,7.701703252829091,20448.29419466713,3.027121921116364,4955.028705532447,762.3356436778844,19173.011385522408,442.4957574796609,839.3397100904496,22417.95698070316,1529.2221639530858,13.0
260,0.0,23083.479323448697,2.4147241637265453,5547.910509591637,759.9970455045592,17606.022413129904,401.36324321748873,823.8993180725972,20348.4962658064,1501.0907775668998,13.25
261,10.077589602114182,25150.94809914305,3.477969866814546,5935.754706696915,763.7617953428479,18849.5114227227,445.18244319688273,842.6336603875915,22553.65611065679,1535.2235263821392,13.0
262,64.75629286302254,32286.66536395429,0.7717199637643638,7230.649667823631,715.2643094272468,22702.664758650768,538.2349289199044,822.0464710304551,27247.585259924916,1543.924552750697,11.5
263,129.70261014483344,32480.56746248529,1.7927380182327273,7408.611022705518,729.2773028054199,23168.746074350922,559.6338746037596,857.2358432655845,28336.7269474634,1598.7434256548736,11.0
264,269.1827611408095,14288.888688953533,15.68098549864873,3431.0163050884967,725.2773953275704,25528.44994849035,561.9159472921634,861.1621308090143,28429.637387027786,1585.03730912223,12.0
265,68.58748345120364,24968.688531375632,3.9152584758,5920.574932394615,706.1557281380673,22761.26326034397,543.3764356965603,832.751809496166,27491.63399869917,1532.7203033332612,12.0
266,117.6646310112742,19772.477772980994,6.637682730500363,4610.502521423316,727.9091657311058,20268.28873345615,550.0784284240412,840.1631976647351,27846.989976614575,1577.6415384039824,11.5
267,1164.4460063482502,5849.141925281836,105.48979942932142,1388.4084764045197,732.0459256573487,20805.344096934456,561.2008012395229,859.5940540509406,28416.09313507717,1603.4295324227917,11.0
268,1102.2491351421602,6379.710054134398,92.8007784287411,1505.2387239459358,728.7753167898338,23037.71309956976,558.3786311141295,855.2988072703168,28273.1772176499,1595.2288455789346,11.0
269,1175.0700372198871,6230.800546683583,105.96611955755854,1445.1176903381595,729.1173994846147,20592.34650557644,552.1233458920293,844.6923793233051,27942.510419004462,1570.7164461613745,11.75
270,1296.483146865395,5672.92565703488,131.70871401148142,1309.5999649392627,727.4121191881791,19492.069805983607,550.6456687475574,843.8688917490198,27859.547278344213,1553.4376138966368,12.0
271,205.7353316801855,16535.597271276984,11.302772526514184,3780.18888647946,725.3183638949238,25485.897033174766,559.1158595151309,853.9566145340165,28304.5543702617,1603.6513970697536,11.5
272,0.0,31821.173044049152,0.39922561378472726,7455.915771252425,716.1803394745967,22879.15815794835,553.858650434043,848.8098171947322,28022.009149134592,1562.3471150671521,12.0
273,0.0,27647.430801741517,0.0,6222.658746102019,1118.5846491944146,15496.759282263189,398.0686028469605,1115.2029869379105,20141.280956737133,1703.7370986391174,14.25
274,0.0,40396.18484519486,0.0,9231.310138748304,1160.554089302078,15508.813254150133,409.9808796652625,1149.2923821953211,20744.006524479453,1755.0395270585566,14.0
275,251.95475217564365,8760.98866107292,14.841953113346182,2051.081542457788,846.7179142037178,5513.558922767092,19.209572853673908,1476.4909083209973,985.427676956503,872.9004364946677,3.0
276,0.0,31174.16343320921,0.0,7295.9486247123705,1182.8968737800947,17427.63384228916,388.28129200945443,1277.4454507111052,19644.478893494146,1745.937483306721,14.25
277,0.0,32105.80434491639,1.1042142704414546,7601.243192500951,1081.5379262803067,15415.594690765483,440.649121097995,863.5730171961886,22298.855834819595,1721.5274568813427,13.5
278,675.1671231624008,6018.010388964169,49.75191826633891,1446.1335752151572,926.7146109746353,10501.443402366755,15.222098803328,1252.0176265737275,778.8306736413257,2358.9245875815195,0.25
279,6.780830585224726,46355.267712739216,0.0,10311.427530803137,864.6128488303422,26678.67715009961,560.3888148883418,709.6470878498909,28365.614436363026,1677.2584259065036,12.5
280,0.0,49874.89660770308,0.0,11005.193608724765,1013.8397416126477,16285.264046280468,448.43107867499253,709.4720392342398,22694.07677114552,1676.8446966450567,13.25
281,476.23702887352283,6138.418364349643,37.30280067316873,1518.1378178131583,851.5071687830583,4230.237727196337,18.02333670267109,1413.509060478196,923.8723560817352,928.9611751500206,2.75
282,931.7268197904967,4513.797041430929,86.73220043055493,1095.8105809565259,844.5354421073998,5446.233292982166,15.056481190622545,1430.9554958299432,770.3569356544158,1175.1512721746521,1.5
283,2359.349769639869,2778.8727419594993,273.21172434018587,693.3689830607555,823.5392934697669,3705.74077925035,15.045440016442182,1299.3640216548238,769.7920197886219,1055.9306346362894,2.0
284,1218.1700354521772,4133.058421025145,116.51295906233815,1021.4551493725385,915.9980860561355,7870.293641149855,15.354592893492363,1326.4625134603675,785.6096640308537,2102.5146489847943,0.5
285,514.9772160906459,5857.07026316258,35.64430008839201,1431.818692890316,875.924725482933,6227.046499036053,15.579096768493091,1478.0244814097575,797.0962866353317,1213.5838561532064,1.5
286,4.818988267703272,30216.69208191669,0.40174377631709096,7152.186338330114,1182.9560505996049,22922.532030569128,425.2701456115211,1005.3403135252853,21519.169736523403,1737.6628980777787,13.75
287,0.0,35266.02345612362,0.49317244672290916,8133.882994298402,908.6369158596068,19322.532576444122,527.8999298381598,716.473983860287,26719.57943408834,1693.3938671029405,12.75
288,0.0,38956.30561089083,0.0,9108.782354772606,1131.0850017098767,16250.24489214729,399.19135224642633,1118.7078696667897,20198.086272469733,1708.701849776482,14.0
289,1305.5852390434336,3650.964049248939,118.19712553446399,926.9368872443205,922.5655507929456,10433.756174127422,15.10800667013091,1242.6335486182668,772.9932096947877,2341.244059966668,0.25
290,2443.864534255868,2633.557814671226,273.2572449705787,667.0881797917423,915.3226373830314,10240.509403182376,15.166892932426183,1247.4769436920533,776.0060943123556,2350.3694935743333,0.25
291,4011.157562667599,2036.6159577906253,567.4781930230843,495.7050402636311,825.8365356661182,3985.2225709109634,18.868216551931,1450.3776112865887,967.9134207080913,857.87296259937,3.0
292,2221.3210487865854,2707.0798313094065,278.5402531110725,666.6735546455482,829.4909706150082,3837.930087002443,18.96781714401636,1456.0502445462128,973.0722398521572,854.6653320082656,3.0
293,216.07510074288078,14154.358858086565,26.028696458561463,3357.227556926698,1197.4707394361471,22592.785063427953,404.0352073691367,1131.2428227039716,20443.181961529936,1728.9745835873894,14.0
294,254.80201918050616,12319.86796172396,38.64033238747419,2963.116040687985,1109.7080294154257,16084.31030573307,395.3071591795592,1107.0626512489753,20001.562161415022,1691.7389500571508,14.0
295,8913.897785444375,1481.7763256650683,1195.1115117005397,344.60754012940566,847.608568920934,4803.892742886849,19.06764776056382,1465.5047099870733,978.149025009111,866.1489037619832,3.0
296,7336.483777553048,1560.8481788197676,1000.5524633058185,364.3608787049119,833.1138316798389,4171.126500977139,16.337947468931002,1311.631456242594,836.7242956368216,960.2739209124304,2.5
297,196.2605514473571,13344.286213577852,25.130390401343277,3120.41800274474,974.2855099307324,18646.297001761865,492.60842674186216,719.0997130950548,24931.702922329154,1699.5998060246457,13.0
298,963.6300988798473,4822.268852368512,93.36029477295128,1149.3321885338137,972.3791640413283,11037.123449586214,15.177934106606546,1248.3850802683878,776.5710101781497,2638.9831958472028,0.0
299,2395.21624914554,2753.7137800986557,325.4156549462112,659.3904474875219,837.7289456348257,4782.747744209141,19.123543704851908,1469.349568870923,981.0276721932231,866.9282266395471,3.0
300,1295.3398042232966,3993.496623451678,143.08770938080212,949.5754589674847,847.5221765755931,4704.073857586959,15.222098803327999,1252.0176265737275,778.8306736413257,1011.5685527132596,2.25
301,1207.4959318871083,4163.845379293419,127.55326157105596,1000.3950781475457,1026.6396586170558,11959.578818661825,15.258902717262547,1255.044748494844,780.7137265273058,2657.2469444324106,0.0
302,13.514397196765092,22192.329496737868,5.862863489773091,5256.106803865388,1117.024550653209,16458.995541861717,396.72456991496347,1111.348006977729,20073.276984813503,1697.9448889788578,14.0
303,344.38448904048147,7444.178906246288,18.147235141883638,1844.2523597145062,1301.7808765714697,20470.42986027686,15.22945958611491,1252.6230509579507,779.2072842185219,3752.856605074576,22.75
304,108.52137656107202,12478.775349247497,2.0776777940101825,3041.603680135177,1413.6011429023458,22511.466125516185,15.034398842261819,1229.0621053549035,766.4576093992534,3822.71668070247,22.75
305,205.16390249014907,9409.49367304746,10.43420015765891,2295.850330437712,1382.9372840409433,23364.846528772665,15.104326278737455,1234.7786732867867,770.0225285127384,3840.209242012141,22.5
306,204.0848698450313,16420.033465784538,11.381513531853093,3753.0374769410837,812.4959885364916,23170.24537379483,588.0441959166077,691.5478430747299,29784.68919293907,1675.9780855374045,11.5
307,1337.826145616931,3501.0607392694856,136.9773879960218,856.1385539421061,859.4728916921656,4313.71383451359,16.53990894664682,1316.6554205191217,844.4502362040249,960.4427346545041,1.5
308,482.43606706136654,12178.635944424692,34.521974418198546,2855.499556147679,804.2372871019844,22899.957659883992,608.6532375976428,717.7676414350865,30824.52319998028,1724.3666124972785,11.0
309,909.6047619436823,4866.811176617415,84.40251267849818,1243.4992638411725,1662.7798145908714,23638.941837604492,15.019677276688,1467.410232631034,765.707100112204,4097.426300126692,22.0
310,8580.809192409646,931.3645917954569,1192.6466179909758,220.2992215385156,842.673067209907,6336.135140133742,35.44952990175418,2176.3541357003123,1783.1488795225857,833.0809018621109,4.0
311,14093.687702817871,2351.6400276374075,1878.8249879405685,138.272014094872,863.9770127909186,5136.719277526501,36.198029501398004,2222.8342586571744,1820.8360389653578,851.3154978733864,4.0
312,6387.367302133289,1060.3376127727404,915.6758581044,259.66420362087996,833.7462778850828,5375.302489802889,29.979318168770273,1931.7902874095616,1514.3655377003706,816.0483410504186,3.75
313,8800.86812313113,2610.970477870345,1286.6761628831061,244.81508342955698,963.035521964994,12097.728980324538,15.292026239803636,1250.123145103947,779.591521922619,2649.488969932224,0.0
314,40473.366720516635,1875.0099717040252,5236.325571797218,31.078580860001452,819.8093136449056,4663.374249362442,34.72081240585018,2134.234126422384,1746.676467157565,819.1547850913045,4.0
315,5202.321757746252,1628.0790506328633,697.5002223999074,467.8114507450441,1387.1135597484636,23475.71325896231,15.119047844311273,1235.9821612724463,770.7730377997879,3842.7892448051566,22.5
316,16469.19652142792,431.7075859944959,2523.677405161925,70.67872058192657,777.0947879848777,25842.866015257645,628.0523506080796,810.1532862425067,31779.232030122424,1720.9957613904946,10.0
317,9553.215959386427,1922.3272142111944,1551.9015347519019,296.4731538804901,1399.8133313660078,23752.96933392774,15.258902717262547,1247.415297136213,777.9028760267578,3879.1969113373734,22.5
318,36360.817861645955,1928.7145334745294,4628.441717599075,43.24488943030619,830.088840511635,5037.253939824847,35.01110327700891,2152.419170321905,1761.3037711281288,826.4205556688195,4.0
319,38817.098680529656,1909.2601782735385,4964.977481435795,37.46638438536728,831.1910208815692,5518.505368799895,34.94232596284373,2148.0424948817017,1757.8334283882148,824.6158079523555,4.0
320,14466.86970487366,2411.866339809518,2134.3287027959605,179.39883827824508,957.3612301079323,12882.332989513683,15.163212541032728,1239.5926252294253,773.0245656609363,2627.9447093210792,0.0
321,47131.9463259394,1854.4001673103,6092.984223154666,25.975040226141093,811.4827186744303,4993.244279590841,34.789589720015364,2138.6108018625882,1750.1468098974785,820.9595328077683,4.0
322,49973.321895852656,1869.8974237964908,6437.547114325328,28.587052739037823,828.6597832745185,5463.1127180348585,34.77003764073764,2137.302652746677,1749.1557918754872,820.3683457270932,4.0
323,48016.9241362834,1856.902736605444,6265.0359348351185,22.39983054461527,932.595198454541,12833.075781225996,66.08050737162799,3140.8483154187297,3337.8342913802176,925.7349004709362,5.0
324,12624.068581597032,750.3996501268914,1741.199754206896,148.74805449153016,925.3078297906901,9985.418715408498,65.85968388802073,3130.81740867587,3326.66614369678,922.9159143683601,5.0
325,7089.9424937075555,1538.734256574981,1223.4241815759556,390.4876866498305,1310.1054376414393,25358.777004518237,15.225779194721456,1244.7074491684787,776.2142301308963,3739.6081161559864,22.75
326,7442.773480996016,1298.1920107008186,1221.861661724624,308.12711322786384,946.3154070121249,12156.833305809872,14.931347883245092,1220.637689455286,761.2040443899074,2583.717881781759,0.0
327,7223.726948464947,1421.4624589187554,1158.927937420601,308.60043093154314,950.697203523247,10757.916537157798,14.935028274638546,1220.9385614517007,761.3916717116698,2583.747881814236,0.0
328,1094.6053496275754,7483.530038434729,165.1864257979897,1732.2511730909227,1140.3789585023994,23599.702424665327,384.93351598818344,1074.7336331999466,19497.043140665388,1638.8956725120195,14.0
329,32003.939537304814,1994.4383818644103,4076.3212167464385,56.039963814461096,832.7892792703802,7935.224026211029,34.59728926970736,2126.831939232299,1740.475782478835,816.4734262563624,4.0
330,14341.72458150278,453.3663019353555,2158.0582200100685,78.47834161630256,786.8992538046355,25394.64402881869,595.0192276805905,701.6887015104697,30134.04821520985,1685.7455537384176,11.0
331,7210.2744399550365,1355.1263096238904,1079.0798122390975,269.0705092033091,856.1145345456388,6298.021926960974,15.225779194721456,1492.126361082703,776.2142301308965,1230.5835355733695,1.25
332,5156.31948034301,1610.9289110013901,901.6089179365913,394.72342973407626,937.1719588571119,13352.055132399808,14.957110622999274,1222.7437934301902,762.5174356422439,2596.3323022173186,0.0
333,23160.894903623936,523.9785817673896,2946.56599855846,98.35158346931127,838.6398425047064,6641.280070956452,35.110013795708,2158.287094349844,1766.2647934478978,828.4951341858664,4.0
334,31364.48683537211,503.6100367147462,4548.4632290803165,56.781078418216744,1253.4088145204541,23055.565298072634,690.4285440421957,968.4600314693262,34906.8120260926,2096.9839650313806,9.25
335,25420.820255703307,2731.116758057262,3804.4106076162466,209.06821664417382,1936.6112006188307,24538.38394932129,19.986135437692813,1218.1023598341199,1002.1856611997623,5073.1109156882685,22.5
336,34195.53377424927,380.35682822491634,5051.055540722365,61.210429460239276,1208.9319624973912,26745.749062902854,696.2686351102217,976.6518926377696,35202.07641353137,2114.721611352136,9.0
337,30886.385881962597,609.6195461497852,4318.021236271064,125.54580177073673,1756.1758479013024,25285.48845060253,19.186340383002722,1169.3569559745872,962.0807025294023,4859.627294748405,22.5
338,19155.44669338405,783.0785232762098,2764.6089977045503,133.412832079056,2828.2157493715426,29186.96785579575,29.866376157883636,2545.4755401399043,1557.4630419832288,5149.913710696494,20.0
339,10894.560946585121,1404.7370170836057,1803.8235508146254,350.16909578694094,2174.317317514714,32855.484236394856,19.299972467275634,1418.49415062063,967.778674799508,5252.179923100975,22.0
340,17198.01706829094,1326.8552862826605,2576.062934027494,220.55917339377962,1567.2287184147644,23427.382359183473,18.29476556793836,1115.0178172459277,917.3735354870339,4470.023313655725,22.75
341,38779.50600060804,1423.1905963827865,5699.51280446121,82.53345496505382,1246.5723906547073,25024.961364691593,687.1164218125485,963.5908736557856,34739.34099733713,2086.6132758383615,9.0
342,38167.4311491368,2137.5347111092638,4845.709555710652,53.65313314340072,890.0888086130475,5267.343958887453,22.646828390698364,1352.4628684838895,1188.989083765118,1043.0167223510884,3.0
343,6467.222303835554,2058.49317275737,811.2386506136057,428.8556700741888,1463.6225045596427,20472.57414831248,273.88322627778274,5406.041348745482,13876.52349677975,2806.381004184429,16.0
344,30650.47986386774,2502.8168498914006,4327.653304809755,140.46426828410475,1614.6173411444788,24116.086869882292,19.260638284258086,1173.8852175353088,965.806299782933,4717.31917458928,22.75
345,22128.159160925654,2673.881248154358,3353.581548137056,225.49467510480721,1603.6915181785798,23284.290351977193,18.941594355337998,1154.440329656916,949.8081468707128,4643.935705316584,22.75
346,46435.30131027644,2089.2740293241095,5924.597600187666,39.821350615152724,876.6893752211249,4133.888990931551,22.64521821946373,1353.0830144336867,1187.5290821845754,1054.9224979516985,3.0
347,32105.475143591495,442.4921981537736,3992.2802540961457,83.079121415336,880.5633745723562,4301.354390140982,24.06423912610255,1429.816874742593,1277.4100269439393,986.3171694448572,3.25
348,8657.384093708693,1470.6396550132847,1404.1357573528035,339.83784973589377,1680.395620586021,23317.03134383783,18.417138581770725,1122.4761304047631,923.5098133163783,4513.982174803261,22.75
349,15132.59090981995,1203.1666293795452,2249.483791138926,281.7258255669178,2278.84304810376,30335.567404311256,19.535977565380907,1436.6281290895668,979.6129248989587,5316.997281405408,22.0
350,19167.887287965565,1224.4992432724632,2807.9936451554004,293.9877274610472,1777.0903499614446,26273.236263242638,19.457309199345815,1185.871792254866,975.6681748658083,4929.431268620652,22.5
351,41509.979852400305,2233.437865777877,5271.454326533314,53.635506005674195,894.7150605946193,5356.007117824855,23.37025532397427,1396.0552643436617,1226.2220054280135,1082.8493078452316,3.0
352,16881.764425685567,1209.2597110362187,2576.92714803812,289.8125171299833,2209.792997565846,29902.424441460207,19.63649825531463,1443.6369744494768,984.6534388302067,5344.067480202114,22.0
353,27800.189708032693,776.331494180362,3959.57532764986,160.79959296180215,2210.509221101491,31650.685111301296,19.723907550909182,1449.1849344506472,989.0364944225958,5367.195979816429,22.0
354,5084.955141585443,2078.2985210744105,676.6337591326908,398.86977804842303,1453.6836076016182,21848.122961885194,270.6378111421421,5360.433018499946,13712.149759512879,2779.9535179479053,16.0
355,51746.050400898435,2161.334349464658,6599.438524449718,37.58086392818473,901.5051890107328,4905.0321986235995,23.376465984450725,1396.4844899899233,1226.4360734563666,1084.1108346346414,3.0
356,31010.860592985435,2273.2714197960718,4173.177108523934,79.78226554604147,1010.0053548950958,9166.102174694139,19.059596904390638,1296.8231714465678,955.7252719204389,2225.9832572235455,0.75
357,30508.31641698871,499.3198625788393,3984.5116258314015,77.721343218112,911.3452965155652,4827.667381215178,20.409150423478,1234.7069056546147,1041.019432053305,1205.5057118148907,2.5
358,33359.52628326251,394.44129867804645,4340.513754567347,55.514636369248,944.2355984651978,5589.392927380299,19.55345942449982,1467.538586280881,980.4895360174371,1564.3850833750735,1.25
359,57929.84615093367,2008.8926348001764,7469.913365098191,23.588596964701093,901.7222352505435,7649.456126050394,43.903848981443446,2064.7161334892703,2244.879040391276,1029.5624704978845,4.0
360,59385.53741204041,2031.6023930410818,7457.869477967924,24.57804113510982,876.5442903182987,6464.770799970994,24.12496558409455,1433.4250384549507,1280.633589755682,988.8061551901866,3.25
361,22476.889804792183,574.9443512267328,3334.048936192752,132.7116206661978,1053.4983801872477,13049.260361506284,18.928482960998817,1153.6412246756122,949.1506885318553,3252.1230121517274,0.0
362,95964.23696234143,1920.695638595026,12720.909267546922,10.753813094458911,1051.2717433942069,11107.137605284059,146.20722849637525,2895.702505238888,7375.411374174019,1594.3013869477834,6.0
363,66765.19712011136,1999.3945131377202,8907.66174963779,19.385977402996364,1052.3423498800812,10830.853613695435,147.80957889930053,2925.3059634366014,7456.264004074924,1611.5417445945986,6.0
364,48164.985604075264,2061.657050274463,6244.751263965284,39.204110237508374,870.5191990499985,4150.848694521515,21.001693437824184,1261.9395017215572,1087.786092850628,1096.4244072868871,2.75
