,heating,cooling,heating_fans_pumps,cooling_fans_pumps,ceiling_fan,hot_water,pool_heater,hot_tub_heater,pool_pump,well_pump
0,168587.46294229463,5663.985502078118,22867.602334300438,40.29316710655309,3873.5620626223103,9807.528873921221,70.1760565995047,1008.7500992989155,7226.902351418257,1401.7139629635005
1,86026.60533256372,1561.9128288827287,11989.103293723208,274.33090230721416,5746.5551798427405,11761.515541291956,7.749064078918542,565.7702492855092,791.0163042664464,4145.91746642286
2,107062.63783903909,1263.193570875775,14616.385847363788,224.72552172977782,6698.301198060712,12679.586123538431,7.679136642442905,660.1949035642072,783.8781851588411,4400.690090898422
3,118305.14666835275,863.0496510121786,16525.253628118102,106.46641065605564,4027.182422630551,9859.016726270207,78.91834209263052,892.6025159347829,8137.187017245677,1494.5491724222518
4,29147.4309728009,3153.2663676029665,4291.623774280116,559.6076760281824,2871.4385080272864,4599.9189264308025,7.598168031786906,501.1924069788667,775.6129946131932,2125.5239475015464
5,95686.87845385104,1351.546354174514,12743.875490956529,169.2693357870022,2652.7450993651637,2347.2633158775616,7.749064078918542,526.8584880327677,791.0163042664462,1328.8252157760062
6,114978.50916875478,6395.8510401309895,15449.538613710478,204.50535456173344,3025.835236914734,4475.817097167566,7.638652337114907,505.33400952536414,779.7455898860171,2110.2724539932733
7,66458.69945174672,2671.457274585956,9161.177472026297,508.1621966064239,5773.514385783219,11948.9370516935,7.8309527874229055,571.6435244088296,799.3754174319313,4188.365187919964
8,88848.48131720281,1235.9712653768736,12276.675324166228,139.69017543641561,3599.234065887228,10141.792819317929,311.34028861915994,367.8608340676821,32062.970763437454,1826.3876672513722
9,205291.82887561087,2515.9023846384216,28230.83671176525,42.370215359930185,3810.503737699126,10726.283282573844,238.79614228898,439.9705973610294,24594.844615770387,1803.264688224146
10,88919.7952442835,1414.8289892678754,11673.38934419495,190.10940677383093,2629.70725360201,3196.716777836876,7.734342513344723,525.5199877944115,789.5135423490558,1325.3202240881712
11,144559.61015098213,6079.641690550696,20492.103878897742,110.13280687697453,3715.8936594908823,10088.553923911102,235.12078722059016,433.71591746646095,24216.38541671842,1777.098485563456
12,164456.0602615608,5956.6902257289275,21306.273961256244,91.70552300577054,2533.73344510388,1754.733909294295,8.626789000054906,518.3508759171772,909.6545198667953,916.4448419877176
13,115429.27164220547,5841.484870987724,15510.01432082569,189.85342586717562,3084.0935566415997,4461.799261169139,7.786788090701451,515.2969258798507,794.8671316797596,2149.76724251156
14,55991.69698254821,2821.9663479330516,8066.414398257029,566.1447775359959,5585.669291388007,11278.580587491962,7.663494979020725,561.4374116651599,782.2815006216136,4098.021651860785
15,54399.24136031043,3239.2380345225447,7818.096502318752,626.1024211363842,5833.271980740889,11138.78314801691,8.008531672157089,587.8536145964902,817.5024830604544,4290.455734274711
16,72400.6630755768,1596.8688957805446,9623.312645439977,240.8268950927236,2570.9297081314544,2989.401153889024,7.477635213651271,507.12297029979845,763.3091314145581,1285.3583648463334
17,76475.10927818688,1745.5473133928142,10392.019385603353,303.5436700093418,2862.3690551097598,4741.515593035231,7.686497425229817,508.3538675160989,784.6295661175363,2126.3690331621674
18,125434.85617847617,6752.678254505907,17506.445586203467,307.0973300307349,6696.143374901494,12902.41019042526,7.7141003606807255,662.3258501810175,787.4472447126436,4419.388319372869
19,258536.7308748966,5588.188567722961,33389.69488735049,32.357032607201454,2523.214983353792,1743.7479894110356,13.429215506487632,689.2417146702114,1410.236224005362,852.321334313357
20,224940.84975949404,5655.488301596075,29434.071040975927,54.41933252007491,2539.9448319733756,1741.151279578143,7.971582479614908,508.06011417145805,827.6531720153109,1009.2229569536674
21,102013.70123523529,965.8939754226445,13638.829195877299,137.6052821382262,2825.519862675831,3289.7040939978215,7.72054104561927,523.9909788752414,788.1047030515022,1673.8072115165965
22,123283.77670694116,6230.14103023108,16386.803115040657,139.4894004006622,2634.963578904903,2588.9013014367188,7.674536153201088,521.6672959723003,783.4085720596566,1316.3199964271878
23,142975.81240736644,6326.971691957046,18938.32810482874,147.2835977003531,2689.043685876147,3337.284387637212,7.82911259172618,532.1655155697242,799.1875721922571,1334.6111542430363
24,172244.94239811267,5877.355030884784,22090.336504968174,76.366717054308,2558.723544796451,1973.9569553336426,7.869790601864362,518.8602227155504,810.4541461323687,1084.2791883277916
25,151943.30182467704,6125.969731018464,19925.068543496953,104.90524673839528,2886.7454979636714,4215.845048177104,7.77850721006618,514.727336885511,794.0218281012272,2147.4505571948876
26,167017.10652073612,5966.429703584869,21754.990621354216,75.82613535529308,2794.4155675022766,3569.8920002243012,7.7591851552505435,527.6181014458958,792.0494530846522,1848.1846884267015
27,208197.71918848876,5750.846128797825,28508.907811826066,50.535454223524354,3794.538926227364,8410.19820868112,143.94925995028836,544.3130347734414,14853.655595748512,1738.2943515458726
28,35004.65634509024,2536.3943680813663,5020.222868118891,537.9870230825236,3018.3083522530924,5053.33626958364,7.562284215700726,500.1085317134945,771.9500124395537,2093.807956750541
29,93451.9480925107,3201.0467583112627,12376.584439588,177.4339935361658,2685.5917208801,3145.0589010907524,7.738943002586544,525.6446368397635,789.9831554482403,1496.0841135512337
30,77727.08981028944,5504.722230392079,10353.442685246018,279.1388978269396,2642.3813593322084,2845.86346823417,7.659814587627272,520.2509264002507,781.9058101422661,1307.424877838828
31,80242.06851354052,1390.9987939786752,10218.138180416936,234.29589528643095,2585.7960680508786,2360.184104683524,12.127519182065816,642.5842307465273,1269.5715923082253,904.2988239962799
32,69420.54483730612,1600.729529499873,8901.019950680084,281.9482955414116,2657.031689962078,2890.3174146634283,12.505921528755998,662.184203538572,1308.9396252413499,931.6852943218106
33,51370.00936427057,2797.229759410804,6845.076611191535,397.4229968211752,2636.4953965438153,2393.8356181109684,8.702140171215634,536.9142858437366,914.558108710345,1020.6237683272348
34,30564.33657448633,2604.752020775288,4189.382501369942,518.8776561484669,2597.130559740059,1827.161445328745,12.142289173842178,642.8064101638058,1271.0677440489683,902.4318486095449
35,28617.845847433804,2951.6099265369826,4001.9472379268727,601.605397038133,2631.477182878842,2112.1893567948327,8.55322959838836,527.727835220864,899.2077531095756,1000.4747876769326
36,47832.92984508841,4742.885715583835,6395.983243663981,391.18342590180106,2595.2929306320675,2012.1559313111181,8.554052843831633,526.7779068317323,899.5997874322823,995.8738868123927
37,46267.62272681685,4937.502245880973,6207.992289546704,331.5779376463233,2664.901577416352,3037.6047896075797,19.068253088095634,850.0709928941741,1972.8776079182078,872.6102182628132
38,38366.06003244585,2103.402955031188,5267.075338741936,424.81091993278255,2680.2675504674394,2156.107564145331,15.782486819183996,773.5478107794418,1642.4353131477776,876.2789389414543
39,36857.758932303346,2326.6772887492857,5066.827373776989,480.15901859147664,2685.206296734037,2160.9033078358125,14.120112138203632,717.2608733319989,1473.4413529615497,904.1040780227431
40,48012.03265399049,4176.030235099284,6377.2502936023075,447.11075036914144,2674.9579079155424,1977.354731409042,12.684275232730904,671.4535598202025,1327.9373455654381,941.4269513568667
41,77619.7992340923,6297.039359311297,10172.611787306098,198.32084423465346,2554.8186011017915,1939.7974510414967,13.674348943772724,692.7713068689396,1426.4418347692872,868.2029011429489
42,178624.31317827204,5967.225394518893,23274.465535045852,66.5717427702491,2649.024514223592,1871.477716064167,10.652408626328725,594.7786099866927,1120.2508979715944,936.9525881595782
43,1971.5928365515765,26725.17488808766,182.65022194334946,6415.736340108468,5044.055968980266,10360.150004855763,91.86944570138687,2371.080290813467,9465.503467337743,2737.3816558805784
44,9806.925919273332,11702.27174834329,1163.5707995896441,2719.2476895181912,4950.552623204997,9737.512187954291,91.0253769910196,2336.0446596648685,9378.191605262717,2693.563811834856
45,163377.64727813075,5966.6890258995,21358.666802478398,72.26245110997307,2560.6264039992698,2097.649098923345,8.844125797078904,529.8210093996887,935.7401655395497,950.1223844990299
46,154602.3672698674,6065.711215421661,20207.564394110537,90.52193818935709,2596.494675274434,1970.4349176225116,8.63482774967745,532.7646445476167,907.9214187169969,1008.8112373796259
47,112027.93507869027,6147.9092705078865,14698.14414410469,128.871132247128,2545.717186890588,1582.2536741475162,8.501510414069813,524.459260253856,893.7911855024614,994.0877589708073
48,33212.72825509508,5099.156512891519,5004.970502938974,1031.4253780836093,3627.092691687572,12017.522694949004,309.18779234221705,277.85439280442137,31869.985493986114,1787.555421823211
49,189504.16156655707,5805.844687126545,25040.123475536533,68.88414236799707,2574.6453538003584,1832.6073592146022,8.401171322395633,518.4256459739076,883.0946848187153,983.9839950062174
50,359976.5012708982,5444.528363775665,48014.822729650135,8.66543310968618,3367.2977857460323,6852.702043175347,46.85685459956399,1200.9240119396638,4839.9665470721675,1138.4133389410772
51,214957.83832272064,5909.552547580801,28158.8257379251,54.199961822544005,2656.1604541520833,2567.102827475313,7.879717973386179,534.1871158211869,809.9520632643773,1181.0738209590631
52,150362.70137265825,6001.39652109965,20064.209420517884,121.13243137555418,2899.7177153967395,4715.0553222595845,7.7610253509472695,512.5366323347598,797.7517110736833,2152.480102591258
53,194213.70787558888,5745.96360535238,25223.8564589426,57.24514671720982,2703.8718375217713,4201.817769069181,7.686497425229817,520.8999343667649,790.0910248144103,1676.6751565099455
54,225741.22636445056,5710.552380576842,29337.308224359756,47.46673419442145,2751.9464174105483,4170.061850914177,7.632211652176362,516.168597525669,784.5110187737051,1837.9588904316968
55,271155.9083616103,5899.890648501337,35042.03711194953,35.06023165949127,2695.020157237087,2125.123462806496,14.351879943586177,726.6740070089868,1496.8889570375402,910.437716840562
56,150832.18706250386,6200.196639460895,19757.836013789005,90.95850040530435,2690.124268159742,2329.5532240660555,12.59580056068036,665.0811074010434,1317.8345985511014,931.1412259362123
57,234893.96300409437,5861.525328518118,30299.5342054968,36.78875653314872,2719.8655594364554,3179.490996477027,19.319003964875996,864.7923163369794,1999.3045130403004,891.8888347747663
58,265339.67465597315,5822.4404435912775,34707.95093914238,42.48992493262255,2592.1347189806593,2344.2590511240464,8.907854679628725,533.6206261038102,942.535499772437,956.461543903939
59,46056.27983458673,1643.2604229998492,6332.895136626251,271.163973939349,3376.3290303897406,7911.066142915753,174.93113368380648,622.7345724541581,18039.90260438196,1533.9106678180337
60,161929.35161825054,5847.087831048432,20909.68457308569,77.6399387716331,2512.1184580239196,2484.5820117491226,9.441172448261815,749.2815859625223,951.7768899220983,795.952943993233
61,234165.37161002195,5618.458963688681,30049.275532639098,38.11573133529927,2514.734780468842,1849.4404040718068,12.226938175891636,901.057682473017,1247.390381855002,765.0169540866268
62,56048.56585767163,3428.9303464138525,7564.4242180174315,666.240285411374,2498.4400412791356,11367.23860114535,266.51302459447857,356.5629041614225,27475.79284353563,1540.6453482322327
63,259285.524712147,5527.773151229909,33745.27764517243,39.49631394366763,2568.677453877266,2758.8797905337965,16.37638576720145,1079.1293522443016,1676.9160284414077,752.8200159432121
64,10939.869663915508,9500.088637950266,1396.8468390504672,2079.682735647968,2643.720973373225,8702.276926811624,251.65266952416508,360.1379201381381,25957.48923861806,1552.6064265561492
65,56436.2935413336,1746.4240697898997,7309.431060615471,312.56895823014327,2528.831163767799,2024.9584633304648,7.823834135648726,679.3230598648516,781.5727589342597,864.9590477523404
66,30923.74117663932,2427.6422890913677,4232.35533239435,495.90300657963706,2530.1559593908364,1886.9804447112458,12.038318116977091,890.1903099335893,1227.1605536595498,761.5692021702006
67,74741.3296772912,1299.6785498403563,9595.020072438612,223.23234820049126,2536.1706390255886,2723.0727784048518,12.155800084352363,896.7936100602822,1239.7394292624408,762.5377020080084
68,66829.18721359769,2231.308710930572,9426.736161447214,479.68962341020347,5012.660826034231,11789.764772842034,6.953131013881452,740.7623031321178,694.4950859747458,3654.929162500259
69,76894.72271065286,1779.174516866581,10937.995860434241,270.25017149731633,2553.6425707729786,11329.475218859767,272.0163235303516,363.919909704533,28043.0822712212,1572.5098137202426
70,14117.126904947718,8695.933626966396,1822.3896726085238,1667.8033551381136,2368.5436778979156,10780.037674906764,269.7693961584451,378.304186777622,27789.111584659786,1536.4693146557245
71,13236.922320110018,6186.023113221317,1797.5092582647173,1192.4690391062406,3730.2882997712995,8193.187465278857,109.52462219920615,2388.2515926954516,11291.167138647952,1888.3317778932758
72,14481.864103672617,8877.614404760992,1800.512457641777,1812.5688387323053,5972.88341517198,11974.950397045854,26.597316928850173,1787.3450826124551,2745.5678875029753,3169.23546479366
73,77864.32942617226,859.9003013558378,11593.624560508037,136.94470030930364,3167.802509247241,8729.189837302461,193.74582717537413,446.447698803889,19982.851584258915,1513.9956583653293
74,38354.512271760635,2686.0214550015016,5570.917846847194,468.1572622574214,3288.753197084643,8010.089494666774,180.6421810285996,480.5809076680527,18628.070020770945,1512.1513464413858
75,55982.583946048384,2191.003776256801,8251.744719954058,362.0119173242421,2657.2894142120317,12419.763953644848,244.0563416880749,349.7078846338982,25173.984927955968,1507.6041986616715
76,203134.39767807128,5692.609019747671,26371.889130331096,55.34998728059345,2514.8818024197703,1569.9937577276912,12.133524031181453,895.2537052455394,1237.346617955366,760.5851575213757
77,69378.85423527271,2095.6520507565688,10381.0068313087,228.8164220422102,2381.485532101986,11053.93889151879,270.8160801002625,379.97455178202244,27896.88470375223,1542.2694904263024
78,66695.95583449955,1140.8474820120266,9087.40426867552,163.86104906052327,3727.2111535829567,8459.091820933543,120.68279408491962,2074.9000186059716,12442.983082897219,1820.9031092558835
79,74583.6481990851,1300.0337560360274,9572.025664979143,190.7683905380694,2452.322800071046,2450.0976644903026,10.512408474769819,801.849633185487,1066.4331641657427,759.3818148143235
80,36571.47218170208,2070.9777867570047,5328.443056508055,312.22101596485425,2389.361957093599,11701.434701432292,271.9209723375396,380.897748907349,28010.770492900272,1548.9155508898427
81,46901.435664774945,2489.4194019737943,6948.731299675405,465.93159398843227,2411.98924551157,10926.53299088208,269.1475068653564,360.8063954380756,27732.372080136447,1544.7343599227645
82,26252.732488019385,5580.636695140841,3818.2239881875234,1163.1035835874868,3338.6932995740685,11039.540328715952,194.11507696978322,447.94891108279813,20020.934773186105,1518.6064381751887
83,162915.65825499632,5777.376327009944,21133.09503285914,71.58211139041198,2529.904482121016,2013.3919132786857,12.151538578528363,896.9977265040116,1239.0741985180737,763.1024725951946
84,9095.69052461925,10582.37445850268,1179.356918374019,2371.768717708854,3049.217683535197,7821.787014788523,186.35681191238106,431.316689687549,19220.65557753607,1459.2195942242033
85,8344.809033777032,11829.702733752918,978.8378635272204,2524.6151785742095,2380.8372989547124,10719.109182797743,262.9776696776476,351.8128263799414,27111.077509241182,1520.3855200043026
86,38879.80833679448,1989.7209917696568,5278.340823092491,404.4846993811636,2481.374599075913,2452.623962624694,11.823741613498182,874.3713097576859,1205.3845978823276,749.2173243917417
87,106.20156775433453,61514.81322801034,31.699501629039265,13655.122046445093,2747.7985678839227,8351.612237267831,229.61671346547635,352.46624113088717,23691.109182214517,1508.278291401104
88,317.85927872722135,46186.893002618,30.230589627228,10324.740571849721,2562.829989919905,10234.042023299678,243.7605060167247,348.9751961893854,25143.50554871316,1504.3308537137123
89,2901.9025603769855,20742.914901021653,236.81691496474468,4731.727156288517,2496.9083689188255,11647.109461023758,266.70019186731673,356.8184492322548,27495.1402494683,1541.6801677544256
90,4597.314662110315,19574.751699366007,466.76287818132727,4452.872132860899,2421.749207651189,11040.715729504138,260.8807182550243,350.17737666757625,26917.93352291105,1508.1519716517637
91,2755.782499045192,21037.82132197119,305.6686602032388,4835.097243980018,2584.686284767153,8299.708888101006,233.84136694933923,346.69093221531625,24131.506317567564,1479.9991566709516
92,1300.2539984052041,27215.832901095793,223.72106543657992,6290.807923993984,2633.994134756151,8745.76835403909,221.25878674195377,340.2260341754981,22832.652005907632,1446.1517834673123
93,3603.0726172581944,15973.919859352003,438.9863347942928,3646.681913862654,2565.8722692424217,9094.904518925734,231.3027201332989,342.76889407115993,23869.43554959809,1463.476983820987
94,9209.018008078148,5402.2273010330055,1205.4217892058816,1092.747478366918,2552.3831505233834,8774.4424770903,229.82915921604322,340.5708287376217,23717.360445499977,1454.1145765911651
95,29088.238656905534,2244.870614232034,4146.406038380351,403.73520704436754,2542.6984427025227,8538.374328069316,229.44591424909848,340.1829348552326,23677.8487320239,1452.3041872221047
96,3644.0827342934326,25259.17659403114,365.7367155454306,5705.261478965366,2672.030689250288,10554.93457407574,232.9423829252854,344.62216484257453,24038.77345688789,1471.5225131118882
97,3462.7573079731187,26460.74443233363,363.33598655423987,5995.955110850665,2712.004098141433,10882.108439157768,235.4920709155061,348.4149050259345,24301.989020285542,1487.5662108676022
98,4797.28688827797,15085.133667161223,552.6655377622785,3237.4037468225297,2307.4662267898666,9657.120381796813,253.99194566432575,340.9415313181072,26206.8888790688,1468.2604998953252
99,4673.29551918274,9892.131822652056,446.70571361105107,2086.985891253847,2334.15797481368,10232.944152861768,257.4897702741839,345.6416332585614,26567.678349549085,1488.4508123095
100,10683.744059767028,7166.209743341836,1426.2926336392438,1548.0305862514278,2350.167241539385,9186.494109602609,259.3338884933174,348.1192630593945,26757.82799849723,1499.1106301448185
101,11142.612643688004,8108.067373131044,1481.2240732512366,1778.8198917853395,2569.605784180069,8859.521406965956,230.98301034409377,342.8119933914254,23836.36846779606,1463.4791630001007
102,10381.27704951888,8147.042717987727,1339.6063412487022,1802.8819517323282,2295.5190952122825,9323.32956039897,252.80826399550722,339.3739267155083,26084.69910998686,1461.2085310020482
103,723.2294512219287,38505.079165993586,85.90120679487492,8895.701300854505,2726.676946955491,11121.39349238765,235.50892323399196,348.93209686911996,24303.538779832503,1489.7710316563957
104,5771.458984042344,15748.039517970125,723.6976841743403,3667.547118048607,2391.403847923929,10821.913943000729,257.1205204797749,345.14313392955853,26529.618477838423,1486.338679272379
105,39328.32785382189,1560.3551516516516,6206.194612055816,276.573858730512,2292.8448066029127,9762.971198566109,252.99397848226903,339.60850324063847,26103.94089837178,1462.4197913932167
106,17230.476377037914,5618.13412072204,2483.0986203127513,1234.1693748063594,2345.7233142103964,10473.404461601223,260.4731633344017,350.14604491452934,26870.647951140352,1501.3986955757873
107,37187.03856237686,1538.3208905100516,5818.285911248743,265.5331203859712,2318.2509842277523,9885.764503410364,255.39097865586393,342.82492318750496,26351.10027005347,1476.3167798031918
108,25036.584633933104,4861.286618578628,3888.5991249056933,1006.9302426072576,2499.7902606585053,11647.18524803074,285.3818101542894,403.26479491284107,29429.54721041275,1626.7446424086188
109,10764.59015213059,11194.315411523889,1408.9341644844212,2474.0569156092865,2495.162701169464,10810.507586826972,283.74442339382244,401.0671169889232,29260.688577249533,1617.261581295155
110,7973.8367677696015,16505.767553754427,1001.0944009385036,3729.9826335808393,2497.8712755302367,10749.039917378812,278.61231130046025,394.01311419513956,28731.467302155274,1588.2822036761952
111,3522.973111659277,25233.35884211086,381.78143025139843,5789.309511841233,2543.4030439495496,10245.788525120117,284.0367239523868,401.15166913856757,29290.833379858956,1619.091365358335
112,2350.730922537032,24543.31654546017,193.41565732641925,5600.491341332073,2450.9865274380063,11983.723869013418,279.35168256092425,394.5969404930275,28807.710532393092,1592.6228379151546
113,12580.500979952962,5532.8595005619,1710.4803989173695,1128.1321171572617,2519.785972377751,10573.736337771228,288.17401656685774,407.0310459634087,29717.506263066512,1643.0425777276967
114,16238.93898402416,4332.072098939617,2393.4005571073003,895.3784995694984,2307.8792538713765,9934.528430292372,262.663335196925,370.2596260107712,27086.80007375838,1498.680096991088
115,9302.299077583735,8983.734761773658,1110.5969892155515,2046.8876880387431,2278.061836604267,8954.793713494006,250.0547501187727,335.1834137044399,25805.4741345849,1449.530092209288
116,983.5929776337675,30245.461943570335,126.06769095556909,7117.781555322076,2699.3267962818722,8512.956770286879,226.25419166553016,348.63040162726173,23347.877503138727,1481.8750666920557
117,2971.688592341189,20969.927689150063,346.13921248971593,4953.972626907336,2755.92341929459,11043.902125205424,236.84873097981705,351.81975132690536,24441.57829972896,1501.915887418973
118,5585.484787556274,17608.509328655073,680.4781700741679,4107.54139582268,2448.1521418030216,11314.335589879372,263.0885172552741,353.1775251938749,27145.683091498086,1520.5467792587792
119,6012.791593968247,14586.920730720167,711.0224162152824,3461.763021182456,2798.4945549688846,8923.49847380382,233.68199631676214,360.0086221773418,24114.401141665156,1530.2388962886314
120,2282.777870765376,17758.987602937344,338.0955718207133,4112.60290251273,2686.2979201918306,7762.481333153002,203.0172173575116,358.30063001356353,20944.3554580767,1408.132153930965
121,1074.8463936125738,27982.701576315343,133.61026570683384,6505.658132369682,2679.922368495708,6878.0723854103035,201.69648953548938,356.90861882139444,20808.126908663733,1402.0459245819504
122,40107.63513814867,1567.2508007631118,5786.995368900198,289.70646374640876,2834.2452958504823,5777.076810947235,36.2834291095869,1381.7063383984305,3723.7739343655867,883.2564525483174
123,2872.588097649513,18122.459570268344,299.74347219078976,4086.3134309534607,2239.5105600032734,9455.125247870226,244.8551803252647,327.2100394553309,25250.146729534197,1421.1411994910663
124,11982.935490435984,7467.461788594324,1728.4448251446472,1609.2672627134468,2265.7972712689993,9184.989943325347,251.12772948857233,352.6202848811843,25868.44580081862,1429.394985666015
125,9579.137343380145,10260.55372270243,1232.5893246697049,2422.022476712171,2259.7760540969034,9627.627952774983,243.2006506890967,325.7388998482025,25065.34725586948,1400.333452994437
126,42072.292955086115,1543.4668040711392,5958.495602986066,291.1782813203728,2725.494960203773,5890.6496215482275,35.478973032901806,1338.7370424868109,3641.3701647709486,858.9193801970736
127,4658.730176538333,12819.247485384334,471.2275803512082,2869.5392807896565,2229.767595460749,8694.66171275654,246.83639312380433,330.60529736819774,25440.052310421514,1421.3021681883276
128,7118.715987326394,8525.458624014622,934.1158780668728,1884.5556963235924,2244.5701780714253,9563.054323547962,254.91422269180396,357.7981597359519,26258.49997610326,1451.0163650047118
129,5407.793215048768,16231.67650642842,587.830370019268,3754.91055402934,2279.773654438046,9764.243500185587,259.99979720452,364.88223520151627,26782.364683655363,1479.9906578724037
130,3274.7696952638175,20176.697629460443,296.93058778973443,4618.394733356959,2217.58351447411,9115.517422596418,250.4920387277582,336.2367804622086,25803.06839348175,1431.2866584160474
131,84.11384408512473,77231.65038774675,6.508917457931999,18082.654829840663,2325.3190790464787,9001.477008583652,248.6862740610407,332.7160502585465,25638.193154461314,1437.6029364402536
132,7516.948476549319,5641.32567125207,1049.2520801908438,1320.2375067214084,2229.0093864074956,1379.0615897726127,7.042816340995635,589.6686770940964,703.5773234097404,712.8730477586562
133,17219.860723899317,3127.368567169886,2728.6698788950553,639.5213702879321,2217.515088249913,10017.980869303132,252.16274271557634,353.9480345025755,25975.142913903597,1435.4900043707905
134,6417.684526236871,9613.275782274186,744.5534452507935,2072.7253431282625,2501.9817884547097,7556.094184786555,209.4262799857949,321.2623332586981,21607.910413704514,1374.7501081075843
135,3818.0128983706245,18596.111124187966,388.6982900395733,4324.035431643781,2214.0439464776573,9496.308440153362,251.41741503219924,352.4233355154319,25898.219489224823,1431.1188616242275
136,3573.4803818329196,15465.204877643531,351.5945694850689,3538.5873658508194,2205.1369150434725,8598.817299071612,243.3915952057334,325.62296751930876,25092.013362219048,1407.0337750179292
137,10598.908471559165,6157.4260362583545,1372.7342221480224,1335.2154406115021,2536.0037139054257,7985.673245474369,210.966378505348,324.23618635701445,21766.856687468702,1387.4758603827956
138,17499.362382409523,6206.523232266277,2698.025390514672,1361.2522726720908,2337.196041056575,10146.58623855069,248.5950875216476,332.5928539992708,25628.760505024697,1437.0827663856116
139,37908.55140157095,2195.603006417353,5361.803237900977,470.41881434249655,2197.186252683357,1711.44490359347,11.742869855247275,843.6636736091826,1202.264013390299,647.8465608985315
140,2222.8764499861427,24459.614420949085,233.82664538376545,5793.176828376513,2442.9218213709046,7630.395379023692,217.4457075535247,322.0812203437417,22432.183533634565,1383.250432079692
141,32554.353789336958,1520.5168518656078,5074.77730974407,256.35383684107524,2247.4089220646397,9847.56131435327,255.42918692967234,358.5138990095737,26311.59378660726,1454.0445523022836
142,36853.03737755516,2852.4267683175603,5062.4042212888935,596.9361425887001,2348.4066100934397,2209.6898013282052,11.131343769503271,824.4388586082575,1134.3339156386494,708.3622196308509
143,17103.82176050749,3472.7924277956013,2386.2123168800576,690.9144041323339,2272.699457917804,8493.483770997906,232.60921065177268,321.3054325789636,23990.211249352586,1390.1934420172413
144,11037.889721602192,6793.507790231888,1426.7671135717837,1420.401876656806,2260.0225918940596,9143.697017267243,257.0708836221658,360.88465218138896,26480.668376420726,1463.2969836261248
145,19118.295176167623,4858.027583573519,2768.0325365196995,1018.79572760735,2330.88571945528,9769.865394891494,249.3083086327371,333.5471407466316,25702.29734008086,1441.2064996633699
146,973.7831849317297,41210.63056949825,66.12878829556581,9433.537524742302,2241.2020388319856,8888.69954993326,240.56883185935888,321.856183780513,24801.446195361696,1390.6969050320051
147,265.7334595859018,73848.7379119734,6.350563775608364,16427.337444635854,2233.7530235040363,8473.873338146113,248.15494176671194,332.3815220513625,25576.088438318664,1428.8086412055943
148,221.09079624532365,78384.11885086224,3.760246201452,17936.321063677035,2173.6508276890513,7778.616314300514,239.33580389014648,320.19932968662283,24674.00867241472,1383.5846455165595
149,10279.194420848253,5299.5525167576525,1583.7059275356494,1166.0146763273046,2219.768214175746,9592.98433173599,252.56826373569197,354.1558313376981,26016.80351590453,1437.7009268611043
150,12269.32887553524,7462.573744561789,1783.6488074245638,1694.9495346466138,2204.3823379554087,8988.658786474678,250.62332216285884,351.5383466639137,25816.596592146238,1426.8681548433954
151,7962.685762961865,8028.217746737264,1124.231531820832,1745.0263443058302,2046.312094195275,8248.660019278092,203.3592031998876,413.2874692012686,20958.43527961438,1197.5086813658402
152,122.03693598669817,99370.57793805386,2.8188408239683636,21664.09996605864,2077.720602773216,10365.2360152043,223.88077505257482,342.52748945147084,23065.355647654356,1296.3319118348425
153,230.69531027477123,103406.44264611254,3.003925770097091,23088.23840850385,2089.6341749924354,10893.360122040596,226.37763005581846,346.3415371639509,23322.664400783426,1310.9010317230475
154,849.8990314489353,31922.97412277818,46.90261736096946,7581.385204901743,2102.0013070246964,9121.727114548825,229.84029724262865,369.46582369864603,23689.34150475608,1314.414013734303
155,3519.458531583338,12260.629011395551,361.2322070370576,2832.3874730160233,2090.611754743221,9548.073338807108,228.36354019600506,351.370743576904,23537.107465861216,1312.10989501719
156,7524.746596371415,7432.917877106372,966.8375599792414,1738.4171846086288,2077.947092122521,9402.706208072494,228.0255737284403,366.81603874776397,23502.286144871996,1303.8173920933061
157,9043.631097801623,6486.223777190339,1204.2719090264404,1436.5523541891328,2070.723839750841,9918.44996252323,226.30770261934285,363.53487296809413,23325.227115422138,1294.2008925787288
158,2276.265176063645,19765.207740897666,187.6508568968007,4607.038159319417,2063.049642581058,9493.968389193959,225.56862191609412,362.8990369286723,23249.03821938357,1289.6512024233807
159,3710.1108445139057,19400.370735769327,395.71306760929514,4488.259677223395,2018.9925973078623,9724.606169140106,226.78358691175703,364.8455281399869,23374.268887641243,1296.6473116920213
160,3384.996352121325,16472.06436956887,348.5341303366013,3825.1238503786017,2006.9693397398771,9360.699528215073,223.9647945139912,361.1340471244981,23083.75583706524,1280.3228630270494
161,271.58862330947017,43055.989371088515,25.14525724552473,9790.610259964122,2106.3548710597356,9113.1750471793,215.29432507924028,340.7938314003435,22183.25604865864,1283.694924788897
162,72.29063515985453,106835.96601980281,0.7118651774181817,23463.08786999188,2091.93088450056,8236.93511554399,212.14114975289812,335.9829303084653,21858.245357831212,1265.1905706163418
163,266.0562686520698,68187.50587534573,8.380251202896002,15598.24042117855,2078.870047116835,9471.539357649208,222.19801294032283,340.45092546011915,22894.61049913168,1284.1429640148478
164,7523.754634038474,8820.341945665545,937.2316683648501,1927.5369535072407,3269.7041207727557,8171.964633587112,103.16287197080977,676.584897094324,10631.164898730576,1258.2197398254302
165,446.04643928959746,30801.82569356861,47.69888940942436,7337.417822147742,2246.253230740895,7614.515361832581,171.80527073569996,399.4357835037745,17713.9933653663,1254.1775804858596
166,10223.321575858776,7171.915851213969,1483.6720177899101,1686.6147556479073,2326.10561742822,1701.383100933385,9.007128394846907,793.1618271702245,915.0184239786421,641.8899927068334
167,1516.177815691333,26778.35862604978,104.42321231825781,6195.074115755671,2140.0866751309995,9961.808556677115,233.56896956002097,357.8751573979992,24065.91636762771,1349.5823326778748
168,1022.9318095667571,30047.117709479848,57.85604326232073,6887.0162207584235,2096.7564587318084,9071.978198707044,224.72188976458682,344.30439210147125,23154.59107113379,1298.7956191024434
169,5361.1608158980025,8828.165925079802,543.6877556461742,1925.0287183463986,2067.1139569082934,8217.454271210208,218.79001893618647,334.72602822139805,22541.028300376238,1267.092703426125
170,9479.873555533486,6375.297313279846,1248.8776716006782,1399.8889730943745,2031.3228285737837,8946.578450363188,220.01742946590358,338.0719882600738,22674.530333520383,1266.440910952964
171,2356.591897404905,16125.182347558308,249.230971987272,3763.9426703446993,2131.6796926642987,8606.826847694025,207.54216172335884,340.10036817989266,21386.684145157567,1274.4334135520787
172,790.5422601697309,40998.51958926954,49.4014094123149,9343.096506737398,2091.6560173749117,9455.745878082045,230.34882079555848,370.77957814750187,23741.744878677302,1317.0476243335345
173,145.67870492179418,110454.4956997991,2.6206808031523634,23706.99031320826,2083.5433693672812,9104.514214558852,232.05826574541302,373.32282545278395,23917.941389033618,1326.9549716206002
174,230.1201522671389,69228.84157892791,6.88649655917891,16304.590967929462,2055.661498989711,8586.83936842921,230.33724693315014,370.5261638295814,23740.53957470905,1316.9794160272488
175,1163.9411147605113,31027.573540860318,56.65371750552218,7348.396817084043,2056.524453919071,9578.574534054162,225.13099432369086,346.39737257548586,23203.933061595584,1293.5328289015126
176,1357.5839878292736,28151.314107517246,96.62916029717458,6670.153322552535,2066.0972972120535,9465.68889126729,227.02750969397846,380.7276276578069,23399.381384560744,1291.5656112755082
177,993.2685329023493,25548.073274818573,63.26360359576146,6003.139719112712,2088.284972563317,8864.909984228,222.09961089675048,339.7969780209454,22881.913584660084,1286.1186804393978
178,2004.661443778981,17747.180955773358,172.99442456540618,4063.993552069248,2062.903637580383,8952.416132227636,225.70126128486615,362.6210220998589,23262.738936394628,1290.8404531054912
179,13051.378148302554,4723.606082121645,2119.5970161458017,1056.8222578775599,2734.8622342669446,5480.844577424409,32.59785611245999,1442.316573504322,3348.1385156102424,795.3697956621804
180,2657.2055884554366,8799.678678744212,422.8843803169166,1956.2329652020057,2477.712706491841,2903.0330216492066,36.3755841730309,1451.211401535466,3735.6816954404985,835.7196214257117
181,656.6530595362352,43618.0092531179,16.70093817666109,10829.270657986632,4803.363166042407,10072.750129562799,5.928093584601816,897.2370003707882,590.5948766439792,3191.0122922425267
182,139.89080519356145,53729.41283856905,6.138457008459272,12583.63739981323,2107.341458084194,7269.473487092546,196.59566076897158,335.1161012829017,20283.36779336371,1236.8619685202887
183,136.82295683610434,51793.797086969775,8.788629368961818,12120.589005071943,2119.668347942139,8061.33744360835,205.55591259975446,338.6267588364345,21206.940730235106,1256.1350644451518
184,288.4739200392218,43958.546231939945,13.620886416162547,10197.657819262598,2063.358795458108,7841.236866352678,208.73974171230788,332.0388582421508,21534.707501528,1238.6005176178728
185,238.51071825117708,50266.221438116314,0.752397908948727,12137.996142560325,4979.7611778275195,9977.48019591867,6.244800949249089,942.4959355649598,622.1325379041115,3360.594848707593
186,751.165510520148,25920.5047191611,35.96197597709018,6099.71832245443,2314.562215101258,2493.3454110665593,5.574340175007271,630.5034428499177,554.0894133957215,939.0270213980186
187,734.9253960869094,24990.787296219027,58.031103984522545,5949.852688060558,2348.1063192114552,1540.387962965705,10.252698750518542,873.4947470654103,1040.4572038417534,634.3955051746959
188,176.10672817679998,54114.100712644846,0.3050850760363636,13280.204885125904,5037.494605944998,10310.909128304887,6.148674937196361,927.1840545821124,612.5681207703715,3306.7521996205305
189,0.0,106249.41613543118,0.0,25116.525931128293,5439.85039260987,9909.036635141432,8.007950557726545,1239.2574190554055,806.7129314285174,3345.5635249291927
190,610.6324286022262,26097.17948669377,19.297793288161092,6296.529286119917,2345.8542102358756,1759.08626267427,6.505818180969088,654.5124761051185,650.7637553398705,717.0020110662891
191,46.38528023917637,83763.20937140028,0.0,20315.344559215424,5435.7949402776985,11265.786626910465,7.972357298855634,1232.3101960382346,803.1470680040829,3327.191955404017
192,2313.832771212333,15419.690833214347,287.0111097389313,3731.7146451410786,2374.6131275677485,2381.6475661757204,13.807182017354906,1055.6850653631857,1411.7421094128179,631.0448720074747
193,237.85304199440722,67267.38657417441,3.9970503318992723,16562.796380624863,4868.632340816584,10432.375361494589,6.163202797959995,934.038977257232,613.9755799211526,3323.468537329602
194,705.0503032125674,43383.72309149816,25.652134307567998,10807.667293195282,4843.757447059873,11334.630672382757,5.97458273904545,899.491046394469,595.1792883865523,3216.7542087296147
195,955.840841052816,37995.23115642413,56.57148981359999,8970.781866395402,2087.8417275314187,10237.306143056054,226.67283618653553,349.5713711689225,23382.361705118925,1307.5018028615716
196,847.0338467491309,35010.71824027246,43.4673594048,7995.693207895456,2103.8974834115666,9393.843777170852,225.93675790784462,348.86105562998586,23304.192879576192,1300.547606471234
197,3323.8250510327416,13933.981428230943,397.47820269207705,3360.8779240745735,2314.200326089635,1389.2903175528716,7.8081440460239975,717.1478465752579,786.8007549086625,651.0546031123579
198,3970.1242494813414,12871.288316540193,489.85767315867247,3102.5307194581187,2354.4420645690843,1846.3520714306733,10.27531378710727,875.4620131176171,1042.7510077777247,635.6958939916494
199,304.1924842710458,52342.05312843307,7.7776355384203635,13057.608421391038,4369.043325403984,9281.946900587553,5.8699821415472675,776.9891220109293,583.4762248697974,3153.068425500063
200,31.778097355770544,81599.0930334518,0.0,19865.535258709446,5095.91636410545,10396.002198631686,6.390563818910905,1015.6483634253133,637.9257753402605,3345.524372344434
201,364.24412313057496,53967.68253961018,6.595939343906182,13271.743568459948,4559.849633658651,9115.728851396734,5.941895052327267,793.3420694960987,590.6243682013295,3200.2164184293297
202,154.0977455129291,62935.30575851833,9.680058905418544,14522.832525747463,2080.9112115541257,8278.157387772582,225.3402923710923,347.546138952269,23244.55775448476,1299.2858617639122
203,408.8494498689906,56875.577261437706,8.992019419652726,14092.895885980053,4948.879885316686,10417.76483720321,6.2406847220327215,945.6054788828087,621.7206730514624,3362.132695408728
204,0.0,102920.8041542769,0.0,24460.936020442747,5132.784297479764,10601.938741183445,19.93774555479927,1624.0794337122286,2045.0266690749218,2879.0647632565488
205,36.841783224936,87547.5748725707,0.0,21261.02040137053,5578.092140328154,10562.280780575682,11.792070877033453,1436.6237344116857,1199.81156521479,3241.9358582663517
206,1327.8604205426968,34653.33025047207,63.33972958616291,8542.985906911521,4198.929775628003,9473.054516674452,6.037052540329085,743.4851632226413,600.0830225087101,3139.733156826513
207,3569.5943243572556,13923.766453492204,454.08978940138456,3353.4367537914386,2372.2620838603684,1748.004410483768,8.06891914673127,741.8547014091384,813.0030593033492,674.7998104160908
208,7710.965151475531,9303.421354827731,1089.2174987585697,2255.11566164255,2363.4603794167197,1609.0175772131229,10.34233565143018,881.306329371815,1049.532032067759,640.7151246068779
209,4459.049815093418,12559.342022422376,454.96480245517847,3045.0917710783215,2430.326601924648,2117.1801128029642,5.737778608598178,650.0376044327033,570.3351936946578,836.211316873257
210,4718.8399268409175,11101.47700593577,641.0306697426661,2669.827684444097,2367.6131684160046,2286.512644784288,10.247759277858906,872.9201701722086,1039.972844963894,633.5648020962312
211,1347.655066668974,31776.20364912,93.362134968648,7915.44188615156,4227.52060561084,9214.847651192975,6.053759580207271,745.0871020028447,601.7437022726015,3148.461277655395
212,190.77420168237487,41248.759811744065,24.806612811124364,9777.948357636966,2310.610927530763,7324.956016889505,176.9677944842607,417.5836481862912,18264.37679412052,1292.5256123147692
213,542.0792309024246,37409.08790687536,42.61341174911346,8598.440204232395,2225.069575847004,7986.310050037842,208.07809450692938,354.5330714555272,21467.9635309684,1308.4854843138774
214,26.619544555818546,89971.17667302646,2.4209227176523638,20399.681551241883,2216.2174597265052,7064.070746571442,183.91453323940613,377.1765342251486,18978.477809310225,1265.8001596539839
215,178.0113307229127,54143.99382006652,0.6201943759996363,13253.015267313718,5177.838825672992,10650.20683217759,6.34673810560727,958.7597788374458,632.2542437767447,3420.0562932236
216,320.2069810266251,53335.388780052126,0.9040687753210906,13124.998373279492,4956.7442521838675,10071.898264233821,6.132694290356361,924.36342198865,610.8942206531852,3306.915928611338
217,286.6021504584349,61110.31080463909,3.0177272378225446,15304.9128881368,5013.259809733525,10268.09508679863,6.26150798912727,947.5724543777998,623.7810142649613,3373.8021995671206
218,1146.3866647639863,36235.91055935576,53.52325406817381,9072.136503963166,4975.788970137525,10286.10619588516,6.292258627743635,951.6797711728951,626.8430514781129,3390.0062122663603
219,582.1826641474046,51259.12691977818,10.985823030854181,12921.651034499233,4919.768957918512,10763.95097468319,6.259813072038179,948.3399128357404,623.6233869756758,3372.6089537232992
220,64.89421068787199,75806.41087873426,0.3004361605919999,18883.367173659364,4913.411711326953,9782.06104974054,6.208723428352727,939.7249882553087,618.5274492556151,3344.9453644537016
221,170.00284747695818,61425.800298718554,6.126834719848363,14911.798854818122,4167.69966918024,9684.523898145637,5.992742564999998,738.3942134014426,595.6786109609985,3117.4643433728843
222,175.42275649204797,68597.38157329909,0.30624730489745444,16834.945634081203,5095.624644661322,10631.99765992265,6.27482519482727,949.7088247292952,625.1020326441987,3381.7262033027346
223,546.6143931970091,47527.87120975863,10.443933824370546,11981.142171303312,4892.388008180071,10261.984281151823,6.052306794130907,865.4777408078079,601.5992953366109,3362.9960861739128
224,1174.022287901614,35490.575951031686,68.4990087791531,8802.995970470982,4840.863787752974,9886.851235821689,6.10799692705818,922.8799336998721,608.4921841545255,3289.2292750818638
225,1260.4611708233506,33872.30432021694,85.59423309693929,8207.397553301393,4187.700901486574,9464.293829224358,6.033420575138179,743.3468579881715,599.7220051687333,3140.0217527805817
226,2715.899744005212,13768.085316434646,428.2797372473159,3203.4538795612025,2401.4177570696984,3106.8851551648036,18.522635064015997,1270.926170045829,1905.5491815200844,652.0223039178236
227,57.04495279588691,75829.46601265176,0.0,18173.671586967634,5285.563494349794,10424.360824973317,13.44384021965636,1441.6662580303391,1371.8725747261324,3062.031619925241
228,281.1613213238454,54200.4148012426,3.6745318229465456,13463.128085572998,4704.092840658399,9627.973231599131,5.920103261181817,893.3532189266425,589.7680960879205,3187.601368453137
229,0.0,132680.09486935727,0.0,29840.684798352002,2328.2768062193504,8587.874575361026,172.64691813593993,405.77046348494787,17818.268320865467,1258.1643160366161
230,66.38505975943636,61349.03275798574,5.312402845438909,14268.165373541045,2257.7226862565713,8927.679834262606,184.2230081496207,377.5957598605846,19010.525543761774,1269.2999213119435
231,210.11572383143454,43019.29039673488,16.607233474735636,10083.969318463724,2158.4144431559725,7402.892033463502,192.97740019338286,341.22724591312533,19910.766954164683,1252.4374333235908
232,715.8738500386919,41004.303275918166,61.54757268236073,9730.900171111145,2204.51628483165,7548.131706433017,196.26675000128287,347.25170764079263,20250.226764750405,1274.5495637988834
233,1564.801693995578,23351.636950307817,86.38730901602618,5265.186571564053,2096.3809135310685,9721.624422570774,223.45786902574534,344.6294771991589,23050.514784130573,1288.6331625803682
234,968.5851163505006,37216.04212888399,42.44169243488727,9061.490778152787,4726.998918724426,9893.522042074728,5.979183228287271,905.3227234098024,595.6582719559292,3221.8112844221328
235,739.7365877360029,33374.782764669646,44.07912762155674,7655.434728164254,2141.2266763651223,7813.7894274381415,200.15508350846756,341.44395316951625,20650.691822976183,1260.1992334937788
236,23.357458699951636,90054.81008075616,1.599808027291636,20903.65347696825,2415.049394102828,9397.758793515639,179.14518182931195,421.50389456095337,18489.026553056417,1306.6837390219707
237,197.21120622952694,52515.849636191226,16.373044359225815,12249.304834487513,2240.088042468632,9087.156374944665,183.27119113858976,375.58152039190907,18912.058972274514,1260.8686773177672
238,1451.6624916121764,24747.41555575634,83.32890376806544,5533.394271116611,2080.5074823035047,8669.099651185705,221.28871413512678,341.30003049555125,22826.686793638764,1276.0449165072846
239,1189.315621648886,22048.67844534286,96.4642690775073,4977.2455334576425,2198.192742877062,7707.962339508088,204.31644394560354,348.7253169842508,21080.065943974823,1287.008366632563
240,0.0,89985.45828655016,3.431335433763272,20758.708574293632,2109.1522106497737,7923.06189440069,188.51187477805885,333.12239452410535,19449.953017048152,1222.689459230931
241,1390.9140965504234,28213.20555466386,86.01568633769237,6860.339000595376,3914.072275968675,8952.679812900496,5.660054553512726,696.5531995829294,562.6094226191635,2941.2230145661097
242,1767.9815265412371,27887.09125489353,115.425015995952,6363.391876662657,2108.1515316003743,8805.071517512073,224.49825756123187,346.2557743592428,23157.523883025446,1294.1412557102935
243,100.93449183447818,76031.97276940822,7.199717237242909,18283.034998338564,2166.1413764603276,9050.64926520552,205.06918083797015,348.29190247146903,21134.12375067979,1298.2646257915324
244,1588.07983057576,34587.66054257665,150.21764446017707,7998.428804077249,2070.5789969790276,8637.264701468146,230.64572184336464,371.15773836317925,23772.3420788709,1318.7542847767431
245,1671.505635175119,27605.945333102096,134.62910458218764,6355.47506421812,2159.449407956774,8244.56776303199,230.65613347691186,353.397186448621,23766.1535733821,1333.1815401045906
246,2221.7291848216387,23739.03543264487,177.31718953562614,5364.142223483918,2156.1666925386226,9478.416023689271,232.8621891338701,357.77447932290727,23998.33617340256,1340.7335579653522
247,509.3866047115832,47914.178940309546,23.699589820935273,11069.386414294975,2147.308910552426,8000.746627409678,210.1293800205523,343.5676842821472,21652.861576168412,1287.3331369599343
248,1504.7167863349002,27758.043463859514,133.69903093609966,6347.620721574868,2140.645561934577,7533.660504326361,209.33199416943887,342.3541236463581,21570.900034655413,1283.0833018507478
249,662.8532599529399,36055.21288189903,20.720797249959272,8912.141463930455,4210.68325082161,9505.200314186146,5.971677166892725,732.3393884447794,595.9733812558926,3109.256029402127
250,69.31271426052436,97053.08487232206,1.7940455257014545,22748.651261218543,2209.6831185122373,9234.08045651732,209.98148639797847,355.5299248349254,21640.00572690006,1325.5330572483585
251,522.9797429136872,37714.77400051152,9.111874270952727,9417.259347313859,4188.2491829517985,8753.945021486481,5.7770038326599975,710.4755391099371,576.5449824994663,3009.524008603055
252,553.4883957959312,53203.67948492622,27.433685873012728,12591.991936702572,2125.276538032726,8591.801843535057,230.98867620979155,354.87065051347156,23805.381339819563,1330.2802536707889
253,63.44941493492836,81101.75903258695,3.288090726633818,19340.03653001795,2188.2431921544785,7374.30909695168,195.1550780956494,343.2642941231999,20114.590298302865,1273.1461724491164
254,843.4620269017831,38542.99019977073,46.276757119272006,9213.265954565437,2131.617077584408,9166.848470901563,227.46702590828104,348.5094813995057,23437.475469383506,1314.6970164619781
255,196.7842324016836,60140.95498527506,10.719527343056727,14500.035261358555,2113.2383167681537,8040.951610401396,207.11998208956754,338.32336867748717,21342.72450919079,1267.9153435418657
256,1154.653162817103,26033.68997486313,72.84690694849418,6507.885398703352,4041.4974502339965,9418.367193549488,5.834388882676362,715.9112834932596,582.2720104910993,3039.612152555495
257,1100.6130074629593,46287.28923721119,89.1324935859229,11214.635675652591,2143.3709886138345,8953.67129097141,234.76131951909517,359.6846508823126,24189.021682494964,1356.8341322959557
258,663.6948589269774,53705.36981011966,51.14083018154509,12710.043008810153,2084.9732014236383,9528.70295464133,227.55123907450755,348.6473507981526,23446.31574529748,1315.2345473102328
259,262.2845454406146,52914.995637298955,18.413918239301456,12722.677598759075,2199.8101296158775,8560.386506862556,205.79949639855812,349.33209730214537,21209.33637447503,1302.2217971456353
260,219.3025618639276,57381.2791648238,21.914987404730184,13737.701312597756,2195.044555449582,7941.408064382631,197.22980189130428,346.5149029690636,20328.244645819803,1285.2024809003392
261,31.145554298121816,82109.01034091708,10.878026303987998,19340.47105833339,2328.824070734311,7565.90770630619,178.86876506518252,415.560304591537,18442.36233789058,1305.9393314364422
262,248.69300530319455,96096.26296483191,5.4777299009290905,21450.914941083673,2127.862933084476,8991.71970988517,226.890657245585,347.62492838381047,23378.076276750868,1311.3696278719785
263,265.17515389675526,110128.5865334227,2.832061177263273,25012.276036188967,2144.12789015962,9270.05637924074,229.61124130458862,351.7994607480388,23658.509606971846,1327.127998442295
264,1825.0780532428353,32257.196857476523,151.30273038061307,7752.90737605736,2135.880568882711,10354.246463355854,233.53245620330173,357.7983534407621,24062.178784889045,1349.5823326778748
265,53.750324531909456,101609.54965970138,4.845332121888,23928.134281423987,2296.649943894126,8819.067900702774,188.25405367570687,380.862591484301,19406.229095622264,1295.3297799993663
266,528.5045430834905,59261.30943251951,32.524103005983264,13822.011137524583,2142.9579615323246,9134.511389889813,229.64639872763667,351.84972714628105,23661.94573659966,1327.2136401814964
267,2126.340849112286,26967.475053540413,183.7528865753094,6323.506216050523,2147.173075054286,8154.124372143165,230.02484950052934,352.42595053036933,23701.127594997106,1329.5855313690715
268,1955.488121780655,27630.60085616128,168.73441995368506,6474.343619050877,2156.3128428179043,9249.670449181383,230.16843319107667,352.6485657834708,23715.903083147456,1330.376064912525
269,4319.693054061529,16380.026739666046,454.3488211588001,3775.9713032211675,2171.6766366898805,8901.57665830453,232.41981577361733,356.08929590052793,23947.82040443036,1343.4212122066244
270,5574.987827040116,12618.387316366803,618.5768439822126,2863.6992260412826,2119.0340615411988,9089.298411161857,226.34063243707374,346.78473376964683,23321.10062185083,1307.9229655451095
271,324.1174453083731,59263.85979847661,18.853967141832005,13512.140003038247,2154.674100123767,11316.651282458892,223.88784527814644,353.53621807612905,23068.294779165444,1331.729044585442
272,128.04943644233674,81070.2610323867,8.794295234659634,18980.229651400412,2133.630784364855,9813.601326015612,232.7910994685334,356.66358223651457,23985.907297962043,1345.3808753450314
273,0.0,75922.8910532575,0.2950608521094545,17023.02433647749,3254.888608366002,7453.139400208083,173.9270163740265,410.3483861163798,17916.155521265486,1445.9837687575807
274,0.0,112511.86640160759,0.0,25674.00338693272,3198.278474442765,7260.050910306059,189.83250574767592,393.08773789069835,19556.108967319702,1479.3185263941748
275,778.8768238123538,24411.58589437893,52.22242941539782,5705.763997669183,2531.522885810086,2137.8543240460754,11.43187678250036,768.6561347817177,1180.9632639386539,733.0214472945282
276,0.0,85966.0120950549,0.0,20070.12603709245,3390.583186256592,7439.400160152899,169.58473564418068,542.4602482640522,17465.83128073473,1481.5106353048
277,7.82644915058618,95915.68049331108,3.7731759975316352,22703.488500462616,3180.339762529043,6728.315709972156,189.09429671607305,389.1249248839988,19480.106536374045,1470.9848369850263
278,2218.812280937516,15703.468331704506,180.0135604933571,3756.017722298136,2624.2383856961524,3590.494589113847,6.253566091909817,565.6156728469844,651.3479932604803,1518.0401421626218
279,46.02847597882144,138237.7130407898,0.0,30717.211364680163,2721.757668022316,10308.65934378703,227.5662511972967,297.6194989471461,23446.765237309508,1436.8038314589505
280,0.0,161364.73909418925,0.0,35305.9544436613,3270.0631042122263,6805.303299369299,165.23577209838356,524.7217786978548,17017.996025949302,1440.7190899347502
281,1118.2444551215312,21010.436159153134,66.23077387812656,5166.560556804917,2562.9213701641024,2152.8125000455307,6.7255762881203625,586.2907557617406,700.8824052380861,926.3372255781967
282,9.381511366725817,90640.58853572115,0.0,21886.209601179315,3093.462428769461,7696.490414256084,184.7575365733174,380.0803630345842,19033.34256604133,1437.2954542671916
283,32.250688666411634,70920.06413617419,10.52950292426836,16944.74880379745,3098.7263085599457,7312.4301437653,184.63671319796651,380.7384267009744,19020.870034379222,1438.0047044296725
284,3824.535472017674,11560.366219419033,387.8867637373166,2843.675330272153,2664.1313102386675,3052.0269843972624,6.358941508648726,575.6896789101102,662.3235015101922,1538.801326865504
285,2018.1464946970036,15539.55483706663,170.24778720943308,3823.8128562232905,2538.8501576648337,2040.9189648702059,6.6631064868367265,582.2405818856491,694.3694926184442,920.6499312857522
286,120.44105048181272,74961.50347496514,11.267954086884002,17800.853120414355,3185.209065621187,10007.200857633095,199.4100948085083,360.9025698763309,20544.193959501583,1462.8284601164978
287,1.1808245228683631,111895.14229570856,1.18256786616,25682.73419541583,2851.426234546765,7568.263689486228,209.83727316679816,328.6459247870061,21619.87388912547,1447.9342067044029
288,2.0074598003192725,102065.9023086953,0.7210177296992727,23991.17299373513,3124.841736347265,7456.44521492485,184.8830572903152,382.96365913414064,19046.21548554608,1441.7282677826954
289,4145.92371340299,10048.608505365031,404.0147230854599,2551.5897840470907,2708.830922793442,4071.0453756839156,6.262089103557817,554.0195343854497,652.2357181924423,1744.8516467801467
290,212.6280267932902,55827.93603044835,43.012637362898175,13430.644805855765,3122.6211528295444,7793.331439189394,186.19167856170102,383.5646767339323,19181.085825256247,1448.111519245022
291,11686.67899538568,5922.449801252361,1657.0799052726486,1441.0357972993988,2436.8366816114403,1724.8383321362762,8.552212648134907,629.2711412737435,888.5765551599623,745.4214849314186
292,148.74437410013672,65964.45509103045,23.680413044727278,15596.222791875693,3107.1072861558746,8885.921919807663,195.52887995309777,354.2106982251821,20144.344228818445,1433.217265832927
293,1803.4091677994406,33472.95783463067,204.61300600999192,7966.351142232532,3344.663669233491,9606.169527607855,188.94567670046104,389.84061573141815,19464.777899925113,1470.8075244444055
294,923.0662777272677,36812.861595563576,131.09665523750945,8854.809295327272,3282.327669547489,6593.069946126753,165.58385964228032,528.0978114083111,17053.801391587363,1445.21422797293
295,25917.565151814197,4228.772326094211,3518.48066127534,977.7539398356465,2502.578302417655,2313.035530639827,9.995507188799635,699.1110231751776,1035.0858905209175,740.1356680711771
296,22999.417246974095,4283.47291799867,3173.629488920926,993.1541986381393,2465.8228146856554,1670.1541567144802,8.574827684723633,630.8339032560878,890.819584222564,749.9168408875105
297,296.6179482261012,51955.47285521422,43.46750468340764,12166.157238421776,3127.2269205274374,7101.292723912562,186.65056525702178,383.61678332787125,19228.373721484662,1450.948519894945
298,0.0,87850.87868759884,5.570272373993453,20247.640660255867,3221.0630995928063,7450.2584769924515,172.32541657724067,406.3919169422137,17751.178369301793,1432.5080156704462
299,6350.869151241614,9056.066946615298,799.4154416883362,2179.089913480365,2519.308151037236,1964.2006251592152,7.252356519409817,588.3817991876533,756.4846688208399,833.2507567675391
300,3530.1263397420767,11963.116292225015,386.8807093794348,2815.1565584787036,2537.9790671334486,1962.0673540846826,6.549789172880363,571.1420710814715,682.5486081508963,904.2210999411943
301,49.702136130122184,55138.990732563914,26.540512993264365,12782.250108770619,3292.989376004708,7752.47551118306,165.9093321495883,527.375389318738,17087.361040508575,1447.2796539376961
302,174.60948684649964,57980.02184689848,51.09753715646946,13692.891578858394,3128.2492460893764,7533.149172053684,186.95642515229886,385.0625960310683,19259.861479543077,1454.6720832479689
303,84.9711331487869,62150.26171253319,33.28361956670618,14274.930271905629,3118.465312979499,8486.446862653622,185.91143612757048,383.97169896632676,19152.194123276997,1447.2249565419215
304,290.3759075703971,39375.124272520676,5.963977400688,9564.718877408059,4657.849061783054,9884.874962495807,6.237294887854546,608.3870992950035,647.3142600801528,3352.808278534805
305,611.5668606065432,30072.867906847558,26.477316798942546,7322.735966060014,4624.383553399584,10353.936341954754,6.329498377501091,616.8155829956346,656.8832534900336,3399.083219671481
306,972.2849266511759,49907.79659489322,52.98703072738802,11431.287774598803,2389.7359042296553,9864.916877935939,248.58685506721488,293.200753243481,25621.842410368354,1428.237405720368
307,3914.4662715525583,10409.013786567428,423.099973770649,2542.5432851495734,2556.2536631880253,1862.7479729575005,7.147901200519271,575.0472084809396,743.4125723450239,815.8454352617533
308,2355.9751897154893,29548.23692727949,204.64395035341857,6922.826380590535,2356.203712965283,9606.79727647145,258.5993114269054,319.5047042373109,26648.962602193285,1466.7920237293367
309,15593.3406095788,4265.374109059331,2169.2398786040108,1045.9677667080093,2574.320074997865,3348.924642369266,6.2450430802618175,560.5681613294689,648.1183771734203,1356.756480880175
310,22429.251593414545,3267.7616005100467,3104.1639415651675,782.3947452962682,2457.0225630280834,1977.6187510653197,11.27163447827745,748.0143206681098,1160.997770169797,706.2927258650711
311,36542.18880859664,6101.205103724958,4821.180715597318,522.7462801912154,2498.899266957872,1862.5585296531426,11.456235162380725,759.9654231943026,1179.9568463842538,717.4133674438118
312,21358.50641489555,2847.028069979186,3041.9921067057926,690.5969703746483,2537.5317543005367,2516.685000497771,15.412026369711272,908.8482962337192,1583.728373080531,713.0904571949843
313,25464.086113679314,5202.553767682638,4023.1003843131616,912.5501404349013,4849.120552139367,10710.260795494842,6.297730788631273,615.0599394485519,653.5863734076377,3384.108554550059
314,109712.08700263279,5703.86273653101,14181.341792866304,122.72279629334946,2443.046470416248,1985.2449578683804,11.098074968354542,737.6153263597016,1143.2678236152474,698.4879232270229
315,13770.806530034279,5079.290244411679,1851.0486382583395,1416.5624536141918,4561.373751531364,9797.095884418624,6.2380697070952715,606.9162018188879,647.3946717894798,3348.6623902693814
316,54676.284033107804,1206.2776254834694,8180.422221435491,192.60253295947857,2278.3971396306915,10150.492974014844,258.1817807085585,358.1273126346535,26605.71446820741,1445.970475764982
317,33308.78777797171,3586.636957819076,4768.0693263817975,767.7848021193171,2338.9922657613874,11592.205575921016,261.3547139255392,349.5925334194349,26932.762473589028,1469.8447631116
318,116817.05440364695,5632.018833089638,15030.612639615827,101.59594533504655,2599.756906408917,3087.01220386901,21.00893315510472,1101.4847275349796,2157.2135701852662,743.2591581353589
319,26694.587639478672,3929.721251747415,3755.5125885793877,850.2039712463638,2327.122567681674,10715.243173769932,256.112238516576,316.45627478707456,26392.538450506116,1452.4770687651915
320,44661.5248622076,6853.430712245024,6790.940862513572,644.9219572482062,5183.545805216759,9771.085735195638,6.248142357224727,657.1322368104223,648.4400240107271,3470.8322561820664
321,129034.58637080852,5561.0849548465,16620.323077283694,92.53651664145055,2402.3534965814806,1713.3683439323725,11.046501062643634,733.511447824987,1137.8733383564938,693.2147456056455
322,155229.65879640728,5533.469234878117,20176.055062178886,77.3691394469989,2588.6702600243625,3535.7060552255643,20.817262245429813,1091.61154493381,2137.516406004713,736.6552284680328
323,146818.16847978986,5500.205082644837,19710.157318106034,60.911833495344005,3035.7709861695926,6878.042022181307,37.61534338439709,1273.573291555571,3851.279447700932,917.7957151208243
324,37996.72534690368,2246.489308478318,5127.893638432255,458.5273244716374,2592.4254214745483,3773.762341992056,20.950628007239995,1094.6934853162077,2151.3343628521343,735.9417652259305
325,1575.7882434194707,30495.505894645943,220.42687300842547,7053.847055116252,3131.345278496714,7767.738287996526,185.2667380930829,381.419880223194,19102.447531892925,1436.0707556048167
326,22264.034513830346,3859.456672049656,3529.6919567052455,883.3068642251702,2689.036712502987,3733.8961487133456,6.252016453428364,549.025872805165,648.8420825573609,1735.2788034871628
327,1875.5606260531797,35750.68451348715,251.10855271236437,8406.701352595317,3252.208799169534,10564.214729400537,182.0772431148316,374.8309142524544,18773.650662632586,1411.9779692323136
328,39929.452088111524,2697.4053414172795,5796.546129844823,596.7661666177657,2715.7859908554256,3188.060158296053,6.168335975429818,554.4358544487332,640.1576179500743,1478.1414791151046
329,88975.56494146159,6071.5200352693955,11330.127374529464,199.12161991994512,2435.4123701421754,2565.52050130714,11.024128157067633,732.4114466341672,1135.6154182366095,692.9641400074729
330,39618.79862832306,1584.4719816337183,5925.419586549678,276.3704686798211,2327.4317205587245,10214.792704640264,247.34777382268436,291.7408000891407,25494.137284226126,1421.1125796053614
331,25237.085238396743,4213.483786540991,3546.21260412983,839.967495273698,2480.261474384203,2038.2662743471703,6.584317055295273,569.8654111037658,683.8652681719046,900.6540016485944
332,15273.942975675318,4734.671372550874,2591.7376725460063,1125.9002019081443,2649.329744578247,4609.443101390227,6.1900309141701815,543.1779245857759,642.4091458112226,1726.6812154872437
333,64298.2564833923,1846.834396408026,8179.161784235634,357.69903129934136,2450.91199951229,2305.2798805973616,11.20858356256327,744.8563511477159,1154.6392887100724,705.1332572975252
334,87759.82343164086,1460.646230151194,13072.638655579904,178.65433384031127,3704.54870774194,10208.403884164645,305.92846677989525,362.6851383920291,31505.208924758575,1796.0805884372237
335,111774.56773418636,4722.36496697659,16715.18376109012,334.14442952882723,3759.936176903305,11771.079183606453,307.0583953638883,363.8762776960396,31621.607016868475,1802.4822902827198
336,80618.78683903725,1714.86723175356,12107.03131485012,324.9857755462157,3574.700867415672,11469.569462530224,308.69016468485984,365.9249966209275,31789.624341614886,1812.2451579944918
337,86490.80476971329,1825.2295788305998,12234.75881389794,294.33533074291853,8524.316443601385,10737.195061941002,15.587377649128356,1134.1498960689773,1635.0898088277704,4382.359998415727
338,40293.00628313444,1938.9520748236605,5439.927244993263,334.4733402965161,4004.808354825671,8702.786951576833,124.33747116482249,1826.6933092287386,12820.300755289703,2120.901182206557
339,26941.661805256976,4396.511732864193,4371.02303699022,1035.0249461450157,7328.064640109534,13614.195900445064,8.142139564979995,744.2291349723471,838.3873724977389,4559.184548192858
340,2504.3630501124862,20556.759106276044,391.68972184941373,4898.271646510693,3530.8015947103677,7729.20255620655,168.4266230103061,787.1502952386369,17349.291614621678,1725.0845309500173
341,90904.23041919294,3726.1166245530194,13390.148248698557,436.5455089073945,3703.5593604239357,11014.767033132179,304.61829587002796,361.0539501854879,31370.286212110375,1788.2109189008659
342,105051.41997169745,6900.133571520486,14728.859528445588,354.2431437808877,6486.944504362853,11437.290347682918,7.748143981070178,618.0993131989122,790.9223816466091,4297.083489633688
343,21439.66877878793,5564.674062848189,2670.1433748584896,1173.5860162428812,4987.714600481158,9237.376004879145,91.41084956328143,2357.8234241618384,9430.478247822697,2676.982292673671
344,55142.48758864973,4593.245989424838,8120.503512501947,467.52007028432837,8341.343703149083,12462.844145560295,8.75308453629345,939.6559809166813,922.5535895209161,4602.903021670956
345,10141.834950114147,9432.586821533927,1083.3530372041116,2032.7668979337027,7231.630879539632,11344.315138072607,36.754955043771986,1583.4734817634335,3754.4761709925037,3645.7069491268066
346,128240.64342899124,6210.629967946908,16608.050812182228,140.96339715374071,2566.476192414356,1976.4372485756157,8.793181432001088,528.3105961422957,927.349018441081,932.8216635907424
347,87077.38690593575,1473.2229992142736,11250.008692154346,278.299768589232,2602.444996486004,2117.524907365088,8.938847449257816,537.0444554761787,942.7817470123803,947.6609290498469
348,25601.36277560706,4565.713514098645,4012.3949489950455,1046.5029730985418,6028.628850822543,11036.707783276664,7.650613609143632,560.9309704389394,780.9665839438966,4097.278333864815
349,41290.574336429774,3971.666817737224,6085.292737830583,857.1384097460627,7835.354729234314,12608.878540939786,8.441268218103268,775.2857303363928,869.374137277714,4727.889694507106
350,49120.141020657225,4042.8383717824563,7274.41513893131,953.0808380649399,6491.163830964439,11933.618197337484,8.088580184964723,643.3527545809235,825.6737509862654,4477.687389749176
351,126613.74268471867,6385.501973237406,16072.355994970989,135.6030523677818,2661.02612527904,2519.5574975541604,13.917884316373813,717.0979191604331,1462.1168854962943,893.7356890743438
352,42665.561684503635,3779.5320818943346,6561.20003269097,846.7050812600496,7577.664038645777,12861.702252893905,8.457829979373814,776.2486853740093,871.0647444347788,4736.675708861128
353,77095.92007131875,2216.616394783091,11134.614475223214,428.07010021649666,7480.169017847087,13002.397901573773,8.38790254289818,767.8989911049196,863.662363539883,4699.38966365404
354,16474.049456463606,6107.945740562093,2162.2954158803814,1188.288937728719,4925.10605812723,9205.825123265719,90.53975903189377,2339.288295137566,9340.639990760874,2653.5001849283667
355,140163.09100890896,6436.319994352782,18200.613795311034,127.33481097137344,2667.4679240202418,2445.5388217826735,8.838217800368362,546.2291627557597,925.4440526984495,1021.7228009940037
356,121761.05423525446,2550.0021794228333,17869.095421893842,155.64903048527017,3730.0593406856724,9492.36000972882,308.0069678193487,365.0797656816992,31719.558357773763,1809.1106267561288
357,96327.53997065169,1263.4241280260942,12380.278002908552,198.10670356699745,2694.7528445990374,2183.404010160329,10.659720982913086,601.2675758491758,1121.976008797973,941.6848208854212
358,104956.11938426712,1172.2302762764186,13905.499993039679,163.42245294406908,2751.910824151665,2079.0362942701886,8.157587523591998,555.2480587178252,832.717947474034,1218.2283890262404
359,163265.53868218986,6015.4560036322655,20988.272454772145,80.2136945845189,2611.726701449287,2434.876485784823,13.860692971167634,710.5358781583088,1455.2913333130195,877.1251868309358
360,180535.56004150503,6052.924373491935,23019.545452783535,72.26739058263274,2672.8167917962,2684.7526884948106,14.138659373778541,725.7050955484573,1484.909137773237,896.3497597008482
361,108252.85288054781,826.2838484990366,14026.307290891336,136.42373122231965,2611.6457812648346,2871.3062560681337,15.38442343426036,761.3219864062086,1613.4869525115478,843.4131406503101
362,58347.43565869047,3253.2311247314724,8361.91471815459,658.822069148246,3670.481891201465,11007.346395558921,312.3645028029963,282.8856331178813,32169.200369963048,1790.9773867867805
363,188655.4435049096,5885.298138757302,24874.102714694884,55.14296526471164,2916.0412197507567,3498.3991383251805,48.18925313639963,1233.7694227995364,4946.210245622715,1170.0091842835673
364,137804.90802019322,6175.487653874103,17966.02095055058,127.19505295082729,2615.8242845776695,2083.292666916719,8.504367560019999,526.2244921890426,890.127113739265,987.3001971434287
