day_of_year,heating,cooling,heating_fans_pumps,cooling_fans_pumps,ceiling_fan,hot_water,pool_heater,hot_tub_heater,pool_pump,well_pump,time_of_shift,date
0,740.3124730173583,349.35683549920043,87.98047712989366,71.61849219001874,253.6806022423173,3054.5553009734786,25.577208216901166,678.3997601635261,98.93036469954149,593.1318584102189,50,2018-01-01
1,840.8708340099818,14.98334386459983,117.90279327991247,2.1369499406070918,78.10366543332009,591.5845769773787,0.3715988206064997,41.4039260061756,8.40888065440033,44.05563426776642,50,2018-01-02
2,1169.9448723665932,9.249771098575204,151.32596405428748,1.1144321895274283,30.326486096938584,126.7807658348805,0.4190729867812735,31.452526935911035,12.613738959053775,38.73889059633158,50,2018-01-03
3,1061.4726424360438,177.85030930520574,162.27344717349806,34.74512787063963,164.21431032061588,1661.5330308461632,1.459844521202223,88.97370337036274,9.893165521724674,44.905524941729844,50,2018-01-04
4,10052.728466297938,196.95292053296149,1399.530959504987,35.083093927473364,439.55446695730825,5695.516684786298,4.074967175036645,248.35841797540022,231.25312464451298,1049.6710573553514,50,2018-01-05
5,6393.713653943257,643.2742724479904,955.2853173889788,43.9452186924335,526.7148161067411,5407.519983565435,3.147664723004282,191.8417509775774,11.129262895304796,58.308943112409764,50,2018-01-06
6,8142.774800115758,82.72201829277513,1122.006609510039,13.9693370633841,384.4933809899426,3644.9590972438405,2.53159183936893,154.29379993658068,23.495817907040212,106.65106506568543,50,2018-01-07
7,660.9209375909293,33.20101566230165,87.14512946859396,6.982705442572969,59.383121524731024,627.8977251457842,0.3628037659764425,22.11188458294415,23.1510134388031,97.83959258076342,50,2018-01-08
8,4322.1902942487495,123.94257460778032,592.0818189937179,20.705196820198648,362.37688505405083,3324.9274350217393,16.562981105763075,684.5640414620821,1112.7292115346058,573.9845030182953,50,2018-01-09
9,6613.343920512729,207.72198452878715,972.8926623398006,29.0738700218859,847.8276949142537,6201.794941355945,4.565318929859352,475.17355751363334,274.17259203596166,1158.7002900811776,50,2018-01-10
10,6798.274885267874,161.80855131633652,937.5438911517089,32.70384983886173,333.0760788437075,4305.95647390128,3.0272032426691857,184.50000148512754,172.38864493513825,782.4820479411914,50,2018-01-11
11,2675.393595166128,294.81911775787177,369.2431128558913,47.99799050441604,564.8302699150312,4675.369486383981,11.954555905244494,473.62809905178,101.61312872383368,198.31622269078863,50,2018-01-12
12,8283.55699041962,130.8522323273317,1155.97879861511,27.91782923721059,359.61773715782016,2708.640007149749,3.021084796291758,184.12703190600268,172.1413294232876,781.3594061080822,50,2018-01-13
13,8852.280770609177,228.00993219998574,1235.9275923558887,42.49457456394676,487.09394937957404,4679.327599963184,3.9949328312781227,243.48061543028422,171.64771083400066,725.4106903008076,50,2018-01-14
14,562.2987566463037,289.18366669535163,61.08085621761175,53.376066396223216,186.68950203625752,1818.814526530239,18.700206118979622,495.99697183097135,1536.0118238612285,386.5899632849693,50,2018-01-15
15,1529.7280987830027,163.28065152175733,209.7464341012584,22.686540355655055,346.59413669510576,2821.066056060119,4.2016925366621205,246.33455002747647,246.29386955351185,480.6870068844915,50,2018-01-16
16,408.8895454732376,130.98263288221347,54.43669791477043,23.703361481277206,166.0280656786433,1240.6523164514178,3.475796114059838,137.70773197977073,164.0993084354495,173.22939189827818,50,2018-01-17
17,14343.311005491129,212.58712174326283,1949.4173555408104,32.892671488628714,560.9577791739825,5773.446846779379,4.874499275561554,297.08726217489397,276.0197449467881,1252.869423996594,50,2018-01-18
18,4600.408536561139,304.5711702311783,614.9780161851671,47.31573629238436,642.7582372162572,5960.988655085097,29.12306760987183,1203.686475242958,1668.1397290271734,860.4845930863306,50,2018-01-19
19,2745.4008223508226,204.566956885595,379.887934627973,34.690843119628916,504.80625888803144,3664.3567671848564,10.345026777814013,409.8601601415955,330.19192152044667,170.32457544555518,50,2018-01-20
20,10084.849315848414,187.71824565724617,1421.359449335146,37.33289764273044,537.8645645965928,4225.44170580239,4.528620993746478,276.0075348035849,256.4807390702358,1164.180643324019,50,2018-01-21
21,11701.996825015973,824.626991915727,1639.1060858353605,38.0913827434793,446.94853301698083,4420.659554778229,4.42438550856809,269.65464522775824,250.54458992001477,1137.236944080661,50,2018-01-22
22,10105.805544871677,658.3398430453557,1402.9142371094385,33.64640664023946,354.34593685910926,3144.8121695703826,3.5391478924574047,215.70172975275767,201.3261982409065,913.8312835188904,50,2018-01-23
23,10720.064043212291,421.3073961266877,1414.2319414153758,8.801922877194633,255.0016461669634,3121.7484631907605,2.546069391898097,155.17610173119178,158.5380730596961,830.5785506970316,50,2018-01-24
24,17221.748730038395,806.874264011488,2313.152895527307,26.212237833864023,502.1955141841441,5593.344641032161,4.638539279684649,282.7066054268686,262.9112975432262,1377.386954904583,50,2018-01-25
25,19794.263682844885,769.0829757990765,2684.8679122171957,17.952877178836513,459.0154963572545,5896.581754778253,4.576970355560686,278.9542294360873,259.20123029727824,1176.5296691980152,50,2018-01-26
26,7586.867557272278,242.39093902463836,1067.5749431294334,47.6174768745538,458.8213099349872,4987.894472525359,4.176361521004781,254.53824764081196,236.6943534442809,1074.369046976868,50,2018-01-27
27,2795.7998108266124,351.04796925799843,433.4812953359475,81.02094513885991,423.8512218158179,4235.174128412627,3.8627260905592022,235.42298907764825,2780.7997588463904,312.7134808786532,50,2018-01-28
28,877.0310150415927,326.26961669292757,100.57027662702926,56.60602366005614,295.1886572332391,3215.5794484142966,29.705417088226792,787.8947346982243,408.79236343210533,45.97028020160143,50,2018-01-29
29,405.70085452663614,638.9611031185232,45.782583457915464,134.1766705664192,484.95283065168525,3273.1919359692697,5.953168996645334,349.01908180780094,623.1378751364238,1216.164416173837,50,2018-01-30
30,83.92982283651142,2261.0389936218844,10.853750094891213,490.00874088865623,288.46605182945854,3634.4965983088955,56.88854742247041,422.81223572678994,425.3635537444182,449.02882911800657,50,2018-01-31
31,31.760607423843716,2220.4732453944503,3.989251691892995,485.69016604167706,283.61973513190605,3278.4011206399055,28.544811877104497,749.45319188438,1648.5413382593972,419.5803310578414,50,2018-02-01
32,481.79126017379787,148.82466824262292,81.88329818964301,34.63804871574752,129.68033064142858,1431.9141804913245,1.276995474728748,77.82946198013637,160.5884254906769,683.4549653356464,50,2018-02-02
33,423.4902177904078,504.4528570583876,60.722042382081426,115.37192592991988,301.8622550114427,3024.1427345965576,2.7677607480976443,168.6877133217388,400.4527390567222,35.52669076635171,50,2018-02-03
34,330.31813165515086,280.9952979870736,47.100985577875356,63.37527374667725,184.9047869161685,1631.275069565092,1.6709380040822661,101.83926905335639,3429.7171600477395,387.99459313771655,50,2018-02-04
35,852.9364109322449,412.64682137033293,136.8171334995632,95.20315882641727,331.01567235630483,3210.379674572519,3.0021256146970985,182.97173153839356,237.7687460719112,21.093847615677287,50,2018-02-05
36,6.784865972443418,8063.341745095826,0.5749732761715236,1792.28810997975,353.25992414518123,3911.291878491815,70.46224610073911,517.9976400686741,406.7098252911695,36.081803738788935,50,2018-02-06
37,789.8341082563543,671.0641878999306,108.24069656892054,145.3036541570387,343.25350711997464,3648.794139800546,4.223400490784986,257.40503288941096,20.172923034909672,61.78992305059178,50,2018-02-07
38,762.647449622171,511.2529106171881,105.79618368903701,113.6880184248835,282.8474768297582,3350.5735957561446,3.4407605016573477,209.70512514868363,7.969641409867535,24.41082741858512,50,2018-02-08
39,618.0512736876532,443.76085513971753,92.32736256867435,107.25573791490585,283.7330791641533,3224.80234258413,2.8604712933147565,174.33805747134898,164.37365915926162,746.877896351434,50,2018-02-09
40,13.126861749246581,5404.52367089433,2.9168958712737902,1261.1649051315424,388.42468124683586,5264.11065674879,74.4703477720366,547.462825787963,986.7559079869089,1044.9775217486354,50,2018-02-10
41,1559.7680408023157,372.63543227691605,248.4693991054176,90.65221668082444,352.5820618393757,2513.3444423490087,4.132003270181223,251.83460403167024,6.973029957534632,11.075993785797209,50,2018-02-11
42,5979.392675051511,492.6278500804424,866.6342645515927,26.6898236778922,286.43600428863584,2641.594734358443,2.62391921372875,159.92084349503529,13.199663881687885,59.97648932891386,50,2018-02-12
43,2717.0239906337465,296.69599865661706,454.219106604009,78.26408942143891,524.1924993415166,5689.207552849421,3.3254877893290735,202.67957831939634,91.89959552923312,480.81552938178123,50,2018-02-13
44,3302.600038625149,279.3372080721329,480.71279270529396,13.751983521444203,152.13134128259156,1541.7897216166198,1.5209764978991467,92.69950665637853,132.74419574239363,796.4654498792022,50,2018-02-14
45,38.803394374039456,1342.123601721094,5.957488777790489,321.04715900146147,167.41018777546068,1662.8286992717797,33.49024180295975,246.20083098567835,869.7328129798395,77.1595516116814,50,2018-02-15
46,3963.5110287736916,610.3655225684282,608.4327168925739,42.62390702717941,305.1829104366212,2013.6830944325034,3.0603092142688837,186.51775002795262,30.134805843197565,92.30346720461623,50,2018-02-16
47,35.98755948710385,2750.5384536570177,6.231785103876662,679.1648069815602,340.1966679841433,3496.7449691368342,32.65778043415926,857.4404489359498,1876.5638942471007,477.6157083496309,50,2018-02-17
48,241.71085765853277,18.16189222464008,36.257043177607244,3.9126905895104858,21.615738420179525,138.33947307467363,0.25097402801429747,15.296200744192278,4278.255007511304,483.9873950356757,50,2018-02-18
49,15764.013086538396,648.484454341422,2142.319371031369,15.123481426358563,338.4530855141518,3173.6060845442635,3.9221126058741307,239.04226986345532,10.708476044597615,32.80205682307356,50,2018-02-19
50,10438.950991766944,403.8602694370751,1405.560302794354,9.897740961975254,245.49642036039103,2547.7622789441557,2.440631747497619,148.7500383748214,140.21563477730666,637.1094746052161,50,2018-02-20
51,2455.0555573063584,534.2546168689346,275.80063419242964,116.6489013448749,673.147574922669,5936.416143792189,30.39801591107922,1251.5592892552354,687.1490343599957,174.89048121213844,50,2018-02-21
52,9612.426810307976,606.8656835131301,1439.374124969346,14.7680949761271,577.2150116911853,5460.703337859771,26.28301344640705,1082.1350441676786,1514.41420039325,783.0046335409804,50,2018-02-22
53,9273.904930741926,709.5875862843598,1329.4255283129903,36.33908355251928,818.4829676269624,5651.550581398076,3.6684602223653395,405.46124293602946,1778.3722008699774,201.18239539873224,50,2018-02-23
54,1603.7004614600514,216.7347069516035,238.3272989764616,42.50066648906579,244.6742867558643,2863.438259972007,23.15342799128001,607.9006397575594,168.94099800942212,14.987823172592444,50,2018-02-24
55,17178.930210326514,673.1936439774732,2279.142193018977,9.43860444354285,354.9187933213569,3375.0251040311505,4.175653012168936,254.49495799014548,3.23764727126232,9.916837236232862,50,2018-02-25
56,4574.628862650173,363.48145379925376,618.4915415946894,72.04139644426623,672.1131926188426,5208.344398129125,31.324817986722632,1289.7183440898882,2190.865274970363,557.6105070741992,50,2018-02-26
57,9055.380793733051,485.9661235051796,1241.2475650984484,26.94019234779657,378.4660119768542,3414.763489540298,2.6143576046932306,159.33820286461494,326.9679316027306,638.1372075704073,50,2018-02-27
58,20255.336726973714,709.1959929994373,2700.9154304344984,13.543171099552525,349.0641167585214,3261.925385416344,4.380903220167942,267.00415419013774,23.16111742144906,70.94398459579266,50,2018-02-28
59,8384.8826142976,57.158098618475634,1128.071043392975,9.243391949489231,216.182176812106,2116.3041469910468,2.5387904914783963,226.2508878977778,7.1455632944997545,11.431593054580683,50,2018-03-01
60,9483.52317495219,346.521033987116,1249.5801028682836,7.295179736607185,190.86688315950124,2250.609694490715,1.8880960181455546,168.26241626466611,395.1798365380317,100.43985100847728,50,2018-03-02
61,12087.19466707074,413.91482934189975,1564.379821781949,5.018199257208431,199.08406206682088,2050.618620455673,2.328850174692682,207.54145580134337,113.89624380798158,686.3963146553232,50,2018-03-03
62,436.3647915191402,548.9400914261142,48.74978422142156,127.13278613962501,161.58399382098176,2308.4780084044605,27.64300437410541,302.18644519302615,2682.8356754549995,238.94896743389307,50,2018-03-04
63,16313.83553744622,675.4199553136817,2186.754871000142,12.47242565858534,328.93824661306894,2405.099136127287,3.689135663050464,328.76692435574927,2437.4545213111664,217.093943688124,50,2018-03-05
64,3914.810474493709,357.4737322029748,538.2957520985517,16.74639914293162,147.72018504125865,1382.0884017038857,1.7539203039372586,156.30515836760844,18.188596832471863,29.098806740773288,50,2018-03-06
65,1915.0464311037945,169.91538974565216,279.44418250274776,38.48084041217804,193.48694866546035,1434.3135767050894,2.2419436632979677,199.79634334696104,31.61378403429676,97.01959738867103,50,2018-03-07
66,90.54642626861427,2025.2464465230612,4.530779210355747,479.3674032985078,274.3851501285439,2580.246531520491,13.803923170611515,841.3871571074211,164.18356382788215,18.50750292474137,50,2018-03-08
67,3734.3289953329927,251.29147211953435,554.9462822321324,53.96238615704505,306.4529688200834,2546.124195551481,3.5863892248079186,319.6104547544139,24.468066230282773,39.144826462611306,50,2018-03-09
68,2224.0130862122114,127.36174721465052,324.5044584532782,19.824037155166543,359.02857617202534,3187.964538485486,2.221309404705609,312.91481412244025,245.4741498364913,484.8948628480407,50,2018-03-10
69,36.12848055634533,3763.4682896196173,4.558267057167434,841.4394032810375,606.125373709558,6134.995363884807,12.671610612944935,760.6485995736031,725.8611653469483,766.4071476466947,50,2018-03-11
70,70.61123607539763,2715.1716115972044,3.895965800390752,605.600727542857,294.2294367223729,2317.7522223664528,51.96823298908776,568.1037381857452,112.16384435209403,589.2575949328893,50,2018-03-12
71,952.9658453663438,308.42182997201604,140.63540501538742,57.39521884748878,385.61320708232,2746.8410876775665,4.788663183089045,422.4904818631933,109.30551237342584,457.2740822446438,50,2018-03-13
72,6012.596933836035,187.63476859008696,857.9955785966504,37.98584183084352,334.22441547999256,5219.026271254605,100.30769180152993,179.6254487867056,529.7694943367401,39.33895357581522,50,2018-03-14
73,3027.7804741407917,294.2801803198821,417.45904399633747,53.29753814814196,448.4541762070949,4831.832552643545,22.998383168147726,1401.814846956741,184.30062437165452,194.5954889813974,50,2018-03-15
74,1110.6843369114538,376.22005343077683,144.43987057231453,81.48969020378124,213.5227306887439,2284.7307731875444,37.61378849995812,411.1844632894551,125.41706669912763,11.170185627423153,50,2018-03-16
75,2470.575718287236,637.0827380280239,377.38253469470465,40.83746922297256,536.7210128909527,3872.920320393847,3.3195655643411417,467.6254749922991,63.66027086002813,195.36853901945895,50,2018-03-17
76,4106.188542365337,167.33756835596088,596.1189581885271,36.27359917651981,265.03681293078586,3677.2146993659617,2.302746230408807,205.21531724882232,43.739210228881916,198.87630358630815,50,2018-03-18
77,69.67405621540111,1903.079903573105,6.590779808763496,435.53892221192996,309.05933859420827,3322.667934412823,15.777267668205003,961.6680008939907,1286.8887746394857,114.61782985017616,50,2018-03-19
78,2375.4408268903785,87.90808497709547,368.27993633591535,11.592879192397827,313.22749910286046,2790.3668697834405,2.0008254812414568,281.8553014062772,83.1814748487281,164.31266360581333,50,2018-03-20
79,637.2973110286615,545.8228737580205,104.83556986505481,121.22469509165215,264.18254579708696,2857.9323239677983,2.397476367249132,213.65741133395338,66.47523540164376,302.25259366901776,50,2018-03-21
80,1320.9629597379178,692.5833138700006,179.43361029682845,156.93412280486865,247.2536317513013,2460.743933253159,26.082028139946267,1019.1075384109192,771.9424618500219,398.6693844074878,50,2018-03-22
81,10388.739359421063,635.8235723853896,1447.8776421097969,25.277028251799845,285.84303309220746,3092.1640963070754,3.1793150144344855,283.33304778026627,2682.8351115823025,238.94904695177252,50,2018-03-23
82,4837.186802169061,214.61963951158847,708.6852869080583,45.56734724604127,286.1175221389576,2383.4848410141476,3.3881799810356563,301.94661203950056,4678.602929517296,416.7038338752289,50,2018-03-24
83,10241.965765242456,698.3128152975629,1355.2194756065496,20.50336974208796,297.29879818357307,1282.736514563624,3.583652361866783,386.6127797419377,6.4951957702160845,10.392414337175742,50,2018-03-25
84,10720.728758915855,631.5963803001562,1427.9409148550733,14.438620916519445,275.56756264105564,2078.408337399274,3.3217028249756244,358.3531070080027,1968.5034709574315,175.32641871805765,50,2018-03-26
85,5061.034729449961,750.5448660810728,733.6973919057766,43.46890584315488,290.1351985706815,2193.0550256594847,3.461646978106679,308.49370721439357,294.4575840304394,26.226107171742637,50,2018-03-27
86,1536.9592485878577,407.6826566038579,226.31149903221868,89.88079356988231,293.9232082498859,1081.7763328598637,3.6108808457351325,389.54994553805886,20.353936269584025,32.56295362224335,50,2018-03-28
87,340.88959512647585,1068.4159639696686,29.380108230356196,250.20037881499024,306.27740423778215,2170.438216193739,3.6110248727309155,321.8060185056093,9.310452460076556,14.895810473318052,50,2018-03-29
88,156.9613645637371,1654.0636353099965,8.671217278788873,392.21480055709117,293.6898171814105,2000.1158960435887,3.3826076292426337,301.45001802435235,187.51746249756982,575.4732659640599,50,2018-03-30
89,8.500162673039398,8132.562009868874,0.6746782713742066,1974.9890941797526,420.82192918497674,4045.8740433622643,71.99216199327338,787.000368162145,2379.1439369114037,604.689194784519,50,2018-03-31
90,1.140645152273771,6266.710771928253,1.0258200905165922,1496.946292321689,347.8594306491989,3673.2325189555263,74.50739349337094,273.3140555264873,512.8516909596485,57.93517871946803,50,2018-04-01
91,1127.4488109009917,390.1556413598159,166.30677960119368,86.14691278882619,247.46445208257413,990.0794708007247,2.9842830980446227,321.9513661518324,4695.151050291758,347.3402285279888,50,2018-04-02
92,5.964085217878024,4898.563596182915,1.136109196925753,1185.0585028990452,292.053229602412,3483.7158557470793,30.418268160275314,1200.2479201601536,3.8661759785895518,6.235454583369441,50,2018-04-03
93,1430.5849066049798,315.3184658593286,214.85357240013906,71.06994533749464,230.22788579592518,1685.76792638449,2.6026760985593462,231.94427422979211,2481.9452802137803,630.3718995705722,50,2018-04-04
94,458.63797664777655,1143.328586432915,47.70674113635664,255.44680739790286,368.12334635238096,3182.2859500127006,37.49080451687417,1479.31694221005,104.82760434463347,323.63174610309443,50,2018-04-05
95,1003.68054852123,854.4201274904044,123.95127323770839,174.69990798796601,662.8472723366914,6361.988313589325,14.796277685095847,888.1876550996913,843.5797028205491,890.2647320354085,50,2018-04-06
96,38.94372010028306,5427.673643565257,4.30318138883997,1297.0776963075705,342.7460306587835,4301.592461432743,34.577626780027956,1364.3682410558793,2251.68923182299,571.8907909363822,50,2018-04-07
97,1206.7735519710923,361.3401699952558,185.01879473917188,79.16672087313854,232.45950756548802,1106.6867906207322,2.660304953309925,237.0801023435658,4688.631641147605,346.85781114757543,50,2018-04-08
98,2393.925332143969,351.9720885784366,361.254810692722,76.84085619192183,288.92651047499874,1758.4202809229143,3.4702985839746665,374.3839180562711,3085.078969202325,273.5304285054344,50,2018-04-09
99,680.6868718509934,383.403147685418,101.6115728743796,95.6230126423121,264.41145785733096,2519.019868445931,1.7521110867211565,156.1439839721599,2611.70813560033,231.56014414627782,50,2018-04-10
100,171.28231904378796,1752.6743578841156,19.275340264620013,407.9542740354805,256.43537245919083,2965.008876725612,26.1410089158508,1031.4752930254422,578.31719724164,146.8827587877315,50,2018-04-11
101,218.89422192967112,1308.0836441459385,27.74356369718488,317.77835882768284,196.62299695496606,2375.3996509142544,20.452389779983644,807.0132225908742,216.8681037857295,55.08103534785184,50,2018-04-12
102,5024.331779811122,671.6291535407419,699.3021500634952,41.73275299503644,243.25496961893805,1410.934520127183,3.0034929829486026,324.02376305605975,2900.083385219543,257.12825027533887,50,2018-04-13
103,1617.2127143918535,285.7066284380364,234.91202952916504,63.36647437748971,215.14170109772405,1034.7653752434928,2.7289818120381977,294.4089410017726,150.58276066807113,242.83643884822877,50,2018-04-14
104,1260.2950567602654,386.52522045591684,177.4887238040277,88.56560143872936,485.2788376698463,4007.631661511219,2.405541304109783,387.43363553065615,4.081181901874006,6.58186786660924,50,2018-04-15
105,2206.123729289469,228.46803637441505,338.6339283526283,54.98945059585933,231.27361653834177,1886.2948675110467,2.517232663674631,224.32979887175838,16.323102218442102,1.447208409973703,50,2018-04-16
106,7645.634467049673,535.6721530601234,1026.3212102447903,17.19063903795887,223.98978012223589,1051.4762099483103,2.7542527644527044,297.13518336773603,652.1045107477972,48.241695473919926,50,2018-04-17
107,4600.859243964962,794.968264686782,638.4309281025314,50.30617749634874,284.98116382803454,1386.1417221469067,3.517077148096602,379.4304169730729,193.33007668956913,311.77288486770436,50,2018-04-18
108,5416.233602563898,633.7710028196523,742.9640139987599,34.17656770001602,233.43232684122427,1654.3572185735015,2.892830837185963,312.0849874026061,1543.8850363271356,796.986117194296,50,2018-04-19
109,2615.4479441213857,218.69191375997264,379.7756279712131,46.86255584560308,213.31908656214245,749.8670956283918,2.678097201621611,288.91942418419984,2451.913189566077,181.38877969002763,50,2018-04-20
110,1986.4412793048837,397.9860144462025,291.3825818650489,86.44566946126278,278.3317463913657,888.3399933585082,3.478070500385872,375.22234270407245,4260.3488994955715,377.7324982212956,50,2018-04-21
111,490.55574734100327,413.75928224815374,61.15125917283232,93.28298270609902,185.55654465723498,821.4621756141537,2.2640820421426455,244.25448231813542,143.46117260993125,10.613124114582456,50,2018-04-22
112,190.57226182529874,588.0207522350778,16.709742757866483,140.91661198426618,160.7382995726294,911.2168103086461,1.8209340460996457,162.27735525249508,345.6145425388597,25.568058743666274,50,2018-04-23
113,521.7165868475431,541.9127496213208,58.26913986325056,133.1589861939282,227.47181523602015,1867.3744091936042,2.6010139471825666,231.7961673417415,58.68917684890264,4.3416830623204365,50,2018-04-24
114,1926.0017918660012,399.35958397270974,284.548349681141,93.36161953506068,271.03385287513277,1066.167754066528,3.337295635213191,360.03528738910296,183.44883468919878,295.83789297861955,50,2018-04-25
115,2093.81066292368,378.1122289067054,321.338618301982,91.09009601629931,283.36338292932504,1629.2343318646247,3.3959053837828246,302.63486862572586,186.67104350022697,576.303309601246,50,2018-04-26
116,2737.5624355947,324.5688059459252,410.6223097908748,69.54186548526239,249.9649805831112,594.2393047543436,3.244080995239518,289.1048684555659,178.9378219665749,238.37128427198493,50,2018-04-27
117,1362.3467397099191,506.53397674846605,203.30367014230436,114.65690473701542,283.7227295226449,1281.496416301047,3.5719694101581396,385.35241081284386,5432.030326114051,401.8533476486587,50,2018-04-28
118,1599.0235716624745,328.2936701041462,248.61880026073146,73.20907604529476,230.05582281746172,1274.0670956204422,2.807043143275569,302.8304182472511,461.3409089767951,25.56799491999571,50,2018-04-29
119,1547.9980476471064,410.2610942180477,232.0531936846381,93.15925443870405,247.03526903879023,1290.9558741743876,3.032087690332779,327.1086486852279,404.3047869397894,29.909837885605622,50,2018-04-30
120,42.35246784852597,4151.702689753612,6.6461244491032305,994.1724548180613,381.0408071308485,4065.1518822768116,85.62775620691717,312.592899334977,4896.720874702014,436.1304443931494,50,2018-05-01
121,287.20297161984007,2328.265146079464,21.97663313238239,567.7500936938452,729.2468016308426,5904.833297651935,4.5732298377211595,644.2287056593425,63.5910244204349,266.0280815597677,50,2018-05-02
122,1824.142681795174,392.703117370779,270.5128968021722,89.25615230352862,255.8357581437565,782.5622811898985,3.2118692195100134,346.5038857389546,11.908959486788042,15.833488685429238,50,2018-05-03
123,2633.6422076633535,342.75208700579276,398.8635271109943,74.98110150327432,272.4884889523796,920.6677280385244,3.3414507106843097,360.4834163566268,185.13518849604444,296.18419421586873,50,2018-05-04
124,217.16546509581792,2279.1515269325428,15.370368638892316,550.8813930411964,532.2106442088793,4692.746576873211,6.569337112084019,579.5947416342358,4853.097353345684,432.24522801293614,50,2018-05-05
125,1220.0309797103246,168.2933476675045,189.314088762461,40.32159866671572,149.88426997428277,1032.6757269673867,1.7145707349103054,152.7985093879046,1988.270839580591,147.64331119504425,50,2018-05-06
126,1639.8782189726323,421.7933006222373,248.29821646361685,94.10736225662056,266.3957531473423,774.4338627090399,3.247504217327226,350.3482089637589,712.3349431612621,40.5167120281841,50,2018-05-07
127,1.776043343251374,6053.653796057097,1.3022549531155367,1469.7587300963926,356.57778579529963,3714.391326878796,63.168646743805255,690.5438800140635,4074.647550045788,302.57165158490153,50,2018-05-08
128,120.43171860946455,2957.8321441935996,13.266132481217838,709.8424021658134,300.250174409365,2786.4086747905717,68.10127247332555,248.61066825226882,3898.836791058475,347.2531924527069,50,2018-05-09
129,317.07390504458084,174.03126085091975,46.313405993966256,39.66814659303301,74.42014698452076,381.67873090682275,0.9125933791348233,98.45271235703407,2845.0586062131133,211.26592345671594,50,2018-05-10
130,1599.078854231093,545.5206454857237,232.1943828063297,106.61290465740355,340.17848537894963,4141.390240533066,83.94954357175456,274.102498829377,555.9309734643701,41.281848577058994,50,2018-05-11
131,64.56687051732487,648.6082572749997,4.4598788651818255,151.23046995989606,107.94935757419223,555.7701963072665,1.364149637661929,147.16755791822428,5356.558515677617,397.7627514933586,50,2018-05-12
132,678.7132695354718,745.3902271883679,81.50859383026562,178.5051439945377,289.67708488683286,1098.3206793496515,3.532915748419824,381.13908933648645,195.7457172141617,313.1586333993812,50,2018-05-13
133,202.50502605455964,1236.3167838640363,19.606286625488313,303.26733094486974,404.5198269109875,2419.603212989413,2.5499851067420076,359.2152868641852,5369.639997197921,398.7340880605216,50,2018-05-14
134,1099.040302236283,424.5886431428647,164.190167753796,97.6991221594478,213.68572905544116,960.7161112815177,2.6752132606848646,288.60829906724575,52.32285920272076,3.8853463617881117,50,2018-05-15
135,1154.339377506713,468.458934656222,168.1897767252636,108.65647312601803,235.42226963554728,1226.596288480346,2.9188322519889924,314.89047956909803,14.723978121368354,23.556178093551935,50,2018-05-16
136,628.7274374230215,1083.9545852641922,77.94240926937832,239.37731382204987,239.8599274288894,4468.69810799778,134.48886214695082,182.05665818341876,720.8352868458721,39.01608722215761,50,2018-05-17
137,1212.5741308899796,434.21895484848244,182.2025166306209,100.37761292751466,230.9971609285466,1100.2928279235725,2.8865712120965386,311.4100211589231,601.7135639375014,44.68144905264434,50,2018-05-18
138,2114.893802742623,420.6892982643922,331.7236302200214,101.90612454993486,293.8976830923496,2565.072813959035,3.3491738302192458,298.4703914582453,185.5686878945416,569.4926772540473,50,2018-05-19
139,2217.778313459266,367.9711284826099,349.9635093581401,81.74504060381327,265.37518802701476,1634.9401560300005,3.1888464140295234,344.02021021501594,145.94317048907087,663.5773720311303,50,2018-05-20
140,203.55662930779727,4249.276700895311,17.632887370151508,1047.4737909546557,385.5906888129063,3690.619627039523,69.18115668542602,756.2711567350548,3962.5921556162953,446.684261649394,50,2018-05-21
141,1801.1563516487313,426.7770970845461,268.0121231218488,96.18512671777277,258.03736531886796,1281.5190494609321,3.1962777971566547,344.82173758947937,588.6328490964735,43.71012233747236,50,2018-05-22
142,359.9913375495349,1201.820235511604,45.919616831708915,277.69985392550757,271.8802375865046,3122.903430545857,48.51866905579258,530.3939908685876,132.73465027787455,603.5206708146827,50,2018-05-23
143,1395.372950585616,317.1532409708737,222.80268748885888,75.90354876125049,193.10130180114302,1383.8858733186478,2.2776709312573242,202.98060886356305,163.5091131708369,12.141715915972977,50,2018-05-24
144,1499.803657261872,320.67593273452894,242.6686413556047,74.47417499907776,211.14961310289908,1035.494617616828,2.5026222758583874,223.02735918179638,45.78242900393322,3.399650867872507,50,2018-05-25
145,1109.5182785066454,525.9419676542693,161.48928750521705,120.35416185883992,245.9066959366864,1188.454783137742,3.0418147437184877,328.1580914701585,16.889551077907235,27.020282511195443,50,2018-05-26
146,1235.2046067477477,535.2553853656061,176.07239883787344,118.47644265625738,264.2845268416799,1301.4126084494662,3.1574164213980334,340.62945720997516,660.5768014078016,49.05246620660948,50,2018-05-27
147,295.25087457381585,1135.7870965806046,25.938152570229505,262.18561765658484,257.3952130592905,576.9971728041096,3.1449031031422727,339.27950098020455,5565.850946829514,413.30415312413356,50,2018-05-28
148,20.46232290243186,8164.102928795701,3.587521794427481e-10,2030.249713052711,663.6330300901593,5721.145939787138,8.435154209758306,744.2109871976119,58.24660682480989,351.0276872226797,50,2018-05-29
149,132.67602392909757,390.7099217598864,13.686912120304049,95.09634897490594,93.83050732380597,888.3207696783875,1.0647584763769884,94.88867181740247,274.6949975172613,20.398078932701985,50,2018-05-30
150,2372.541610641789,353.7886042154987,354.61849695589734,82.99331085611838,258.34629716154285,1148.8644346465665,3.191290412757944,344.28385792610123,98.10535004477407,7.28502008790742,50,2018-05-31
151,1739.7974484574888,507.2662439987278,264.1138289110094,96.4225100598243,341.60754421552764,4831.500306361521,82.06711636841652,310.56771160248593,3972.9316810337446,219.6980742749254,50,2018-06-01
152,2.520189133250387e-07,18214.14281439576,2.4579110838994346e-09,3781.2414993224133,273.0586562474144,5223.461907017446,96.32166368077483,197.72451258667758,5514.519386388024,406.8011846388359,50,2018-06-02
153,8.512570908259353e-08,6633.073058502102,4.619318312198599e-10,1596.7797230803474,440.5232915918288,4088.616566465134,5.790190002709539,581.6914084437354,2817.030132046933,155.77820753400283,50,2018-06-03
154,39.81339556443274,2866.308083755483,1.3582393322013449,698.5591691286273,412.31034953174554,2909.0147401188456,2.6881808561520013,440.0552057212307,151.13346670766722,630.2467194353165,50,2018-06-04
155,1091.4679781227746,689.7773773379987,139.1513425840221,161.57319267622808,279.79741944309745,1136.6854319901001,3.2273874638261364,399.1200798741686,178.68309385688949,285.74996513204513,50,2018-06-05
156,497.3311950715071,230.21802853467997,68.73484190991353,54.151775596092776,101.30371127297137,584.327273102925,1.154493354426259,142.77228799966497,65.28800093691531,104.40865064428047,50,2018-06-06
157,68.68918697480947,2187.3404934673845,5.593234398596076,529.2949848430214,214.3084438218558,2281.4112142198474,56.55364371068644,239.88687442886152,0.5726876886855753,0.9158353386665121,50,2018-06-07
158,140.83779925308102,660.7729717323745,15.1522576292987,165.65437149533943,137.87552891510654,1829.084750053871,1.1534145774354494,118.72464582178296,58.60611172383375,93.72353973354069,50,2018-06-08
159,86.9878605849925,4322.361221920768,7.8206714528324985,1035.07262425391,344.6583144667179,4495.147736609084,79.07567013474367,335.41986546744744,4521.784114635859,400.028313502097,50,2018-06-09
160,302.9946059701703,458.4806256687766,33.904079148838,111.46242291394525,178.01486984305694,1409.4013722944162,1.7542959972681933,180.57552637941595,1910.8584118514823,140.96227136409522,50,2018-06-10
161,1.8933116059936672e-07,5979.874794498559,0.691248116216161,1360.2742628297199,193.84523479719613,3627.085642422897,68.17007248117794,139.93625965200692,3925.006270330857,289.54428158981364,50,2018-06-11
162,1.0952927970578677e-07,5880.2383324868215,6.212158963852085e-10,1411.0241842389667,247.67242692498706,2311.8095226316645,5.990616209304668,415.9203204198421,1314.0735578210908,96.93806930385664,50,2018-06-12
163,57.97670028213267,1387.3250285524207,2.7819947685155295,345.4677480067663,155.9586116308696,2093.789345482384,1.3214474320004983,136.0208147307026,29.20777461351904,132.31327783381113,50,2018-06-13
164,154.27177159797,635.2142881553592,13.362559577841514,153.06696729676648,114.95083235754855,614.6911789726674,1.3006591119136006,160.84807986169713,2008.4096495456884,148.15862144066458,50,2018-06-14
165,62.95972541520501,1036.6965094176585,5.001215369949127,246.28210830855016,273.2331056351037,2665.397935337193,1.7596872060783453,288.06078525983924,100.41234096164214,418.7325351028164,50,2018-06-15
166,3.144580991281432e-07,7806.134120958758,4.176635160979403e-08,1854.9420188821362,310.3837427305103,4515.303991829188,53.070599745898036,667.1476401050518,3012.614357046062,222.2379058452568,50,2018-06-16
167,3.1409562885092735e-07,6605.664781504787,0.4185110172821201,1542.712088220498,345.1188804743584,4532.080101013834,80.39754156474775,341.0269293378885,4598.343549290153,406.80128905459986,50,2018-06-17
168,0.7189449374368028,3372.9314733657393,8.164845750976858e-10,809.2912941666843,208.37841989110615,2119.4306266021517,9.806909295684777,685.8706937632865,70.82421927702406,113.26201578364714,50,2018-06-18
169,356.4351950749752,469.329022570676,37.85809436695453,111.84224235746754,129.7814904641363,669.352169480989,1.4691667314249455,181.68689191159964,82.46918956191675,131.88461343408278,50,2018-06-19
170,122.58825467028198,1077.6250513086288,13.770611266099479,251.163888571302,146.76177684574606,2048.933076313549,51.664733773468676,106.0549039320884,2983.9230156317003,220.12136983737784,50,2018-06-20
171,281.15388672322626,312.72195146840465,34.019083971526264,74.4616230559595,89.37929068941881,459.9477359846826,1.0036687267373696,124.12029222370658,562.3547160317548,41.484414099832435,50,2018-06-21
172,1.84921102611635e-07,3096.9659456843087,1.789292258407124e-09,750.4449592795139,190.29498602330239,1573.939946244813,1.222811230872641,200.1740040142534,1348.503706818806,99.47792939490562,50,2018-06-22
173,4.24361772886077e-08,6965.220370764814,2.550947246752919e-10,1516.1069342028516,214.97247608629843,1889.6472848352757,2.883262293100911,289.65720120628276,7.653742255806104,0.4232890615854656,50,2018-06-23
174,1.7674585352234928e-09,3412.4273346437576,2.1770389879772065e-10,824.4576745737186,275.0759264364641,2911.1288496286606,1.742148241604171,285.1895551209845,98.35261826892247,410.1435655015761,50,2018-06-24
175,56.637631158656994,1339.287847809789,2.168837173368031,323.34268413597744,133.78623659800456,472.2230326160512,1.4717110447912187,182.0015681149225,3465.941107345297,255.67945598669638,50,2018-06-25
176,35.94481910984376,2483.4176284619853,0.7899966616263473,622.5166359533085,288.6776052619417,2837.8137895420027,1.5635336043658736,287.69011188873327,1371.4569327963325,101.17116775188809,50,2018-06-26
177,25.74887638603625,3523.4796011860712,1.5764645163605993,857.6827719283345,273.0782078165844,3112.5923604481554,24.821973095971217,1122.2582993957737,1687.0642039430898,124.45324078663205,50,2018-06-27
178,184.43859846131332,885.72425691472,19.903925242072823,220.05610085024992,166.629849503731,1697.016904922357,1.5549943918102298,160.06069173854914,86.8598621892037,393.48067597386535,50,2018-06-28
179,2.2713507158193185e-07,6240.997768106717,2.45819418190276e-09,1439.6077984866258,159.34570966615755,1548.1114864060612,14.423899422953506,652.1375347217843,21.762603648762507,34.80288307654516,50,2018-06-29
180,53.876445911653114,1271.1213940718603,1.8890759128047832,300.21201716284713,157.70004109312086,1062.5359260409846,1.7946245703179353,221.93494821459487,332.82217199153064,24.55199747660503,50,2018-06-30
181,9.895406519690877e-08,6680.325576789433,6.533148861099547e-10,1601.469967367395,475.9830770994797,5193.0249565636,6.431500738171437,646.1185063492179,2343.9811712431588,172.1723458394125,50,2018-07-01
182,8.510094911950056e-08,5310.001075514268,4.4327545822528863e-10,1267.1240598190564,253.81260839414588,2073.628753196882,11.860199235845307,829.4726833387234,792.7333114564851,58.22859977674156,50,2018-07-02
183,9.998303285724846e-08,7527.478186978762,5.20688302140646e-10,1783.741247113821,245.84024133121187,2678.8908228497676,22.665980802666606,1024.780894267173,1728.044457921985,126.92996171676478,50,2018-07-03
184,57.089330441678555,604.206658280569,4.1008464164375455,142.33162034322015,96.11646790457817,367.1101796067327,1.0943282827005893,135.33176501915653,2098.746599777056,154.15918421363457,50,2018-07-04
185,30.07925011949785,2928.0638964084105,0.4898900201438873,705.0476058002479,273.9456792322079,3030.1811042853483,2.326970638768835,239.52284407821466,12.168553109706577,63.35309006857909,50,2018-07-05
186,7.965473536439193,8948.611304840717,2.986221954297331e-10,2196.108544750087,532.6536657046349,5333.703234376568,3.5033307979893813,360.6094253013203,193.1779731759923,1005.730385522452,50,2018-07-06
187,23.71238152556312,7883.2758146742835,2.4340227753092675e-10,1917.7934077707937,637.4702813329192,5876.076043059847,3.455024728518497,635.7245846025837,63.31497205514676,329.6340622106746,50,2018-07-07
188,6.037037297806937e-08,10442.830460423671,4.5422152116977184e-10,2472.3792966722194,285.26413471713226,3425.97118102842,25.54458507434468,1154.929177842714,52.097162071899916,83.59662315219032,50,2018-07-08
189,4.714790694240969e-08,15872.410580666547,4.0476094691933476e-10,3645.061885030272,378.68729609008386,3903.5550133547285,34.32244764086102,1551.796462469752,1982.2923651593894,224.3215935367087,50,2018-07-09
190,1.0593929703697824e-09,4959.206285886912,1.9929332980279325e-10,1167.5019195817804,125.6769197936935,930.6206431997784,11.594700858618262,524.2231433624603,2260.5070188920026,255.80527228335282,50,2018-07-10
191,34.63928154877492,7675.112616553649,0.14373144602816829,1939.6551348653995,526.9192834256736,5532.7961959236945,3.4136234873606197,351.3753437579998,188.2340844193324,979.9931477248291,50,2018-07-11
192,3.421020083997658,1408.8483232297647,2.2655403016328258e-10,344.2702996772218,132.28964521215724,1518.8287839744885,0.7254402985155926,133.48089346454327,8.175804172251611,42.56532784367368,50,2018-07-12
193,2.742856753037226e-09,16197.438441225295,3.513009479283875e-10,3672.9393202307665,332.71059050518875,4131.642506783606,61.494018656951084,780.9530522567717,164.54778360714243,41.49512563528124,50,2018-07-13
194,6.975291569790249e-08,6469.733870018217,4.052931547791658e-10,1552.3129561771457,363.525288002831,4730.743504062158,8.309266104576125,576.9006366344292,98.12647945436002,193.41183361302257,50,2018-07-14
195,1.3838547617056148e-07,8896.776713969131,6.459800396545788e-10,2088.5509621004267,301.5814345475139,4177.7654677106175,71.11341619680928,304.1526734284414,5326.711734454111,391.2627297606814,50,2018-07-15
196,350.47277691950416,1579.3810781786672,32.34318006754239,377.11615350459766,280.61684079593886,975.5090557120491,3.1481579673437095,389.3221350121689,483.5182124004295,953.0296749454407,50,2018-07-16
197,1117.9901589236688,982.4255909690364,105.62919917246452,220.1419819970658,373.96143829175,4546.862478847952,40.848157888299625,297.49790511883117,7193.459152565755,395.8707593867908,50,2018-07-17
198,230.29388437443347,1339.8571005054614,20.352492359008824,320.4263743190666,207.23441849233916,1225.018608309389,2.381142249600384,294.46772218467265,53.28457673659084,2.932373005191398,50,2018-07-18
199,14.624444632750373,6040.057737792444,3.2778451310356256,1499.613545769435,568.57988401202,4599.068590517977,2.994185521438585,550.9299591228788,165.41756365122066,989.6795924487478,50,2018-07-19
200,15.956058059134545,3346.1440697901767,0.1399652386596785,825.2339035175524,197.42069460117276,2615.345732452587,1.662084931941729,171.08393813947262,15.781021433365007,82.16104031388787,50,2018-07-20
201,3.1402792957690324e-09,11121.576802745114,2.9716823518150397e-10,2666.649100735509,623.0240200425048,5753.828386423204,8.202928297262543,824.0787864932325,225.97769101075974,938.8836462471334,50,2018-07-21
202,36.602247832716,4335.6337453305505,0.6497441427270532,1073.052292811025,377.2847402587647,4023.142904327307,2.5719034273574586,264.7346182762431,142.41159587907356,741.4291111874034,50,2018-07-22
203,6.489291169376423,4742.02253297685,4.548156499359387e-10,1153.7216206139612,436.15318292031105,3748.8187748550504,2.894284305669032,473.7940918795519,330.7807729828166,24.29665369962811,50,2018-07-23
204,6.563426242369459e-08,10422.210349571822,4.860826500371354e-10,2547.4555884123274,681.2450270530834,4913.170032771152,4.500888780925908,736.7954683292016,497.7541416913193,981.0894259816517,50,2018-07-24
205,4.810389150836158e-08,3119.76337265296,2.430152722934755e-10,739.2576543425339,105.6123450077907,1037.107285324673,5.100374135275248,356.7077086843311,21.46990387176441,22.61376709374217,50,2018-07-25
206,21.292628749027408,7577.301408104287,0.11386405507843057,1856.5510411764997,513.8678401400722,4541.186746102761,7.031099025259684,706.3547787966241,4.627488250344775,19.22628062707244,50,2018-07-26
207,123.88493216276379,1905.9453494207655,7.970539024475979,479.4468186028092,276.69152310415956,3544.1817349489907,1.8028598833524863,185.57436173225827,2.471628117251561,12.868595659394538,50,2018-07-27
208,136.82193119613802,2956.327169397388,7.963789478177601,754.3456584754606,415.5537587079832,5214.819954082479,2.6269369885899216,270.3992712296361,6.084281238571004,31.676542171197557,50,2018-07-28
209,6.78990857748914,9349.553360338221,2.275507415089675e-09,2275.514630010564,567.0146327278201,5732.132565540787,13.280047938803552,922.0147770373075,775.3988408370296,816.7103380696096,50,2018-07-29
210,40.09452599359506,7456.446157960288,0.42206516947335176,1827.1824292463266,676.2600869640929,5551.079488439534,4.454942964582975,729.2738875960805,3.3419843512611624,13.885644740816414,50,2018-07-30
211,21.861319811719895,8596.011430623797,0.13842197441446855,2087.571249643599,627.0462140390156,5606.427297048072,8.543718287624419,858.3144651481138,44.217836370024884,183.71754588508813,50,2018-07-31
212,178.59956308387487,3031.0651313211415,16.663627646306406,736.0464994984227,391.6655446166777,4480.548599989607,3.3825677029843346,348.1787974422778,186.52320203873998,845.5468984622181,50,2018-08-01
213,1.7835533524820454e-07,6683.848749766606,0.08347881100599908,1597.223014180727,297.87794694327215,2672.846754060895,14.8006949653402,1035.1235376631623,26.221832685671213,108.94895435819905,50,2018-08-02
214,14.872481612457781,2754.143729317004,0.13046317565845272,672.2612732522035,183.03564622090602,2137.6065009719455,1.5492162217837,159.46583866763723,86.70179465907496,393.0370862220561,50,2018-08-03
215,3.6816040602962054e-08,2721.5381297392614,2.384596529777709e-10,637.1355970990761,67.5066908106399,901.6689857906894,11.889701290501009,150.9951390654292,90.25991328047222,7.9591864831984385,50,2018-08-04
216,1.0102082448252453e-07,3227.958994545891,8.369207946267083e-10,768.1433213462282,134.71816032004182,1421.424871061886,3.1522722931140734,218.85778484768846,2807.5604912790986,247.57631066113976,50,2018-08-05
217,32.50727562408124,2348.8942955778025,0.5629028278599605,590.4073643034968,196.94320864341375,2250.0790193072635,1.6710997788749367,172.0116223267115,8.89699380154525e-05,-3.971619003095839e-08,50,2018-08-06
218,6.487707816530043,841.6377829717674,0.05003425339574864,208.89174961205583,78.93689811857007,767.5666854582595,0.528136493066712,86.45588922821162,2.570809220512303,10.681207225032237,50,2018-08-07
219,8.073904519316943e-08,2000.499451673028,1.4470044676823497e-08,463.07098190691045,52.27788339065127,484.822757415603,4.742772287580122,214.43166212538551,69.55386215729993,7.870841461692433,50,2018-08-08
220,6.87809484463427e-08,9522.634502142993,1.269851528729853e-09,2280.6765715120555,474.7788791029869,4320.27711086649,3.127011708131847,511.89155146069817,2.5708202136996485,10.681269009807139,50,2018-08-09
221,17.29246146783237,158.45193213272572,1.587800918640829,40.47072386299076,18.761632747091294,72.19866036735282,0.21672632157074556,22.30832582029839,3.599167911260325,14.953730600663357,50,2018-08-10
222,2.812047102939107e-08,2019.9843851971775,1.4642705102592223e-10,480.2228204822822,51.03380382869085,523.6447157778159,4.556972997948458,206.0312464878784,444.37352388149196,50.28651747785851,50,2018-08-11
223,3.68065450134076e-08,959.5821177076633,1.815629860062466e-10,223.04728575620712,19.51412139850918,246.64012997867502,3.433043005356809,43.598409110116165,-1.2539683958181058e-05,-8.337788394783274e-07,50,2018-08-12
224,4.7510906454704304e-08,1507.2740811270048,2.4231919524248337e-10,363.9262729895578,60.0137099991668,809.6175327920101,16.03687254546475,68.58976421474343,399.218203355142,29.323758458081677,50,2018-08-13
225,114.96090447664488,4362.018257772697,6.224835177253175,1047.7585072069003,572.8170328245947,5478.249911691052,3.145530172202512,578.7769789876629,2.4715243665095863,12.868588439151994,50,2018-08-14
226,83.67675418005143,4799.243414449517,3.744572754219304,1170.322356871166,476.56863076121965,4487.039800765945,3.420522242244298,352.08566087978323,188.61432105797965,981.972931493015,50,2018-08-15
227,58.06754933787939,5219.463251826374,1.5810464901484829,1297.750759022087,513.2646208962461,5221.929114584428,3.41362249290355,351.3751878164416,188.23440556993359,979.9931802139713,50,2018-08-16
228,6.300328672525522e-08,9971.968175080227,5.449722974864238e-10,2399.7034978455968,632.3408402370677,6291.070724327379,4.2111750929124065,689.3689843784714,10.540423661724338,43.793181045810215,50,2018-08-17
229,39.857209246115126,5381.7537821514,0.343596835167981,1398.323690601529,427.66325308339793,4432.01455993295,2.72014457297939,279.9930637785342,9.909050604429671,10.437190495390677,50,2018-08-18
230,136.8889269808729,2433.494367450016,9.812480230722768,613.4255805417903,433.6919936354733,3105.9004297346546,2.307391173370187,424.55958555415043,17.111988644431836,89.09028371082039,50,2018-08-19
231,54.48929065451486,1285.2043958442368,1.7686473540207954,320.5767063706934,168.5859425921886,1537.4561253592606,0.8937322782623842,164.4465556281352,20.0524654012257,83.31389390405663,50,2018-08-20
232,14.326962508996361,4183.750225717545,1.03657565189947e-09,1000.0773983291006,324.6237845464984,3090.5360137672715,4.445668906606241,446.6186837547303,28.32996879747841,147.49375595876387,50,2018-08-21
233,108.09373419571867,2563.082804527212,8.230488221097607,623.1026144437474,298.382567346319,2910.390828033639,2.6063209845546353,268.2772832528271,21.864839424149373,113.83758639271441,50,2018-08-22
234,4.724365582869722e-08,4817.421474555349,3.2361683284272814e-10,1155.6100317141288,162.7994205166754,1862.7628039470806,43.3815624642777,185.54326767989056,2508.2771617335056,221.1849186034293,50,2018-08-23
235,10.775080167925665,4487.163394543744,6.441678635330953e-10,1088.1369362333658,328.3485587524507,2859.8298120781824,4.495681563657821,451.6430792595338,47.04626219634767,195.46724107341433,50,2018-08-24
236,4.429760048067876,2583.47991785914,6.110526977669394e-10,626.7402498017221,214.44660455393108,1748.2026376767553,2.8793460578063907,289.26283268145335,166.7654534566536,328.6996591080402,50,2018-08-25
237,113.7610968088204,373.4423725034228,10.806491189152066,90.84613211259791,75.87328279942896,494.6003748038668,0.7730548230720379,79.57309513328742,256.64025923447485,18.8509849911362,50,2018-08-26
238,86.90532892301351,600.8750670094958,7.750566766991132,146.02404737958187,99.27325992176849,658.3652454560969,0.9791293094153128,100.78489593728608,55.519632358917924,170.02194630518485,50,2018-08-27
239,5.044094643137061e-08,1804.760197461391,0.173399455750989,416.54308627317397,92.72408795575406,1154.1887069645,24.777743424053604,105.97450883756294,62.7342588555031,4.607969176368334,50,2018-08-28
240,7.3920747043593e-08,5364.612957043419,9.559248212176127e-10,1251.163865962017,146.03188221654761,1565.5207552666095,13.3811587370549,604.9928113878912,369.0571072110347,93.06764176892723,50,2018-08-29
241,9.713834354818339,2546.822805140399,2.540307919153725e-10,608.0142921747316,267.37035682616136,2607.8989610401945,3.7026493547459074,371.97383111977757,673.0013835653982,347.259502394862,50,2018-08-30
242,9.092554992084102e-08,12876.830253634893,0.4067478350109932,3051.2563029842063,415.42083257951606,3999.9522954772947,38.42599500461288,1737.3269842118825,39.96089359371371,10.07738406155596,50,2018-08-31
243,89.42915245640724,666.9486009687679,7.277076714463045,161.84923206942665,100.65163437817235,771.3520183821515,1.0411483337677103,107.16885699137367,1319.8121131301818,97.36127790713753,50,2018-09-01
244,40.40418848227415,900.236921727116,2.6305889253133126,230.75198815652422,152.82076840012468,1520.781750281866,0.9761951401388881,100.48301462835751,2248.9296185514754,198.95587275447505,50,2018-09-02
245,14.638354712570724,2044.6922048577164,0.045748412970907565,504.51721741960836,223.59961225692194,2044.4520437068788,1.4485790948113215,237.13239024809715,856.5072190766207,75.77255246914963,50,2018-09-03
246,7.349977443501127e-08,2263.9653989127623,5.351207849337026e-10,539.940028591857,95.82772897768567,1017.2519695043214,4.557101114282345,318.7126387678232,219.6448760391526,55.34271413813326,50,2018-09-04
247,8.580828788227519e-08,3643.907434129279,0.09192542537414204,891.9945785791035,165.05139465431512,1262.9924344303595,8.150685737663128,570.0386623220273,478.26765295397826,244.86659039091924,50,2018-09-05
248,709.1600962936176,486.7334912423616,102.93675953474597,99.04749588049795,162.81737078777925,2897.463215517352,84.06954300408513,176.5890067603503,4838.287858553633,265.4155057464672,50,2018-09-06
249,27.450732634010468,193.01904032971186,3.3535367246261214,44.53600111137536,23.322322023048024,558.4510001327909,12.38944957451587,19.22779040272793,801.4166322579613,43.63098710237958,50,2018-09-07
250,16.15611943876402,6282.952718295455,1.2336459416195668e-09,1520.4970376568142,548.8591465549014,4879.7213147914745,3.4567511063335803,565.8699959647317,27.107907168807262,162.1586608241653,50,2018-09-08
251,1.2273593603598657e-07,5347.899233663493,1.1441818272088417e-09,1293.901809983823,227.75621572627753,2497.193622304353,5.254089580824786,364.7839583020812,2201.079259079383,194.72276650620876,50,2018-09-09
252,6.83463954454126e-08,9253.052208728339,0.15706967845158962,2200.1572170186855,239.91573170783823,2176.368519090716,22.257319153461,1006.3046518092852,7.085304009516251,1.7851862954521618,50,2018-09-10
253,8.250405165647075e-08,5715.339039493584,6.485195663803551e-10,1400.9968055311483,232.08058399175337,2625.460386664893,10.939820229263802,765.1040327349677,1006.1171205113219,253.5053259223359,50,2018-09-11
254,6.815744554056861e-08,7427.437029857059,0.21842384478230895,1811.5380503207418,338.98084781797616,2385.670467092253,30.95129547622555,1399.378926529646,62.150236948820584,7.0511633727226135,50,2018-09-12
255,8.35974851125122e-08,5041.005931230809,7.061741137914621e-10,1223.8160405804372,214.10990700852193,2416.9532463400406,10.506043449908903,734.7665425305993,4.97407628468036,5.2506634790043565,50,2018-09-13
256,73.5359090357708,533.0783849304792,6.171622556083587,129.26751127598246,84.90666982937893,662.0494688803223,0.8883401333975353,91.43980823649483,1204.1620900738826,136.62232082612823,50,2018-09-14
257,1.498505591861663e-07,6718.404723958168,0.17604649517647214,1649.805322171956,282.2881344957984,3331.3359106696307,24.947041333500895,1127.9128449319305,1433.5986491279266,361.2153472667891,50,2018-09-15
258,295.22164849226897,1432.0230307991537,29.545256671983992,343.5789982295924,273.5243224205808,1766.6753109610504,2.741016948015135,282.1416952321349,17.94443349112683,55.14642916285684,50,2018-09-16
259,247.76512585295114,1723.983688691588,19.318159670916042,409.95987735308955,283.6787503393245,2302.8585409691373,3.0792402288420897,380.79895879445496,0.19086023362674823,0.30525506478985687,50,2018-09-17
260,7.731985547663688e-08,10981.598710835755,0.12340127836515301,2705.5004527307847,314.63034160582356,3628.9261251237385,57.80351483100417,726.6448486928994,751.0450344877084,189.2363720516745,50,2018-09-18
261,1.6550212132082758e-07,5576.578565611564,0.16423649401679277,1295.285135985688,118.60399408075635,1192.8589463647666,31.54381906455536,133.8012353777775,547.6995159496071,62.141115918848776,50,2018-09-19
262,1.30877653565496e-07,7504.482677858572,9.61507582854368e-10,1771.9403492870445,299.9785677523411,2738.6608569096065,4.077410793600109,409.62295553817125,1790.7053375582025,203.17061025895066,50,2018-09-20
263,3.005222224053724e-08,8577.840356418314,2.1938336456754666e-10,2078.339583976518,283.80779120716016,2592.687062590803,13.492913826607674,943.6606052877155,61.3473810694487,64.75902539360179,50,2018-09-21
264,256.45815984699266,2062.1629785299915,24.964966530299677,520.5762872269659,384.4037429033874,4483.717444456405,3.368860556775636,346.7671649513428,186.51015950845112,844.902346752036,50,2018-09-22
265,327.34190730618707,1584.4261233153118,30.354007636479892,395.2707205636308,318.7838617167609,2330.6166902315686,3.175804245438869,326.8960908649353,175.81974374499566,540.3195942912018,50,2018-09-23
266,2.562470977385065e-07,9796.483849796761,4.726736743695246e-08,2406.763445199369,457.19426405552235,4291.384419951499,10.662876019298697,740.3082458721369,373.2265931495368,33.018190673331944,50,2018-09-24
267,1.6098485044590524e-07,12502.345884847547,2.785714197722748e-09,3012.2199545490867,462.45437206553026,3993.8323681924376,22.449650386043324,1570.0724786613953,256.44918224945354,506.1900460275307,50,2018-09-25
268,1.8494990681930297e-07,3542.8430297273508,4.1814247434763194e-08,808.564447149257,78.02128446296277,1066.2276011511772,20.788840494074563,88.1812339435505,1229.7335969383396,108.79075874867763,50,2018-09-26
269,8.243057628935134e-08,8825.442114811081,0.12221696927250385,2103.5162590181203,307.2509863876885,3071.7664260229794,57.21030495338441,719.1876358376531,3270.658112352038,371.0837988943707,50,2018-09-27
270,704.6869606035348,1096.2254410773155,84.66059156392288,272.38613017515524,301.42427949269154,1673.739914304965,3.237828256909265,333.27992941184715,0.9542982239062784,1.5263046299149299,50,2018-09-28
271,39.076004973161076,1309.132383662843,1.9160596843216724,318.1239544178869,164.72306136297672,1715.7297266892806,1.3789824473498409,141.94324206754916,1981.040925415506,224.7657559882043,50,2018-09-29
272,7.425218006180073e-08,3822.9278737830186,6.276109931392359e-10,916.1888276670226,261.967495867522,2037.2395200771366,6.047501074236416,419.8693731750814,1261.1890857509973,317.77399466456825,50,2018-09-30
273,19.988912362753606,157.28647549798183,2.46075629654186,36.747292292125884,27.06831730694925,156.68705191722162,0.8591621820400402,51.28993224424196,1.700096012680744,8.779033754486667,50,2018-10-01
274,17.726882213574047,3810.0679247699827,0.3303151608260664,869.6074335300592,293.9797325872404,3076.97154028312,2.7893232633632676,229.42172413091288,171.0395645587953,43.3532534497256,50,2018-10-02
275,2.474369580019952e-08,5476.100623854516,1.5931005081200198e-10,1278.474557780027,136.43284297782284,1356.3183271291261,23.71999650154627,229.6559839347788,77.74469579271984,19.70589725399725,50,2018-10-03
276,3.486697850104857e-08,2986.5670442245323,1.5669428875860356e-10,716.1272046579054,99.39294258978633,1101.6568299036137,16.933447223301012,163.94895525661866,75.15340668253262,19.049097685515648,50,2018-10-04
277,80.74185263077266,2372.4240092087985,5.256635326295573,582.9607128166292,367.01818721472085,4531.042896815485,2.6633627135962072,219.0614612778255,99.24476130951838,587.3407483943959,50,2018-10-05
278,16.20783409756519,1628.7028190293545,0.2639718889677579,390.2550540146195,203.09945978702405,1871.0150737659508,1.3374573332751525,110.00560425414241,603.7707262185132,310.1752243929197,50,2018-10-06
279,5.0969541548881375e-08,9016.942640697884,3.0050372869573187e-10,1942.9554833055345,186.04065364956344,2243.6429770594295,38.555550119572075,126.8477130902053,2227.526086043886,197.97534223123802,50,2018-10-07
280,4.814387266410714e-08,5728.9200876070745,2.899664095574415e-10,1410.8185895905722,481.5348680018497,3232.003272778233,2.8084607171864886,371.6529636323116,540.3846601677371,60.423001765596204,50,2018-10-08
281,6.269064535529662,3876.909555198044,2.0222787125184514,968.469044550759,358.95438467899237,3592.150293401661,7.36446334326093,396.080042395322,61.204541400776364,273.8506319850837,50,2018-10-09
282,337.19733151216167,1747.4081275038825,34.5239174219771,432.17262924141454,368.6708841162231,3474.714411484644,3.512474969191986,288.90089991307906,157.60792235726137,14.00768676826748,50,2018-10-10
283,46.87871067615856,1303.5690541163867,1.2445719826166652,322.2507506331204,253.84564202262365,1666.4410808359733,1.167742216786966,171.36616564996558,129.84268032172434,66.70414372107875,50,2018-10-11
284,19.20565903702125,1056.9551097501424,0.30211240325060124,261.929808868665,115.23349390984512,1446.9833976167524,1.0933526739172374,89.92816301724918,65.02970824148393,290.9662993762676,50,2018-10-12
285,30.949427225799123,2752.7968629794827,0.2321239221544113,695.2784111964465,453.4088949285818,3802.040437492806,2.572671809917505,340.4500569320904,149.99778560757747,635.2631442060881,50,2018-10-13
286,117.35237541671755,1308.7619111485103,10.531613536868784,327.39938400741426,251.8392867896928,2821.2602515448834,2.1174673423874677,174.16167613484473,1711.2181531329363,191.33944014072028,50,2018-10-14
287,159.70958709883942,1951.3519534633535,3.4837818842434296,507.4341212827168,291.2222189717493,2294.650406960064,2.7579934150508496,226.84493498743788,797.7107082694123,89.19587235360939,50,2018-10-15
288,51.27011159510841,1057.9533537682112,3.110647636590189,276.95871309183207,221.5225349183641,2216.6878211197277,1.4071977231029162,115.74200853040801,1528.7978487378489,135.87458349157737,50,2018-10-16
289,2.038124770055132e-07,11009.037515765713,6.504009645935638e-08,2662.6254084999105,396.2970109532368,4098.934063631142,67.65012869009877,654.9856416150533,141.8471894983178,12.606730685294394,50,2018-10-17
290,190.2963628948637,1433.6989564861028,18.329120679488998,355.25793214438113,287.0276797947493,2735.575418930173,2.43108447147733,199.95653953910426,1685.4854838854894,188.46224273303335,50,2018-10-18
291,17.987302925770443,4175.340968088544,0.5229284517509377,1001.8475624299864,599.1215741305008,4913.924652169153,3.477186056936642,460.1474691627466,36.77503638967007,3.268458610251696,50,2018-10-19
292,27.053667236682326,2963.3084993234515,0.46645362628532455,721.3531663790088,444.1308978514878,3640.2330178639604,5.292825492133289,408.778451180472,415.0344700115601,36.8868846638062,50,2018-10-20
293,545.3181383996159,505.66983001565296,76.83785327574729,128.93393861509557,224.21284933753958,2115.787976974488,1.9465590402782191,160.10447944335388,131.339996548669,11.673071649356334,50,2018-10-21
294,930.5645216675815,780.5082311892803,140.49869487426173,199.63717999329123,322.09563401066004,3200.835427198698,3.0266187758347134,248.9391513478249,2719.078308522211,304.0332590501048,50,2018-10-22
295,1491.166850672028,709.8848927118028,200.38987827140477,182.50549872357774,328.53805010716826,3159.463124531387,3.567497767423814,293.4263730070239,2.975187951571682,15.363501105756361,50,2018-10-23
296,2.1035110841395995e-07,5785.363559378233,0.20748172746166754,1375.4680683140125,213.87882696282563,1418.8607745809688,21.540962916598335,750.9814860755868,1422.7382795113688,360.6202548037075,50,2018-10-24
297,131.62138230294278,3428.399395194782,3.3815785292220326,832.3883090479402,713.3827925259118,5559.2701361582685,3.2948706444431477,483.52222916868504,4147.237861905584,463.7226567645248,50,2018-10-25
298,64.78052726014587,1359.708846732231,4.899363177845448,335.81038525794776,266.06253286775063,2673.4748224713007,1.7238493656199636,141.7866059419975,136.59353396344767,12.139902618644312,50,2018-10-26
299,86.9002881989011,2728.1070640840708,3.6566933394971,660.3554745570495,585.5008448321188,4616.653426248384,2.7245938260066445,399.8341244279297,39.10286369000461,174.95999067829584,50,2018-10-27
300,87.146792703648,655.4586388784321,9.535273989757767,159.16577410955466,144.40439360088848,1732.4401364839553,1.161347623515598,95.52083070410606,4523.350444265556,402.0207179656649,50,2018-10-28
301,3.9455011675722807e-07,9198.103781207614,0.976668549207038,2166.2458535712676,422.8964999275744,4171.4928693887,72.23842637445058,699.409334809592,4.249936720027534,25.15377286737436,50,2018-10-29
302,22.727288183111895,4241.79809025754,0.9373745770835444,1027.0615270687972,631.0916433663249,5389.007579114189,7.9760261884281975,616.0084710076706,94.56480502034414,8.404521833148234,50,2018-10-30
303,1.726737211384294e-07,1564.6076051563273,0.018475062695903075,355.1997532214552,55.70567047270603,592.6462966980537,9.547043982021815,92.43406167898688,591.8496642258567,66.17758286705228,50,2018-10-31
304,16.49386718569157,99.74742490125213,1.324384572096528,24.222375660786856,19.691567144012943,128.6588587710233,0.22073186466110917,18.044791303132385,1.6939224206960495,8.742420472039893,50,2018-11-01
305,16.97149800502914,65.48498681790375,1.9150984343836575,16.185462383102493,14.684811798879357,29.666188434188594,0.23760160983986733,17.740870277032645,17.03565086280208,13.208496366111037,50,2018-11-02
306,1.2280721265317532e-07,12686.45985962812,3.591148003545879e-09,2802.5738670011247,337.45848166521114,4009.034231653324,55.628578999383144,539.6315240620087,99.66565000331903,8.798502500371422,50,2018-11-03
307,225.02163342022808,2486.06310331166,11.095596447757812,598.4788572556251,763.8287803695549,6312.852083258911,3.4278736647960963,499.1836442859949,1.058734723313516,6.271113239689644,50,2018-11-04
308,41.439264109632084,3016.801674624008,4.869343499301625,739.4434189287639,514.9571014705405,4381.516107197739,10.856631362041114,579.6497047100598,77.5007501348027,346.5482713600728,50,2018-11-05
309,1.3715350242451664e-07,5201.512547472432,7.336308501038175e-08,1254.1103202398772,372.3325885765077,3269.731586800604,17.789936955202784,954.5819633541802,87.13305328088174,92.36697157544863,50,2018-11-06
310,185.13047347514,470.5722806873232,22.691363621618283,123.15947639773503,204.0138254087838,2138.832414677679,1.32149057109106,108.03184048193833,6.140411010124839,31.69127318398443,50,2018-11-07
311,13.098850995642485,1696.4229432586246,0.1855770065726439,417.92721611199664,346.0689460598786,2759.2783171095575,4.2066645459995495,324.1088185972627,241.8702735487393,478.453571366024,50,2018-11-08
312,104.15350121712204,34.801916731267966,16.126333668932336,10.010098113005464,32.448778900338716,352.38089920394157,0.236557354741334,19.338512519115604,2.117317772735114,9.468483608692651,50,2018-11-09
313,4.106428795298157,174.79686750958837,1.0343508595073825,45.73069077037223,21.682114768803228,320.8185248721716,5.9429257865542,9.36723485726307,377.68046779663206,33.342981185246174,50,2018-11-10
314,188.80867928657082,743.483947588522,16.34280913193637,188.50701579219637,443.96670668538906,2874.154512976336,2.504138545382057,330.188520862126,30.16126982235861,127.73222664628467,50,2018-11-11
315,24.14874362429846,85.4604066320701,2.7559665415524055,21.22262358728696,47.38724146681381,377.371382497296,0.5791211019577166,44.61921552262022,39.192027386790556,77.52720078892004,50,2018-11-12
316,180.54855226205774,27.73981326258783,24.584477890274787,7.691586567081163,28.805898238255725,304.0963948706872,0.181259493415644,14.817935769091587,77.14936756079976,81.78320546466841,50,2018-11-13
317,249.33085512867476,46.068356134817705,39.89136100792687,3.6776749296647613,20.129632257383783,226.06245242741377,0.19013826672832465,15.54379895688314,29.644861154307165,132.55942283546588,50,2018-11-14
318,158.13316056625234,20.181808713646145,25.563130709922028,4.724517962543722,39.244067634940045,370.00608935234476,0.1890801520407802,27.534785935968706,15.246054877268788,68.17342660259511,50,2018-11-15
319,143.74880854721894,33.095425236873275,20.662250952020646,8.348559603930337,51.525948828938255,434.42973629849183,0.25238289376339984,36.75325082626806,15.246035938315204,68.17342314858752,50,2018-11-16
320,331.1860629536535,55.13611604709326,49.27594229723621,4.041809225319285,48.76288887280846,341.6275301853147,0.22804632504491923,33.20923521471812,15.66954873842264,92.81413014069182,50,2018-11-17
321,611.4125215966977,60.83988215480155,90.36091891661465,4.280038580731029,37.386496200821234,414.91686076077826,0.25877766203674946,21.15506007635136,14.610799284235696,65.33287270407638,50,2018-11-18
322,217.81961766905272,22.8269360943995,34.097605205923834,5.318544816520069,46.189263362634236,350.82917946134535,0.22606810695909582,32.921157689486826,15.45768923215957,91.55994858726852,50,2018-11-19
323,79.23400224083393,26.487584844587772,11.764269700690399,6.121085587520214,34.114351061571426,287.1133490550824,0.16585039106516078,24.151534608760628,12.069788202768816,71.49201223436752,50,2018-11-20
324,114.16522239242991,6.654317856680354,15.67694185231886,1.3661928133519057,7.829458220926541,48.74188350559945,0.24542180654617612,14.559777471877535,9.508069932735452e-07,3.239862136354077e-06,50,2018-11-21
325,2553.587356445975,580.7276349869489,435.9781218161114,149.79538416802407,528.5370255714798,7362.502068310872,3.652376491909525,298.58150777801137,210.26853049442346,1085.1530000409805,50,2018-11-22
326,662.0529031922242,81.26445008838358,89.61035118328498,13.666009389428435,100.74929508565472,1154.5971085435988,17.05757285111239,165.4687868338626,90.42112377460708,22.93002126225445,50,2018-11-23
327,2854.9579110798804,551.0776240121141,447.2705871427007,143.7939247123253,506.32407270581,5254.943505807107,3.3543118098555897,274.21474305881475,193.3280821359175,997.7287472937093,50,2018-11-24
328,188.94391553376892,29.74016250482121,31.27614899883771,7.572031678109182,30.520604012737202,277.6282093914202,0.21033581057736514,17.194822227029192,13.55204949120111,60.5986075831844,50,2018-11-25
329,635.8295132643185,1373.7405507504998,58.01608483795642,303.37802184473577,534.0079029058196,4643.506865024473,25.3901473207194,1362.3980969610475,54.25295884909667,13.758061551204094,50,2018-11-26
330,191.5410756077834,32.33222430204961,28.86644663163922,6.99490849967021,46.54826494390426,456.67933249096717,0.22924243493386812,33.38342116365968,15.669558081971154,92.81416378379669,50,2018-11-27
331,1135.0005976836399,1088.1667147758856,165.63537019040447,267.2690189715371,550.0577690084116,6513.560634954733,3.4793521035254544,284.4368644526449,200.31595518717785,1033.791273298568,50,2018-11-28
332,276.6102500762576,16.23104082081106,43.781892039369446,3.705969708578894,18.7945628153492,244.1748870143816,0.1764748793669737,14.426816055905947,290.3351355357548,32.57018102162065,50,2018-11-29
333,1052.3828304359117,1164.4773468385588,111.68669311934723,250.17218188987445,556.7997457006323,6029.684361415102,26.493219971679622,1421.5874014684498,1512.723393709363,778.5865466200426,50,2018-11-30
334,2449.2792815640964,709.8209421573566,352.6646994542603,147.41139054105545,735.7934250065999,7249.891046778931,32.23162424597108,1332.166091113297,95.04262124314904,23.920759891919424,50,2018-12-01
335,1804.3762442691734,1169.7389220028717,211.49339296091134,254.1064870586031,804.6180865402146,8018.323044745678,36.10062857257617,1492.0762040275274,2067.0423843917565,1066.2525441561177,50,2018-12-02
336,3854.0434144255537,167.25203556190806,612.4711203494136,35.89392989365648,568.994011816405,3684.7410682448694,2.5347614975324726,282.42566142536805,144.93502761105992,868.9381638409777,50,2018-12-03
337,1830.166327439042,8.93139574933373,243.4468481868939,1.0928728871835942,49.669153479713465,578.5741087293167,2.83424527948049,97.91575430785612,29.926133065337147,135.83965869636228,50,2018-12-04
338,1975.7294146136592,13.514904224518752,261.4445973441436,1.901491750099935,52.873739322791124,654.4206429480271,3.0754389906166337,106.24837056524468,188.5228662208313,46.898118971878276,50,2018-12-05
339,849.9807566484169,6.7919776206263816,112.83817861640753,0.8552128928452314,25.904945097263457,264.45591127467435,1.4957916048638311,51.675662313018414,3.9571447881156936,20.73202867572941,50,2018-12-06
340,1548.3717715187017,129.33138073335206,232.73716620949574,26.567515419652132,309.2301718084996,1958.3795674877172,1.4855816784321998,165.5243960587372,86.31752638385025,517.5074772756637,50,2018-12-07
341,4975.483435042409,383.5078419928393,770.9756474066819,95.76697598670512,541.4573881863845,6609.070551921457,4.4119307577843685,268.8954016576057,34.37790894058201,156.047351024488,50,2018-12-08
342,1177.2498658301297,15.33813877450414,171.71674196369682,2.0484106443972747,37.308596743249346,439.0739040383963,15.109133640530898,18.451337400912635,26.788918673328396,20.684382133348095,50,2018-12-09
343,1207.1782913376267,53.40987592585961,162.32916012704453,1.0179366351184083,22.193170393012245,79.29396624896754,0.318989625881886,19.44155655906969,9.197674730573642,2.314885933454374,50,2018-12-10
344,10756.840583599222,928.622358805119,1527.4231257919987,56.186099266959495,667.8693303489257,6758.35722531925,4.669249492025498,284.57791391973257,26.464216918882062,120.12276162503638,50,2018-12-11
345,6709.458453217784,1222.0569862133025,1017.3929005169362,138.63810076297813,806.6366415071045,7745.169039349145,4.953332146644617,301.8918711932599,280.4717584886787,1469.3855263866199,50,2018-12-12
346,2455.6907973358166,201.8779381014388,373.53483774205665,53.92479798792306,312.8783932326968,3035.5016763808953,2.1543660940344087,131.30294889169116,123.91104904784086,649.1727222301967,50,2018-12-13
347,406.3157460787415,48.599607892935175,61.50738500283343,10.658083618213604,99.25742687548514,728.5685064583879,0.47998638344464073,53.48057605208772,30.17408515942267,180.90521054212715,50,2018-12-14
348,2916.8633869597365,552.9098621321004,428.0404214933204,115.72191963791168,1001.8585355023013,6997.776203670055,4.368010191172905,486.6878706868116,247.3294711583627,1482.8296590386378,50,2018-12-15
349,5306.95626086877,335.5472706677469,735.6063938995215,59.944704513241085,766.8632418473118,6729.511574365534,32.76737167084142,1354.3088368854562,217.6782985019993,54.78626574262857,50,2018-12-16
350,78.87495516156335,161.54777533642402,7.903731215280641,34.86082975904053,50.19764733724726,505.88898331320337,9.867497331184644,73.33811373158593,31.40995639523798,142.5755307654462,50,2018-12-17
351,2776.223023514923,715.5239818856229,437.74548565006916,177.14211675372974,699.6264999737341,6191.802140056266,4.270055548422844,260.24836717947676,241.88821702739276,1267.2478051404285,50,2018-12-18
352,639.4100091322233,1606.6365133638842,64.33959527987989,344.4724344339757,515.5699000463643,5414.7057260216625,52.51306683041858,1392.835853706221,104.2403049259137,26.23567500782631,50,2018-12-19
353,681.8745555674947,27.773346498322226,87.9855488392865,4.756963824961005,55.98580331755756,696.3787133135388,11.12398288647499,82.67668559078932,36.604758294999726,191.77164209187004,50,2018-12-20
354,1023.6347662526485,30.522920353259817,149.42393038998821,6.759116617546229,68.57783393438069,741.2456260424641,0.4947366763213517,30.15289785549234,30.668822944783617,40.72563232916873,50,2018-12-21
355,157.07126849364192,60.679141551792206,20.203165902829046,12.324913530998172,44.444386715273765,383.8581189744605,4.305743697822552,114.20380354570973,39.68748045316491,30.64360407383914,50,2018-12-22
356,4492.648524995036,382.3133848952888,667.3628020128891,61.686675201852246,1049.1023507844604,6689.515844507001,5.451375555704164,567.3970538386444,19.538768779885366,117.14353271448901,50,2018-12-23
357,7680.63866656143,242.19523166877403,1066.0151758172065,34.87283135387774,920.9162650492219,6631.251290726503,11.043065368939889,647.4266525484646,692.4495212180079,1351.4397054372355,50,2018-12-24
358,9943.613223863329,898.3098885713349,1440.3145132670122,57.173488507404414,495.503499266128,5318.748012352731,4.586586037390945,279.5401462933222,259.69596249159775,1178.7749873134508,50,2018-12-25
359,1197.618833803842,85.91080697494435,167.99481559302896,4.68742949017139,50.255519430837424,530.937101590401,0.462340625622918,28.17843770575639,29.431747882313317,133.594445040486,50,2018-12-26
360,1331.5840667654834,73.88980006881877,177.43915473696998,2.3135556229934657,33.467395384045545,314.55046945222745,0.43229361898672564,26.347146573423153,27.450028567391808,21.195165332037487,50,2018-12-27
361,1345.4351832702744,779.0149972860108,168.877830300894,173.37169514596786,847.2469034178481,7994.720815290672,18.11346050307046,717.6380564027302,49.622190760329836,25.597927373767504,50,2018-12-28
362,10646.504736445579,830.6058384871864,1528.0964093030746,59.37006460360567,666.4396836487571,6023.677692702848,4.324575182292374,263.57145922504645,60.84279185577356,276.1701113312546,50,2018-12-29
363,8823.980645150172,927.8216104562979,1276.2385006478835,72.4814215570805,687.4571576412216,7574.072879447265,4.477377428388572,272.88436227087817,253.51273654333136,1328.1482635158643,50,2018-12-30
364,513.8484487390326,31.980344807399266,77.9271218610599,5.932130125017098,34.50542677390711,371.7418093708236,14.461833328642888,13.141906583917367,1072.6520622141265,60.726575635383476,50,2018-12-31
