,heating,cooling,fans,heat_recovery,heat_rejection,interior_lighting,exterior_lighting,interior_equipment,refrigeration,pumps,water_systems
0,29619.196355239077,3735.9254631166527,67533.2061528165,0.0,19.283176570780064,38810.5385758223,26207.622225183866,91591.22401401588,708.800849792834,500.76288676991544,1321.8207306257336
1,24040.48738019474,4786.731946610379,67588.57992929805,0.0,35.73146248351916,37161.153341190904,26195.460915566608,86950.93558334143,697.3928668534411,553.901360371216,1231.1697352671647
2,25985.283551533357,5292.211163504875,67275.66166784937,0.0,30.426899265190958,35159.15902778266,25851.20862748673,81224.14879691544,702.4632213419167,553.5791433886827,1027.0201756133
3,19398.597154926258,6025.792707087209,67113.1473594632,0.0,42.12925014946545,54751.30076322759,12641.681347136255,104136.43979404276,716.3679395628425,531.7853722186052,4926.783575011003
4,12350.39006605902,8374.14096342262,66565.1802359057,0.0,114.4276388415544,33290.00448055201,25648.904599060646,79745.22698357559,697.012107854602,549.101431098008,1080.3002735672949
5,26563.017398480086,3669.1759283761307,65562.65556142284,0.0,24.53188595176902,23693.06238686336,25008.097519427323,53010.643839695724,684.3918441944384,539.5575594148175,762.1396412431477
6,35134.34542202389,2126.5865864128605,65048.177428372524,0.0,2.7759751732574434,23195.141001085456,24960.767313570825,42758.199703428334,683.0006531514559,451.3898134209529,798.3114309450195
7,17266.02748245872,7190.143190567396,68028.39895721924,0.0,117.59911611583568,36680.67357499337,26341.396630973668,85576.0186844545,701.9674668323696,556.5790710462126,1457.1744711315262
8,22959.346622259352,5203.0610937713,69070.32851206047,0.0,51.052909277007494,44962.53627283608,26505.57431080661,102099.64696886163,749.637474634926,557.5988854010806,2104.0523311761913
9,22313.603946568048,9562.350746303799,70255.52053136616,0.0,85.10536684388642,87240.9657748972,0.0,138725.29065335428,738.8909148151802,561.3793011136886,4939.647511761372
10,21795.430378199642,5577.676307781224,66064.35182372802,0.0,51.08199645172502,32134.442123015615,25232.915997245687,75205.39687267275,690.5558443743445,545.2989415834364,905.5639711274139
11,23314.976892002425,9580.259118331618,69487.21583452486,0.0,68.65624807874106,86665.72030369444,0.0,137813.51544605085,734.4769883872274,550.354819768884,4934.797644559685
12,25710.836719676674,4153.962943191682,65049.805661063074,0.0,15.190147317908718,25882.37603508115,25115.616516767943,60332.40489395983,682.5207274714423,535.3839838791639,951.1108704370815
13,30678.503081199153,2552.4759439385803,66385.04853120273,0.0,10.12527972983321,24023.28759059295,25457.734475064055,43178.32008213757,696.6721973929444,514.6198979262998,812.0774519836083
14,15657.65223520133,7005.956357758286,67794.56995455481,0.0,91.85082115974754,36840.20630208258,26456.92907233758,85944.80113753704,705.029867901572,558.2890332448824,1457.3910173787385
15,18097.470362017513,6803.622049608939,68411.1040240259,0.0,91.7858987427661,37126.61407011973,26657.590681022288,86626.29338134387,710.4342654577729,563.3446605957402,1479.6773992708036
16,21444.819053633706,5698.395797282694,67844.74024147996,0.0,65.4531323468519,36865.02094929595,26469.090381954837,86002.97411895795,705.2822957791662,558.6611206450367,1469.4346985685322
17,21552.062574647516,5431.435833792206,65553.04579425609,0.0,35.57978253814821,31420.63002452822,25126.423034068568,75746.28941448429,687.6030988307369,542.1855390407518,1042.4405514012126
18,31949.55508737057,3565.2943439524,67345.13044851324,0.0,9.96217645966277,36596.90564230761,26274.509428078763,85398.45657822408,699.4057073530448,497.762076822635,1453.5313925332546
19,35328.500422414494,2766.9337469631027,65095.76278648133,0.0,2.5228158163427192,23124.13892524792,24889.772004786082,53878.03227898138,681.0729080697649,482.7018855740883,829.7669242493193
20,50535.210657153526,1282.127394600003,64551.50593494168,0.0,0.0,23459.429382360562,24546.628012326462,41233.79319398482,671.7238852090552,425.04055445041286,737.2315126454781
21,26625.478401308083,3458.087988202979,65879.72061747315,0.0,17.152328576736828,30724.906133155047,25277.986026758666,70934.74680838952,686.8553175978756,515.1305743126136,1072.5670045143063
22,29870.207087344283,3842.3259863592407,64714.28680329318,0.0,9.099597077795396,33170.66353146487,24747.781387216597,77227.20952478178,677.2792716714083,496.5436911517295,930.4459412771728
23,33922.72438494847,3707.6304928289455,66975.01046491906,0.0,6.333953871398947,34911.16618014047,25652.971574222123,80374.22856653927,702.0512483065645,503.7679015389291,918.7351361673095
24,31899.247344147134,3576.4217048923733,65412.075399836045,0.0,10.175193097431292,31525.915723444905,24860.190626125786,73841.5106760855,680.3554680499076,530.6438351348056,894.2528324765783
25,32402.769421741803,3882.6896452101987,66454.15498887411,0.0,8.098015695003344,34322.39154728055,25351.241511886947,80184.29192785552,693.7321301212977,507.99156350117516,1051.2836239935941
26,36613.160037874135,2429.4125050349794,65404.86773392842,0.0,2.690607928716592,23631.25690667492,25049.511449551774,53294.0570390742,685.5013644396215,485.8578789705194,771.904291092946
27,27410.90161021225,2944.688691555998,65370.890569736,0.0,10.254564251310407,22599.974755802818,25268.616419394464,46370.57910181615,686.8899375135866,509.00160004057216,854.2658853465416
28,26112.46336300234,4128.0120422977825,67597.49422749506,0.0,21.25175088899584,37238.29385900344,26317.074011739165,87541.15983866205,701.9653139225697,542.8957023325195,1544.1214288561623
29,33254.783262722034,3640.954262865929,65389.80651566119,0.0,5.113115930155523,33832.451513294836,25025.846346623533,78086.81685190149,684.8882143084381,487.9125809318989,903.9688485571612
30,27508.25217971438,4131.470353094419,64965.419789584295,0.0,9.39291501970069,34005.08398252155,24984.4324164991,78286.01743380094,683.7556616505065,492.7511250332188,883.8987465833072
31,24151.745375239603,4429.101394013011,66591.36825373549,0.0,14.917094036391036,34008.30781702808,25534.64605958089,79020.87450234682,698.8132787322255,547.4700687880203,1019.480896489155
32,25244.711347665045,4662.821597512077,68565.32053611518,0.0,12.781826551788154,37735.47845855941,26351.09211060548,84287.46534331617,721.1572931961996,560.6677485371748,995.0927495913023
33,21246.803477077527,4033.63571174238,66608.31000003238,0.0,18.921159295434492,24585.298707893136,25718.050607274818,54925.025307950134,703.8235862500575,549.4945754753213,763.1631457038444
34,14791.204001273125,4898.685634839297,65723.85913748102,0.0,42.567445197290375,24600.423007434085,25374.906614815205,43374.652324086564,694.4230488515599,521.6903526041821,753.2292462004856
35,18580.628940326795,5784.482922060929,65653.63017181303,0.0,62.87982981060422,37667.82713067531,25150.088136996834,82237.16551787624,688.2794845852194,517.1801969798005,1034.1688222821992
36,24893.94123577515,4576.971614059245,66929.8743100159,0.0,13.472514401793086,37665.921675670164,25712.13433154275,83072.59460536034,703.6711159605544,515.259430939879,1022.6702460033853
37,18119.673112492772,5743.589043179844,65634.6969868149,0.0,26.48055399285495,39612.14977657212,25102.75793114034,84559.27978403035,686.9936186540081,543.9614007032759,1137.3681388320606
38,19575.864745184583,5068.969623216172,67799.97654301762,0.0,16.295665695127887,35222.30946647679,26078.943426930615,81619.20523013348,713.7100394533654,557.0229839084614,1075.861763331514
39,22112.123655819658,5203.317110773365,69209.88096012697,0.0,18.199242654422356,38982.57349526248,26599.575691352096,85959.67813136343,727.9575459422251,569.1947782192598,1069.732415618204
40,22774.113822990275,4041.260176928535,69144.92519798111,0.0,19.56602429043732,26114.04101709524,26682.40355160097,58436.16421183001,730.2130525022862,568.8529366393713,812.1665609084939
41,31419.572624934703,2026.8028760697832,65058.916326981765,0.0,0.6513008440644399,24535.536765065997,25061.344001015907,43331.161103846614,685.8368542815057,461.000717252968,741.5892927137515
42,38898.74673630002,2996.790140963411,67563.80199147182,0.0,1.9028699937201345,37651.02116055515,25682.552952882448,83011.45923442568,702.8427933769154,480.89761756804734,1029.9109603155011
43,25223.806300583274,4545.731185488199,67369.76121711201,0.0,5.848658118018972,35161.16933622047,25836.376121916037,80949.51566445694,707.071231707458,553.0413493984768,919.8557058097125
44,3158.5075501757688,29492.66320636386,71377.65422665223,0.0,236.55002166008268,93250.21933479834,0.0,144495.84349035722,741.5886725005159,622.6639894822428,6001.146853549525
45,41553.85931789331,3020.644215172862,66338.01870153315,0.0,0.0,33008.75817860529,25351.241511886932,77019.43962992227,693.7936729023493,494.7831081045628,922.3471920659905
46,41972.8126305649,3203.916286834417,66194.90555961395,0.0,0.0,37023.72306811897,25256.58110017393,81630.35188022756,691.2015202445446,494.51498755230296,1008.9040483006202
47,27993.567635741343,3308.2930893137545,65185.723234803416,0.0,3.472567106710493,23349.16897361798,25138.255585532686,54421.78514302437,687.8946284287853,485.4746464379255,824.0289375782021
48,7344.280590603141,20363.644824496143,67345.15483397512,0.0,157.49661742762888,61939.83890440522,0.0,91670.83337531515,717.3603367940048,562.6241332495534,2319.9080042601663
49,32101.71974225732,9206.94012391883,68349.37947906637,0.0,15.967675292262316,85049.27059748292,0.0,135239.2585821026,716.2809225905702,501.0424909084112,4844.83438637544
50,42914.71947414114,3050.8327756749604,65825.61371900808,0.0,0.0,33543.03979668146,25025.846346623504,78098.03823163641,684.8768506987034,490.54327774652086,936.7679402566876
51,42636.988067868275,3217.35962070076,67488.40969566717,0.0,0.0,34545.20664213961,25676.636677150356,79906.9090147402,702.6959926464172,502.6803199517366,942.3924473467164
52,33427.16917208786,3628.575009115882,65574.44744850311,0.0,2.69197907290547,32187.680344785855,25340.106236433166,76914.28224609971,688.6514072579948,489.3223369832245,1123.1999834221497
53,40402.18442186998,3159.6823725322906,66025.2834121224,0.0,0.0,33811.08122491639,25191.502067121248,79021.39111232704,689.4127416894108,491.86801405419055,968.5242127226513
54,52833.63966116988,2119.11168393166,66210.2009010487,0.0,0.0,23839.567766311135,25262.497375905998,54259.564049046276,691.2739066329731,473.9580890054368,815.4836260241852
55,60157.829739685374,1356.3838417554455,68857.35734401247,0.0,0.0,26875.9754998859,26049.362048270283,47859.619049078035,712.8373198396831,430.8801471976286,793.952022321955
56,28030.226274440553,3890.3235843393227,68058.31551553088,0.0,12.920793770288123,37172.11929812497,25954.701636557285,83021.0423856152,710.2928199112512,534.9719544606406,974.7662257772929
57,41010.37980292797,3490.6041933943443,68942.37451620954,0.0,0.0,41064.496068346525,26037.529496806157,87676.30693768241,712.5730653741626,510.3380334606535,1171.9234730479482
58,25725.841552799164,4748.656432643274,68137.62287768157,0.0,39.63189342907415,36740.62985688685,26383.961214634037,85706.83620119553,702.4787990999089,554.2331864992273,1463.5346178887705
59,4268.067719443014,15304.059977068842,70280.97498064952,0.0,159.891062664572,90024.0074218738,0.0,141982.02035195078,726.7561565395326,558.3214597123349,7185.51280995969
60,35175.750258227185,3370.755155903362,65350.77549566247,0.0,3.941231171911643,36260.18466453137,24753.69766294863,79973.89515620061,677.4409227960969,486.33109098463325,979.1821953477513
61,42061.71758311719,2072.2868647403225,66626.26325518046,0.0,2.3192768626064235,26346.60977210202,25108.674206872376,59271.861043581186,687.1265080890472,465.02294589893694,862.8675470054594
62,56004.88648368292,1209.453162135594,65668.18339316924,0.0,0.0,25132.97860218632,24747.78138721658,44628.17515121182,677.2223817442137,408.0691262741302,736.9428297514527
63,51217.5169197849,2518.164751536817,64998.95097804772,0.0,0.0,38717.32908942261,24522.962909398208,82626.87887957942,671.1010090530178,438.70180628858844,1099.466725722572
64,1156.6614937138443,39060.13620244154,71989.58810596925,0.0,245.74056958559126,121767.490584497,0.0,173960.9194666302,732.2463217819844,624.4523336596599,7612.7588749759525
65,21396.556069264643,5188.548608510603,66083.77620505341,0.0,25.759879349852508,37098.215806562555,25315.743857494563,81810.80278002283,692.8226635714285,546.078526319943,1004.8846496445276
66,17195.433091962277,5660.641247398064,65537.84165739243,0.0,39.88953878458462,33527.66950939455,25173.753239925063,77904.08377608341,688.9380988611437,542.2245109808574,1003.1179596610868
67,1558.0575116815146,31695.52172239791,70624.5718973326,0.0,255.10095891620577,120396.69989912391,0.0,173143.99410814614,722.8492132439445,607.0415709557528,7483.978033636795
68,27160.967301026136,2725.9551428422237,67078.38381350825,0.0,17.1428891228335,25584.31959457183,25988.718652073265,66969.09992356258,703.9938663991774,516.8619287546297,1377.405282439987
69,1581.3126466450506,34299.25103387684,68569.53548792675,0.0,288.2615014373227,48197.81168327627,0.0,88506.49524039144,734.4519862292071,598.0486482238503,2128.3999739120213
70,1319.637376021536,39509.06525969507,70386.39392676164,0.0,280.81833493443685,115872.6620113019,0.0,172293.5653395945,716.7845179286708,611.9665798774904,7355.165563054898
71,2720.775947078475,27414.535903195276,71251.30671398288,0.0,245.78058930116845,93433.17206360599,0.0,144818.79026650716,744.387733646189,607.3939712673833,5994.0148462319585
72,10608.646299260909,11734.500280239668,68720.76189488068,0.0,114.77863343851443,114081.3755997858,0.0,169633.8026416937,704.7883622265131,547.5388385205476,7235.011484754279
73,39875.74886159363,4046.253550627446,68187.67067100666,0.0,1.294675831483116,54443.97190019907,12562.632834624093,110050.54129717474,726.3503303492193,490.7986554377298,3558.3259999420293
74,3087.913159394825,27673.207305887267,71015.3969751179,0.0,193.78860017563136,111424.4943535176,0.0,161271.98323124764,726.794695101717,602.5126812275975,6998.723125465596
75,31802.212318406535,1981.8294868305247,65802.05731339754,0.0,3.3631623025726056,22949.502384915544,25745.492459728175,62894.87856696684,685.3303552618949,458.8307524118285,1228.057859905077
76,44712.85840015184,1482.1593141495111,65650.06483928925,0.0,0.0,25384.667041777862,24990.348692231135,45077.29301178718,683.8774081177488,431.04187180177155,760.9415141860982
77,6569.750764328931,20570.414176189206,69691.07178319883,0.0,160.18242140991998,115383.07450138676,0.0,171558.13296685638,711.984450387148,585.331276025522,7300.23928108206
78,9701.601207670921,12373.610938563945,71720.87028943523,0.0,177.65631464335252,94241.93112131202,0.0,146054.15733493742,750.8268586426587,577.2724831776402,6056.542542191988
79,18597.657597653833,6588.339385900905,65759.32512139708,0.0,100.11356742373995,38132.657279616564,24848.35807466164,82379.54562077213,680.0337911670223,540.0883978820596,1058.6271552404514
80,5610.982502523946,16762.60168163496,70767.05705060979,0.0,176.82343132904342,93762.23021917633,0.0,153598.020947941,731.4009453790735,566.8625227723944,7467.871459216674
81,5327.377880705386,24568.210979066465,73940.54899379729,0.0,177.57516842319143,122296.15620850697,0.0,181851.59804337373,754.8037398862559,625.599191914313,7741.256151343143
82,5315.040802369672,17538.29199353739,69335.12650463509,0.0,108.88572129423196,59604.92185207663,0.0,119479.82488406895,717.6568680545507,561.6100758901038,5188.11389921404
83,43232.64172294764,1546.6894752367205,64786.005950134946,0.0,0.0,24237.915919086,24759.613938680704,42804.46072190059,677.5686686144367,458.78741428141507,720.1989520478018
84,963.3754577361585,36396.45073451824,67644.04457559288,0.0,232.26601209427804,111480.12604333753,0.0,158383.32272660028,689.0674114414427,582.9533311752058,6944.535976998376
85,1107.5331058746078,40904.460313070194,71214.98738863788,0.0,267.61260323715294,116907.36357342929,0.0,173832.25155162116,721.8175323609552,626.5901331707681,7389.609515474541
86,19426.33257942796,5200.994765275951,64257.65188213623,0.0,26.458459212039738,35470.51352260684,24765.530214412767,79215.80674465213,677.7664781187843,528.8709386353909,919.2260372139181
87,287.54506230329406,52495.81595498296,70688.6677426009,0.0,421.1859987711297,92254.17091335083,0.0,151127.03358754664,719.869190401214,615.9855426111064,7332.945952549722
88,128.75602333135942,77252.8456668883,71054.48498812196,0.0,502.0943427161161,118756.19680606402,0.0,168876.78012286162,789.0522062398232,642.8367343209402,7364.854420798054
89,1521.5050435033043,28038.964607278016,69546.32454536598,0.0,259.28939599882307,61184.89060309047,0.0,112628.37420929711,712.9833658796546,578.4245725109585,5072.28307405296
90,2210.1758488929813,32009.454708064346,69319.45509452048,0.0,252.68771048327667,61556.235261730464,0.0,91097.6717177791,714.8496543113044,589.4047342643229,2279.8343022644995
91,341.0489063146253,50298.64322084815,69741.11446995634,0.0,270.3165944450825,117658.93518405553,0.0,169242.74191331613,706.4452274792927,613.02301106095,7284.741797234447
92,632.9226890386723,45017.97013652053,67890.44603060297,0.0,253.32374731255993,114495.34657527307,0.0,165884.1554191245,687.0948430717916,597.5971607117465,7081.924972721515
93,662.9960409374755,40593.646177289724,68707.36169074182,0.0,247.31150273276444,116870.99330786875,0.0,174213.99337490782,699.573677421893,600.1773850208588,7474.035513426998
94,1670.6595894794907,22901.031574962868,67409.70173574482,0.0,221.73240203284217,91893.05017416544,0.0,151442.61024937325,694.3064393911461,553.4173962965294,7488.018251598471
95,3447.7939521829053,27518.349281378138,67288.69037535638,0.0,398.16003230525024,115555.53197288462,0.0,172196.44023150665,692.0879209147575,545.8533248128277,7476.084305194089
96,973.768454992116,42920.80951307836,69532.67128659121,0.0,313.5031427546676,69107.86021419369,0.0,148085.0733643421,715.2212532343916,583.6512630083892,7212.628987368232
97,1020.7599316619048,40440.109006611085,69595.64656665419,0.0,249.99570258012628,69963.55011563472,0.0,148768.51004312438,723.6824369862916,599.7811888799486,6943.031011668418
98,267.40376108645137,51755.24387314779,67781.50201348255,0.0,309.97322590332396,115174.49945164491,0.0,171633.39775241452,689.7112391031076,599.0339599903059,7451.180180114948
99,276.33110250655665,43466.529022991956,67867.36377625082,0.0,312.1976765426244,116074.10842349452,0.0,172975.92025735258,695.1031861567313,583.3146516266094,7512.602245821424
100,2068.6280990458413,30528.151918256288,68030.19636743516,0.0,223.20340720104448,113778.50506816627,0.0,172119.6224264039,698.2803739614201,584.22149353752,7445.993577260241
101,829.6693578191683,30801.858145849183,67448.85111663988,0.0,213.32515216175344,91548.90950194208,0.0,147954.74437899466,692.801524670978,580.4766311809958,7094.344749391878
102,1031.838540880683,35466.87658895895,66558.72078426431,0.0,253.27584780891263,112814.5304193937,0.0,164578.29713698657,677.3569121329202,585.0324431067312,6942.335919928714
103,520.8105654164684,40453.853461779676,69287.7694756881,0.0,284.18034398102964,60787.01102777158,0.0,115101.7264363919,711.598516954656,595.0552280571133,5121.954496263937
104,2374.62778475536,23638.34616891805,64341.98907866551,0.0,252.6640995387987,59187.55167323248,0.0,87594.50238590577,686.1499523273873,553.2741887985703,2195.357219529825
105,3984.4469249026547,20484.23295830326,67067.51962132059,0.0,147.6514342727852,114307.84713984634,0.0,166772.41187142322,685.8821809926661,561.2650368882479,7026.421871386522
106,2482.51303104264,29415.69092774253,68391.98479942605,0.0,203.434578892075,114735.55914725328,0.0,169200.87546144112,695.5281369533836,592.3756995429621,7109.534036451715
107,3086.2632669531563,21324.538419123226,66928.64438994796,0.0,158.61950400591556,112857.42610314168,0.0,166427.63046286764,683.7333150849868,563.7962654217002,6981.139575237368
108,4690.409660398815,26277.8401089451,76542.63433328655,0.0,234.01056651198766,94955.447413164,0.0,158109.94515380225,786.4231457884607,643.1507758112762,7559.186987069667
109,2834.434253981733,36359.78462878072,77097.2038127917,0.0,269.80271066465343,119809.0068851049,0.0,181134.8700523137,788.5820029176328,658.3567121969459,7563.5707399695375
110,4251.066111829078,24953.038914744597,73384.37660520348,0.0,266.4624216403907,64294.35101865603,0.0,109043.01201021508,767.3602070398598,614.0034435710351,4602.807148481074
111,3194.789125533821,27815.066186816082,72965.6370050331,0.0,277.71892840046775,65573.02466001084,0.0,89839.79464125365,779.0649287687105,620.0316528980815,2091.6782680786546
112,991.6304888045078,44821.80273444486,75010.2398053633,0.0,325.12902075554763,116344.0680557965,0.0,175896.48673872047,765.8616495299437,649.2271033592496,7333.451785692593
113,5867.6122038765,21105.16590786077,76101.34502098752,0.0,232.21092926015257,119189.7619360902,0.0,180202.22128767867,784.4090772105658,628.5931224365315,7515.447139487198
114,4185.803839262098,23915.270138068547,67282.22581403346,0.0,240.77069996595097,105028.3060698861,0.0,158795.68620163065,690.9714120967291,572.1678708522151,6616.6859620832765
115,1009.116635372691,28449.830907758773,66516.15768862212,0.0,247.47802167202423,89915.76573972647,0.0,143694.9014038266,682.5787250652571,566.5372302954686,7001.795280134058
116,202.11867854696445,53075.92068454498,71568.41254110783,0.0,270.02737440772717,120242.18582931094,0.0,170993.48005591726,728.1343231674952,634.3346021714484,7363.66942777438
117,876.641725925796,27740.552713452824,69257.05081085909,0.0,236.61829257613402,59896.9046182103,0.0,118594.59240630806,715.1271838537401,573.9540462115008,5114.611618491682
118,3910.4915921600027,17265.136825835787,66704.87367325774,0.0,205.18384825000706,61688.81070470554,0.0,91297.46205141474,715.2368464639957,538.354695087469,2275.7835240777367
119,639.2668562313397,38057.60421684253,71900.24522814265,0.0,284.80367983387964,121384.45432532617,0.0,172626.36986944548,734.6029713438975,626.3922250428113,7451.832399435626
120,251.00146933826355,44932.607288017774,65113.92061633792,0.0,242.27830874790422,107116.18925433558,0.0,152189.10807286622,662.5495455972871,574.4851009087013,6604.153342133397
121,2120.285352060263,30389.190357768945,64910.59182285384,0.0,251.9585817325004,100907.89394823814,0.0,152565.9108069775,663.5515724654605,556.0202350477787,6334.121163336685
122,9017.0837210579,4045.642790604571,59246.68351361176,0.0,21.892219493778313,35405.661534982086,22576.508193549707,79955.10054067498,617.8911494016894,459.37003553204437,1694.751749875147
123,350.99036208577644,43525.932732206886,65238.49054005514,0.0,283.4376179769506,109933.01878678279,0.0,161350.2435032203,663.7130687007732,572.7818962359953,6739.327764594283
124,6151.833360410576,12465.895353378182,62371.11260597777,0.0,205.62242836826627,55048.41785101248,0.0,93366.30658211112,656.9073696525509,510.8959345509005,3924.4324772063787
125,3147.7139082052054,20172.972990467406,60643.00399502341,0.0,218.40123086266627,55940.491186676605,0.0,79716.67654723099,647.7160896302111,517.9228587928856,1901.9699960222858
126,372.35087543625303,43172.02415031681,62969.592222476276,0.0,243.60526446594716,101950.58461743656,0.0,152336.61725160276,639.0167745538363,548.1919628267967,6380.183616028423
127,1517.069013598325,30019.04803093087,64991.3687035919,0.0,229.13746079334263,107407.50920598055,0.0,159714.58599313462,664.3526903869584,561.2019230933896,6671.316214281677
128,1854.48070823199,32452.902061188714,65066.72314874764,0.0,262.1566311128903,101294.74061601356,0.0,153152.03891978247,667.3817496099472,556.8824494133796,6332.858571010993
129,1450.8593653663304,31090.3546951306,66143.6168442055,0.0,228.97653137272692,81958.80913452449,0.0,136469.15812098398,679.8127396715083,561.728891606775,6418.595924123685
130,174.20639143977843,48855.71328308617,65385.17564960626,0.0,284.1076192361635,107199.87495242021,0.0,159396.97809407135,662.7538076263869,574.0800605629131,6606.881923555836
131,179.8370841612437,53912.015650364374,65641.82155830292,0.0,287.7593071770201,57382.66476711497,0.0,108659.10000798956,727.1123310304496,575.7863386140184,4772.269461387403
132,10517.910445296364,4637.330695980437,56131.27671385932,0.0,36.68461637780279,20940.620769374564,21765.978418257186,36852.49259201525,595.6642520221438,447.64669308988096,620.7740086945787
133,6661.253865198689,13622.72058741144,63750.02946474662,0.0,164.82841896907374,99998.18327316784,0.0,151187.9728298055,657.625161579523,515.3086336274682,6252.458378964179
134,5115.95952724121,15733.613219387733,62682.15793190016,0.0,184.77414592714325,96684.59506005072,0.0,146599.71487406665,648.3525952413751,510.04457875480654,5994.017631818425
135,968.5142380286583,37514.11768662827,64624.044032153324,0.0,240.0457539237027,101891.33290509459,0.0,153550.05843208713,658.9681858566273,559.236143091266,6365.581909414616
136,474.5659537939079,37843.076733475005,64366.55324546862,0.0,239.56659786788572,84305.98100201252,0.0,138108.49877921076,657.4826988022314,552.2111139445497,6567.536604757831
137,1240.9382748581781,28667.381221776694,64383.91084590746,0.0,221.23681226045895,109036.51776510486,0.0,155054.97606195803,660.5543605492871,544.4735198213746,6630.639582172806
138,2127.1334990397936,21564.537190598625,64912.16096280264,0.0,223.596480624089,57352.54699571775,0.0,108599.54623562799,670.7220552376881,532.6769976957892,4749.177705959913
139,4203.393980415895,16674.962042518207,59229.7959016068,0.0,211.72617927619507,54844.74556271931,0.0,79866.84965563276,634.1496146356716,489.70394720657816,1919.6698484461274
140,255.17716782291484,42119.89457464653,64076.07141501594,0.0,253.11802568027062,107942.78540735618,0.0,153495.4536611232,653.7131527675211,559.4659115389494,6537.509525924923
141,7158.045081775899,14159.600254539702,64420.77705513316,0.0,175.5647851529155,100963.68136994296,0.0,152649.67698656465,664.674889615807,517.3220177045429,6268.878195452372
142,16714.780105340382,6150.700982580265,62287.76660099428,0.0,63.63734763331819,34926.06062385426,23836.674924478983,77025.21151984207,652.3461918844444,516.9059831557145,912.534623522365
143,2053.6483963045216,18680.561846996912,63033.18830392682,0.0,193.51630492707062,85570.82078632183,0.0,135722.21346646626,651.1360177226439,513.732090967206,6556.84691550175
144,3154.6541741213678,21449.079271115315,65213.42815193942,0.0,194.38617997610302,102266.70727445968,0.0,154615.72818954496,673.3992246532189,536.8072962163186,6336.659225853128
145,4540.680242992918,12584.537404238525,64885.2211171903,0.0,179.74072995889756,57590.68408708167,0.0,109045.47438207519,673.8761514876512,511.25987509795834,4752.8818028723645
146,491.79165477775143,37972.60235896537,61382.396181463446,0.0,338.66824012051615,56153.90932173694,0.0,83103.33954059632,652.1342146587089,537.0117983840934,2039.0676010109714
147,45.250385622155235,61864.9034977475,64852.23927374005,0.0,528.7437799775613,104688.53200229368,0.0,156408.8622025393,657.0702138913205,574.3133650960558,6494.5066576573445
148,18.624677372456453,71636.22221069339,63179.55932072216,0.0,535.8951764541175,103071.17208587771,0.0,153266.29735815828,693.852964118468,566.5458640316259,6338.7579960499825
149,2827.2371851317707,23780.335260712083,64232.64783202744,0.0,233.17621090339267,100429.46160434738,0.0,151837.716634652,660.5327600881022,545.6371409290576,6215.865713233294
150,1209.555680651024,28791.3948455944,63693.834355468294,0.0,230.9695522106209,83773.8664275835,0.0,137236.42875806685,652.6147396321502,540.4110267519039,6483.484634551531
151,6472.11299913444,3720.099852498374,57153.40323996073,0.0,28.66061204609878,43503.200665028635,16305.255917563687,84376.4566913999,595.5660625551775,435.8515684424471,1814.4405726260854
152,124.57171002275402,72106.57535419671,67537.2363364417,0.0,440.0815716257988,58754.21593910909,0.0,112607.16715317122,799.8578577414996,603.0897094971493,4857.855252370357
153,429.4149544312849,61114.63114686937,65834.29336180551,0.0,428.857398725581,60019.125989391505,0.0,88129.98048461688,776.3745771323441,588.0872515130106,2142.3498484932948
154,135.58648927627326,51009.16038779956,68253.92400427809,0.0,321.7565310505766,111955.73089939085,0.0,166469.28998867064,692.3096073601588,594.3061729580484,6853.194761927719
155,471.83796993578716,41088.84898523551,66886.66082215268,0.0,238.4515924434284,110962.37702420464,0.0,164281.22513101937,678.6748035444692,581.8376331818752,6786.648997715009
156,916.4375913931797,37211.66081710752,67220.3864936279,0.0,241.1541337867527,110678.2898355795,0.0,164583.52427482838,684.3693893895703,579.9718661367609,6813.653295525712
157,254.44370922279325,39771.267935353135,66776.88099731915,0.0,240.19687499012446,89729.94198342062,0.0,141276.11150997537,685.1737061727702,571.0831652200484,6856.7768678402845
158,153.48891022354866,49462.070625922504,66180.77059228357,0.0,315.73986904117976,108502.98181934461,0.0,161341.30550502165,671.1877048921175,578.05202292121,6655.790017940729
159,1537.0639411421566,25815.04992163591,65063.37071886765,0.0,271.4052428504534,56357.380582690144,0.0,95589.68240122702,673.1993810339039,540.363790458736,3932.9416357069945
160,1428.1150186913144,26162.684463137404,64017.42729397741,0.0,244.38267239302408,56821.790353650205,0.0,79101.27546068614,661.4436649220297,536.6497278954371,1829.052822858815
161,96.15753271026092,67527.75698313904,67895.27093419027,0.0,491.47904195737266,114208.7249226088,0.0,164226.5319876844,695.9744884894827,607.8882445594012,6867.18263343004
162,86.28470665087374,85165.67068055981,67101.07550438266,0.0,584.7098584414493,112293.22331976712,0.0,160431.17539026434,755.8029258849689,611.1839074707793,6733.387877184503
163,83.2401594033259,68149.7038038969,68074.00753485855,0.0,409.6662149661429,112102.37310430387,0.0,169586.72207676023,689.1440617361027,607.3032027203606,7190.271789780628
164,5041.44051171728,13199.915414044746,63645.194770974296,0.0,181.56095549682172,59888.879289341945,0.0,108154.37930496545,670.1135048572256,511.37950786477995,5328.146599561513
165,5412.953286599391,9289.66374592876,61481.966725305894,0.0,102.90927057650255,35679.65771710718,24091.55435178154,84212.50017556721,651.4417996294957,511.2964033406175,1142.3049546418583
166,11212.425605479517,6086.6255306291005,61367.54772202547,0.0,53.339513714537325,27109.276258835445,23611.85644666062,65565.29566618457,646.1908107813189,508.1872838151024,676.8013122466996
167,132.81987136952694,49380.40935408801,70026.1120813712,0.0,291.41277160334704,70351.61098298845,0.0,149586.86801523727,727.9686389617298,604.8547327174128,6733.292246497707
168,194.9089145115164,51460.63050347432,67497.11477884222,0.0,347.46981301665886,112085.51987564674,0.0,169810.00303191066,688.4524163064109,587.668322167058,7154.117931947437
169,2050.99790886857,28671.196809650806,65633.97204116081,0.0,235.52581510286026,110781.78328087773,0.0,167146.07537603952,674.2142795488179,548.2970797393024,7012.980535239967
170,995.6804705075491,34905.94845834494,64873.17905726975,0.0,235.78308743616205,109785.53387885999,0.0,164991.11275309298,663.4078588120705,554.4927544365164,6948.946638688687
171,99.46710897427681,45486.92718414405,67580.06561330371,0.0,282.02047707536167,91553.6073415996,0.0,148594.86500962134,691.4769270124041,578.258649586087,7064.458394981634
172,155.600399598035,59875.93514520637,68329.19816498387,0.0,386.46206927738945,110192.27544859845,0.0,168136.3054646709,693.473924237261,602.4179551599004,7113.419998330389
173,74.81236712178283,97464.53467913235,68747.4779631726,0.0,474.9649992698274,68017.73728782889,0.0,141059.1718241173,839.8769714426312,618.1139897102511,6736.912283774257
174,98.99007276231667,70264.38393320495,66702.62177009133,0.0,444.8488078704145,66949.0868567566,0.0,138659.5441184835,724.7950744853877,587.3378454500383,6368.870595704879
175,211.7732674724331,52244.91578875565,66375.41844911332,0.0,388.6207514552124,108968.31445382026,0.0,165777.0109159586,677.1410691444523,575.6133043062782,6990.250878471286
176,248.43238209619886,51372.135294461026,67082.10883160698,0.0,313.74666140351235,108316.28700950103,0.0,165275.08965202654,681.5688346472334,588.0854060611823,6991.024860888714
177,568.4930257153991,42267.22586411077,66741.35430660103,0.0,320.1477000059964,108590.10744112605,0.0,165398.12192779162,683.4374073762508,582.0516711554441,7067.729620110888
178,210.99751877312758,46999.09592561515,66500.70488078188,0.0,264.2368863455778,88122.8951117286,0.0,146997.29048015698,679.9926640548338,572.1510904186539,7029.232300980766
179,4005.354276553967,5351.253223005419,59800.517701387216,0.0,77.5030270642918,46049.89815629907,17127.618244320343,85990.50426062693,627.0011346685524,459.65037784213706,1279.3489769850416
180,3958.7903610183535,5288.832849748285,58278.35439281372,0.0,76.16607428421297,29062.37066536447,22422.685024516097,67545.99887616272,613.665438284469,457.31060072166844,826.2212998829934
181,2983.983767460162,11903.54091161738,61384.33457600246,0.0,193.3879244794143,28100.567886516168,24109.796316207412,79707.01569475945,682.4579325621531,514.1642785461762,1088.630041917617
182,105.95889904279784,52986.325680176335,66860.93291490452,0.0,423.8870874508771,113630.73321391182,0.0,169341.6114277019,680.5831283663272,586.389904514659,7039.744542821082
183,28.296291005067825,69338.73436652639,67920.64265366936,0.0,521.4315474998037,115176.57922051432,0.0,168829.04409711756,687.780190061449,611.6184640672833,6973.167467612885
184,40.90154734743013,62851.66776702309,66858.05499472303,0.0,475.78034978943776,113208.74838041185,0.0,168754.47074006582,677.9750540045889,598.7711594912221,7024.0067651783565
185,1286.8463563499529,15037.245344178866,65064.24297762408,0.0,219.5542378291981,34051.37064381039,25556.992160660717,85567.1466215333,691.027930512704,547.8461679471645,1225.1649156000487
186,2330.4891126905763,11348.637850028445,58868.866649513526,0.0,176.91022521493775,28784.2213101552,22913.735910277264,68999.65164613821,627.0940906752633,496.43929848418816,858.8564936619119
187,3101.4767026529853,9583.405181800885,61796.55564453795,0.0,193.99763737111627,26207.847227869348,24008.24692070879,64670.82827198779,657.0615899263145,518.2770950660947,675.5317054243307
188,944.1604837230493,16789.431349169485,63650.57778615604,0.0,190.50219439848928,29055.767300605534,24930.684715372103,82414.59750886248,704.8309556132729,536.8932367557946,1128.583796737682
189,408.9063506390398,28037.680778826914,64732.6929760758,0.0,251.2909102450283,42507.789401294656,25094.86239520504,96148.6223442894,709.6593051684042,558.3184422570314,1351.2541080211904
190,3249.1377158517826,10186.000374790292,61447.155943022044,0.0,126.41123974639078,34718.69446905627,23824.84237301486,76738.89550131549,652.0471456377251,517.1375399554624,764.2727287356944
191,2880.4074831508137,12503.507085479236,63403.6921892204,0.0,220.37484393935353,36008.34342633047,24918.52340575485,84888.72813349839,663.4978056766543,536.7479680876194,1171.2300670652412
192,7224.152133691369,8442.615830383564,62671.53349374183,0.0,149.8202783826243,32997.562965024954,24179.818916938602,76225.84849091416,661.7533192285971,521.6125425435654,803.009669384975
193,1817.662739575191,15115.633080068368,63769.96919560937,0.0,246.12574927663195,38128.700687188,24991.491263458385,89533.95950842365,686.9558557818968,540.5077656552273,1213.8815237527867
194,4391.597299810646,9514.76090612834,62356.7548859087,0.0,193.82203706836287,26864.90682656691,24578.006736471725,75259.38215813077,664.3141941641917,518.4928206901594,1057.8003582048898
195,1220.277491780851,36068.78498129781,67162.05526305485,0.0,316.7080613294199,68275.95419832089,0.0,142662.98133913826,704.1164344491476,560.0351500927518,6472.815817640303
196,181.16030862900533,56120.38929852089,68271.70835427236,0.0,436.2524799052859,113272.13232757724,0.0,171610.47135698312,695.808405567616,594.9167095399907,7162.693076058648
197,8384.92440014139,8151.273250849991,60501.380536836215,0.0,120.76761622280449,34744.94360808863,23304.210108593383,75889.8317751301,637.7865299908432,505.5867142581474,763.4113344074626
198,9148.96440608384,8400.260166345324,62414.29317304233,0.0,127.13043782351569,35768.81500946927,24025.995747904977,78248.89737226836,657.5399264682017,521.6885778627105,784.624915515124
199,2844.9596556059914,11161.870296255624,63835.23744065763,0.0,201.25335348925324,32263.892286422597,25143.50763367406,82119.05605600843,669.4940822532436,532.0922951211725,1168.7616186536184
200,1130.4102150025058,17717.115459774413,64567.370505218074,0.0,270.368818297461,39768.32857100007,25246.878765420726,92532.25222203937,704.035247550248,548.5467980873605,1263.7849160434548
201,1545.501631044324,14168.390141228316,64645.86176335944,0.0,270.0046282403614,27847.912062432893,25471.86299333995,78018.06432282187,689.6399376485863,542.4704365188107,1079.721399207984
202,70.46866595285141,63014.24496406865,67679.27040945271,0.0,435.399966964502,67912.34018975768,0.0,144404.48786538618,703.4530566326496,587.0158128313143,6447.043488932954
203,2906.9172260948526,12307.529254996349,63977.68019570474,0.0,220.33640294540632,37194.20313415484,25125.265669248194,87789.00320226412,679.5102445420339,538.7445996118638,1175.664980229172
204,404.4976832151963,39418.268757183796,65234.81645044411,0.0,434.866102078884,54142.92016550154,0.0,108767.8713709746,704.835309102439,574.6964145820272,2531.7794023358483
205,377.7208521240916,39926.47128207579,65932.64023439887,0.0,403.52953761340575,54821.7460080863,0.0,109975.7005488071,711.9584879061489,581.5710390943442,2633.341692343463
206,4654.3518671517495,9807.353634821584,64665.05156835003,0.0,189.7916477148945,33851.027408368805,25398.895135636412,85063.15054097703,686.8776008397386,533.9152309159483,1231.6086413138387
207,6917.873349963571,9217.46001556891,64843.829916910276,0.0,116.17477573438222,36718.86774005524,25423.217754870926,86573.23530790296,676.9033441933559,538.8245347476343,1145.451292528545
208,12084.429041941372,6331.617415627226,62939.51005993989,0.0,70.48499896004657,26495.407599555932,24274.4793286516,65382.641527152184,664.3259017302302,523.2771547930395,677.4386448549631
209,570.0402337699763,40640.32650518568,67080.77399927167,0.0,301.8088087875022,67627.5893334401,0.0,143794.6469294244,699.9028526876701,569.6299955813353,6412.346304805119
210,6598.3049322176685,9276.644567683365,64181.5588558151,0.0,111.72150359108707,35875.049752821986,25283.362694272495,83953.17895399015,673.1823069285548,534.5428781817454,1101.7914744409113
211,5685.453718395982,10366.735150568316,65307.81825279961,0.0,138.2277381004168,37920.85960983304,25617.798708747003,89504.02831433654,692.7028609225536,543.7476592872131,1215.6852142570228
212,193.3043654630847,50383.1824919577,70098.35988497168,0.0,364.57335463238473,115956.44798345289,0.0,169962.3225772074,715.5407711762199,612.2856002470082,6921.528565450713
213,483.7477513718023,39700.13314673251,70060.72015479062,0.0,291.3092543596202,95095.01828752561,0.0,156712.0742056762,718.788393871401,593.8094151739431,7339.363103296131
214,50.2055269974555,84481.6723303091,69449.07253752256,0.0,604.4476800290714,113941.71618358725,0.0,166358.01820327307,779.9041568038077,639.1006251153001,6781.366976271691
215,2563.9498078695747,11794.777757689644,66015.88067938197,0.0,198.95103524901418,28450.24150097824,26019.121926116397,79697.82266456143,703.5967946857405,553.3996202976097,1105.6281318227432
216,3827.811988932621,9730.832559424267,64345.593171805805,0.0,152.73147700376808,27757.81501872211,25392.81448082778,77275.35331036114,686.5672435873231,536.5886793400189,1008.2640202758298
217,4154.211757753633,10935.509120069728,64628.204665106365,0.0,131.4363565739566,37589.30450441798,25392.81448082778,88721.66049525209,686.6208727347208,544.0202084584733,1191.2314505085815
218,5808.382824243384,10095.775895661238,65185.11854028392,0.0,128.96679596025922,37895.82495248742,25599.556744321108,89445.08591670211,692.2276368637753,542.8446894529478,1192.0184186503266
219,5794.398479168287,9777.489500269483,64206.0015286857,0.0,119.93452738281866,37350.897147668555,25222.556146186213,88134.16754480697,682.0448921789077,535.0716080696395,1186.925659791344
220,3350.134014782988,10793.866762725991,63938.256548051344,0.0,155.41628823495057,33518.12779610746,25149.58828848269,84227.41550304514,680.1054417171462,534.0827643597489,1224.3610393427118
221,77.71421774402938,83138.73453484365,71309.89920931189,0.0,635.121241175356,114991.35041967493,0.0,167869.77479038245,778.6667881651508,654.5409985747887,6823.652192335792
222,1345.9586019258295,13886.996027908051,64519.66709950046,0.0,219.60459849501723,27785.93532813722,25417.137100062286,77843.77124565403,687.3887589393897,542.5747792806878,1078.872918961396
223,3696.8979502504108,10579.639306063815,65656.23776032001,0.0,197.60038303432248,28328.23222261761,25909.67013956111,78858.34516558533,700.6520739359717,547.3624149339644,1013.0305542445352
224,5228.962706848829,10099.055639297825,63938.13081608192,0.0,134.0562611207257,37041.74619278882,25027.975192310136,87423.94661886555,676.9337343374633,530.0657868880913,1189.1005556983098
225,2650.667330082287,13690.254378000795,65941.27816747983,0.0,244.758326183803,38139.15876346658,25763.734424154052,90020.92281033492,696.8339625147139,549.0898283793146,1224.772758017307
226,1408.5751270670803,16266.180502631398,62865.42318069914,0.0,272.82431466115946,38644.7294706329,24535.442152811327,89906.35005795505,684.0717827075792,529.8847541307831,1217.213721540094
227,471.00561225424593,26909.167959075872,63785.29396916255,0.0,287.04978370069205,40332.478998599094,18351.416212437318,97223.05513898002,692.9325824787795,540.1538916012463,1621.7826016794825
228,109.41683790537215,84659.16271208921,68595.89751002769,0.0,568.3182941388272,112480.54704868802,0.0,159267.3459553946,772.4143570744161,618.4245402758071,6679.6265146613705
229,120.21725666461889,70114.64793870466,67694.24877993205,0.0,441.1871982915456,55845.43268868016,0.0,115438.09027847672,768.0663508166766,602.3078174697648,4732.361756549707
230,11034.885105675377,6082.941585592223,65398.405205463576,0.0,68.38609549012408,25361.09671129941,25769.815078962678,54184.13279481739,695.9291497325227,517.7113608119547,1043.6372934945377
231,234.45291781524995,48226.76034929726,67841.7427100271,0.0,352.0649780534438,115451.75194324579,0.0,167690.9721284848,691.0930689434919,594.2267877948817,6840.421187747983
232,423.6294263644984,40798.13704672174,67956.90961000141,0.0,399.0995011204778,114369.77014315309,0.0,161716.61716640563,696.9613051398649,574.307942495966,6757.144150678157
233,176.66375853656712,50610.233093210365,67612.52423657304,0.0,471.79665433992835,115247.37647796422,0.0,167394.10912062676,690.0900882343282,583.9575134036655,6814.601879074893
234,1828.157809315459,11885.216921893627,61453.85626602629,0.0,175.2767921680801,31841.030548173432,24036.828458503893,84697.29961452207,670.9022081289448,506.70169082074244,1666.3838918649164
235,170.7789908781046,55415.067107433264,67364.07788705603,0.0,494.71562550747893,113771.42143108437,0.0,161198.57578632227,686.9759804796917,592.5030963795199,6776.11558414306
236,179.58537071808843,55709.63262608116,70095.97932937014,0.0,460.89725630501994,57994.232194801894,0.0,119880.2731101047,721.8893791288218,608.5813580039559,4914.8020436396055
237,516.8032127942189,42299.24247878626,65022.2927245381,0.0,387.72398673465517,57264.11855413263,0.0,88495.80465510221,692.2315272462163,565.3645286061296,2109.665258251382
238,737.6558509898779,31228.864775917984,63448.99036018414,0.0,301.54399180346843,56044.98942689852,0.0,108513.46702434117,678.4290799171187,543.6535860349957,3069.73101457246
239,207.4842080016285,50380.45187036409,68748.88105361229,0.0,474.6417732065986,116537.18082322857,0.0,165120.0934606873,703.6949089086681,590.5432434988855,6901.726767389194
240,102.66180678913841,86823.44913855987,67403.1525386265,0.0,621.013381402515,110101.24871169531,0.0,155879.60947519483,748.4721668908228,618.1148057915768,6556.546734609647
241,1702.8275796666123,12303.892045891569,62103.437609764005,0.0,203.7541504704708,30611.461572997796,24322.619234509388,81785.38912413783,659.5546023921787,512.4891773769523,1538.9371484412775
242,117.42538565533198,59970.227474358486,70391.5215072842,0.0,447.00384407101706,119331.31224656205,0.0,173339.18428788707,714.5244494398183,619.1416246829243,7098.7255474255035
243,210.1385398496632,50803.91668678759,69683.11341940123,0.0,404.42004296880623,60161.13596353188,0.0,118449.9797870309,715.2061604189089,594.4104869913599,4938.869375588307
244,839.7583895280787,37982.8962427452,64316.30745711765,0.0,407.34779364669276,59212.99949217357,0.0,83946.06560008734,683.6413600535982,562.9295389105613,1949.7607389652162
245,483.2211897473606,43536.40648537752,69452.67676523364,0.0,403.42125014946794,115139.13543639221,0.0,170495.48442936887,709.5224134964711,604.6869763907058,6923.760977995426
246,475.1486682696149,44574.90283918865,69068.12429210899,0.0,425.47485747954096,114538.4440910471,0.0,169612.28752414545,705.9252156020252,599.418214505824,6900.791137382169
247,268.8410785637664,50029.20059453751,68408.1382362246,0.0,489.77733067978295,116605.68326099544,0.0,169383.14290955983,698.2317081695553,594.6340440844754,6958.322224440314
248,1093.0659385921304,28464.13761330648,67106.60413201079,0.0,278.93024674496166,87189.83811948335,0.0,146577.8179704635,690.8202966435006,552.7698006258736,6849.201787911373
249,3739.2754588116577,12031.927601641844,64936.43119141596,0.0,168.8791774085319,35876.76473669857,25648.201982790142,83302.88419524652,683.038545780902,545.967206339699,1333.2222565251836
250,253.5720431163467,56024.85721123318,70060.2021588191,0.0,476.3279494011683,61522.93448295127,0.0,115907.32239132632,717.14130902255,604.7257049246075,4960.859169149127
251,6255.943122651829,8109.96528510528,61558.388923531544,0.0,89.55123756661528,20089.62013241651,24474.635604725074,47018.80466037623,651.580674377308,494.13186187030226,897.2752988375512
252,94.87344085571772,63549.46124606131,70011.27633008116,0.0,513.3373636106159,114862.59475635421,0.0,170083.30188421757,707.7531566353091,619.7146684537246,6940.405601205876
253,101.28541093773258,75453.07105426742,68779.37402970764,0.0,494.1089943152061,115072.67766759677,0.0,163044.91945459257,694.7013646122386,620.9648419928952,6838.995932641643
254,161.88628574483002,54299.187471684665,68380.47972687455,0.0,384.70695743682455,114768.26853863201,0.0,168446.5266096085,693.6412171698043,610.7216943669958,6857.000884947417
255,179.11979824549118,50255.11936531831,67732.03455573985,0.0,307.60160366725114,87153.48235589208,0.0,146503.82378672337,690.2720348348918,594.676499059489,6872.609142799591
256,4447.84243041692,10238.982637902305,62730.29141011036,0.0,110.6072415761327,34649.40781556033,24766.507035539173,80460.8502238072,659.4364452958304,522.9999806633681,1289.982076439985
257,715.6193472358933,38208.50925417367,69763.80544353797,0.0,282.2365814196277,61817.15748831195,0.0,113243.41533606958,716.9078306623983,596.4238162202652,4901.313085226769
258,1264.929216973229,34642.5056188817,66395.71191576021,0.0,284.4605125024471,61090.12926412038,0.0,86606.81104693438,705.0933603344073,576.056545816954,2027.3534660080886
259,214.4476843883858,52626.54569526585,69488.29198203469,0.0,352.92051299533534,117239.98076674672,0.0,166097.8598220439,707.9313139713552,604.1341532914029,6976.636873593873
260,165.7050761561693,62189.396898929284,68451.70446862868,0.0,443.7547803131116,114048.62998727897,0.0,161254.47259585644,694.5580690902489,603.583646919667,6791.542492417036
261,129.99535382812033,73977.63134259681,70257.98050435579,0.0,539.6904717276296,117721.88151571894,0.0,166803.98324371237,724.9789004612824,629.4712555392841,6994.640113832346
262,44.491473368969864,77639.3322525043,68346.45427891024,0.0,513.0872632581404,86932.00400151839,0.0,146716.18371707617,749.0009015407718,606.6769413268576,6850.64420042128
263,26.169642184717812,80014.33847702364,70330.41077952115,0.0,612.2212537019918,115019.11349877155,0.0,170322.41306074418,774.4737341672417,629.0491913849689,6973.369414082898
264,890.7191114396362,35498.852771213016,70418.14756931897,0.0,289.0991805925629,62219.708613728624,0.0,117234.43469289073,724.8042905865384,587.0136607443311,5042.729238847934
265,728.0463620352547,43664.084237425894,65656.65928047599,0.0,368.24883798163336,60165.99850521879,0.0,88605.13239744479,695.3567520997359,574.0511902410491,2137.7763337869665
266,226.0544929913198,62749.77712541285,69988.1826772073,0.0,456.4492480919836,116981.8236068053,0.0,171689.0735837753,707.031514266429,621.4017852445301,6986.602342484432
267,910.8944247524126,42190.40439894544,69703.48506200382,0.0,350.74237260384564,115373.2883002049,0.0,170836.77081648132,710.8832981618798,609.2585275086552,7003.1300248803045
268,838.7777073557514,42099.961202208666,69311.16955002636,0.0,363.39224264662147,114774.37287299079,0.0,169958.24791253038,707.3726172563152,609.5004706908328,6964.272920328475
269,690.4720896951181,36793.10393835202,69376.75556554562,0.0,278.48459940189343,89775.12477142896,0.0,150913.871469095,711.1767706952949,591.9563778822453,7115.84744370658
270,1089.7702144938103,35759.34452574898,69407.04437347826,0.0,293.2430585098565,118745.11344069317,0.0,172509.1316770025,710.7309110281716,587.0772087103235,7073.891317003458
271,464.70613367678834,40276.3647076016,69654.4921959518,0.0,354.53041501561114,61891.70681341593,0.0,113383.6367499075,717.9671858293572,581.6191665031486,4911.625057661303
272,568.0871099238154,50190.6602949877,66983.95863734101,0.0,439.5699919927851,61327.36016493248,0.0,90310.93849812713,709.8028754880028,588.9500310216143,2197.13769004612
273,149.72595578813974,77117.18915181515,70316.39083822594,0.0,582.1594065755792,111789.21857491315,0.0,160175.9674324919,789.1261596516405,627.8264848790323,6744.77823645322
274,148.67956239817016,88374.40389343991,72393.91515349061,0.0,537.0317802427976,115160.90029094179,0.0,165003.64620217352,816.741895611521,654.2785425829235,6974.467515946974
275,2365.9944186254934,13921.939901969095,64770.78861177062,0.0,239.61807197066784,36855.2987077934,25031.762622355567,80880.45585272484,685.095744204335,545.6489485356077,929.9107061879504
276,155.8332383273368,72439.5725391634,71742.03411533863,0.0,512.3259027074308,84604.21194116282,0.0,141136.58097665125,751.9649827567508,634.8325879998982,6779.032378322747
277,135.50823483830618,81891.92163118278,71376.38975757798,0.0,614.4704702983307,117018.06714300092,0.0,165665.62459953816,776.3569771964665,644.9491094217439,7062.558044067953
278,8148.496289097101,8791.260393940867,63001.513392481604,0.0,85.900710821194,33280.445585173205,24469.716427809653,77390.59622751351,669.6546842403777,528.5762095893999,947.1002484769311
279,424.2282636646072,75104.7220300321,66259.84170017698,0.0,284.2458175318164,59875.6004518917,0.0,89364.91148528033,825.2487850303877,596.6517500337411,2205.232646585066
280,89.12763429373986,113352.27445809393,70242.1430995593,0.0,720.7728207481706,115518.55834530026,0.0,163330.0252662178,838.9682499750388,657.184255823257,6975.841902036508
281,5071.231315304376,9979.770966306589,64672.74914649969,0.0,125.16433163869968,36090.83369430927,25079.09282821207,80213.13122752056,686.3658307441281,544.5965105612834,909.9845584389718
282,6655.53899814215,8800.887380293516,62537.70369983741,0.0,109.1787824888218,32731.22505193467,24203.484019866846,75314.3185321444,662.3926841969361,523.8284869299403,842.4167275397617
283,14951.428928187255,5610.2926485098005,62511.039541028964,0.0,31.218923152940558,29856.946240299076,24185.735192670658,72458.28493146661,661.8961336451862,520.8924736022083,815.2160741356209
284,9251.173433796188,7943.263513377851,63548.53235271156,0.0,55.85148865603752,30720.36612157211,24682.702354163896,74951.84529273846,675.4973855268335,530.1511041300582,905.2701861520839
285,8215.851672142548,6962.725128957828,64349.08414600286,0.0,41.59263879071853,23669.85151555378,25043.595173819693,53048.7479647799,685.3747754673655,540.0652095881683,716.2333313962159
286,592.2157801062111,52611.7689430757,68234.75581622541,0.0,387.87015595754224,58598.073935882756,0.0,92161.14594928508,722.3215587608945,598.8652712791036,2212.387259996811
287,92.176287920469,81394.53759320258,70485.07114322347,0.0,275.0944168866287,118359.0598000975,0.0,168553.09547505903,784.7616689152054,635.556554544536,7095.916852288252
288,126.90418421606478,87025.6863136733,71305.8955188823,0.0,451.5350228216003,112112.1691930755,0.0,160639.7382299868,794.366307159566,662.8199564834847,6830.59197509419
289,13572.349124117694,6691.5208378274665,62624.8926587836,0.0,46.070572158057516,33043.42383453114,24286.311880115725,76819.91373253932,664.6195715909931,522.9915075620693,956.3684515273635
290,11476.507112488543,7724.430325066003,62986.01501321566,0.0,76.98149848427805,33167.023087627684,24380.972291828715,77105.2951336952,667.2220637559285,527.0259471239874,964.9522468587538
291,18099.62135922727,5403.382967191485,63977.35835049877,0.0,31.03972912204051,36226.52001592502,24593.958218182957,79482.80705513219,673.0694390330525,528.6500426221629,932.9409204637856
292,12612.786908167884,5600.699672470888,63586.406959744534,0.0,52.39759681112242,24101.253998907865,24611.707045379146,53916.71438992261,673.5474119782571,529.1933114004258,704.9724958121304
293,1266.8949768222737,35973.90485315892,67436.57793000611,0.0,266.84628974556637,57115.54834899293,0.0,91496.77785968193,718.0208491774243,581.9343030749314,2156.2906422918336
294,379.893591988851,50886.585913209885,69688.5883180407,0.0,295.829534740761,111018.49965105552,0.0,159061.15840147078,708.6568252381009,606.8252623957263,6779.461183274253
295,13234.731976414807,6922.695275670458,64862.5243534621,0.0,69.38278707667261,36581.917015005405,24842.441798929576,80272.1571843151,679.8741516098682,538.3262326234249,945.738900724296
296,19097.738428992034,5219.687995802831,63493.28812094922,0.0,27.993371003499867,34473.34136911824,24446.051324881406,77549.28780323161,669.0224838279221,525.6886365085002,861.5506079650636
297,265.7378916985013,53043.89339409447,69744.4831315815,0.0,412.38581643013816,89258.87812570152,0.0,145288.02174666582,713.642106084197,601.8147050253027,7147.456485324715
298,9503.537465741032,7895.780133417229,62808.66102271633,0.0,49.0699856726666,28407.449733662626,24571.97666572447,73714.99040116179,667.6915740709682,522.9099157947978,1071.4601241742553
299,12602.354179171933,5864.926254643602,64364.222405919536,0.0,63.18410976645202,24368.6244838066,24889.772004786086,54513.792477513016,681.1594586063011,535.7479951445567,713.3982938827861
300,9028.159015996976,6984.321276391412,63268.978291201434,0.0,157.2648231134907,23393.36297669305,24469.71642780966,41104.766246116495,669.6659697784379,504.8151097312965,706.3984325914472
301,10104.218842071816,6360.709121838424,63358.01666136558,0.0,45.360894805539985,22022.28062034259,24705.586692437708,42736.02197627329,671.165761752578,503.6240437482296,804.9764168952617
302,179.00539089113786,70929.6913565617,70491.23729292235,0.0,363.8453738787919,111420.10122222434,0.0,159639.89011272712,711.3175942544224,634.3149641517164,6817.097303069163
303,7332.927365669596,8660.918172526162,63710.52559676336,0.0,92.07836494223798,35211.5843084417,25161.74959809995,81771.63828251496,669.9295277397173,532.5282847355053,1348.1988124396337
304,1479.015512543854,12254.841784599661,63020.93506476897,0.0,148.9287615186937,28540.222612952104,24839.4748932427,79288.52385430055,662.2908363578748,525.7602941793573,1430.9393024067451
305,8119.521679799545,8547.117309979218,63397.201696360884,0.0,89.68096339163186,35492.425314520624,24955.00733460662,83081.29149978462,665.3540993485618,530.5703316457817,1414.4166518056365
306,656.6753653527728,50441.33867050768,67278.02957768497,0.0,457.36755907107033,59415.3262217477,0.0,108826.95805139473,717.8739991559836,574.0549445576839,4811.6356134074495
307,14552.344642608052,4744.18736126955,63685.114234850465,0.0,33.65865461168776,23741.092716572628,24670.86980269978,41767.23399884638,675.1558956433942,506.7434598620126,706.2854019764234
308,494.16634576864465,55325.31797834239,69327.78871012188,0.0,382.7778843413929,114156.71022515044,0.0,169040.18377214755,703.3577356839169,608.7282630787017,7060.59536232757
309,12008.828380228808,6284.159656970047,63436.9585513003,0.0,35.15161402273791,36858.7680547272,24815.152274008196,87011.15453615511,671.2323429392069,524.6442382352648,1600.824699474888
310,24710.30103555606,4312.191181617239,63419.847883811024,0.0,5.845010711476226,39650.21177456145,24197.56774413479,83057.26894447104,662.2205573681994,485.50294093818866,1120.91508676891
311,27144.581113764943,3803.219205973069,64682.23218132284,0.0,4.151195640873658,33912.90868581277,24730.0325600204,80823.81171748645,676.7853780803216,478.1236799485469,1136.9611422263085
312,12363.762107081986,6352.470199683517,63310.322035086414,0.0,10.467807839834066,38350.16820316853,24191.651468402724,81471.88053586766,662.0649441002677,522.4825427423585,1044.0426118347618
313,29637.71616749331,3317.3055566360886,63781.204742781316,0.0,0.0,25590.13338301912,24755.21683434184,59576.79465689204,672.6023659674846,476.83128810892606,909.1432983967278
314,41429.27213577163,1480.3434653608927,62512.17771355778,0.0,0.0,24568.54172428206,23807.093545818683,43737.55800588646,651.4950970418613,410.13456439527545,704.4853415906979
315,22053.14217598564,3910.887583368714,63789.825590281616,0.0,10.353562804054473,35514.26966962723,24979.329953841127,83117.98027329227,665.8200667180452,496.50161393511286,1425.9157689890187
316,8038.405066202675,12867.718892018775,68442.1651201107,0.0,116.80391900987802,107700.49597790041,0.0,162241.60974712955,704.6841546302423,551.9279493281624,6740.456393854914
317,25628.76695663991,3615.518155213198,64587.97006832144,0.0,6.023372759205221,35853.71029013277,25210.39483656897,83915.44225326358,671.8075783198327,484.57749892859187,1444.6602184152828
318,40134.69218625809,2872.1999205908846,63372.42466816754,0.0,0.0,32938.92559569481,24020.079472172933,78503.46499308891,657.3531910590445,468.4632346314889,1098.0437893416572
319,43973.728376112296,3108.6199487988406,63439.65662319819,0.0,0.0,39237.51519162595,23966.832990584364,82219.21865228903,655.9001966273125,471.4102916040043,1108.7776159556233
320,29151.301192178034,3301.2814110367945,63392.94242409399,0.0,2.2494803850447114,25384.00333735436,24547.160909260267,59090.79026745989,666.9558101397514,472.15236536217714,905.0635061050024
321,38850.99622866527,1574.3462108914996,62766.386073566246,0.0,2.2044054474083667,24623.268178854072,23860.340027407237,43834.913715897834,652.9488733484324,410.0074435097898,703.9206356322092
322,41347.009338006166,2743.477486819403,63150.90812893274,0.0,0.0,39036.33194983525,23842.59120021105,81795.68871752727,652.4878561892107,445.18629202416514,1096.776020785612
323,20017.184158157896,2731.8208886608245,63585.08319146691,0.0,1.3056370995907658,46065.847802855285,24014.163196440855,90619.57842439043,657.1973410766802,439.4215148668793,1819.1722510268596
324,6817.235616744183,5886.204315341198,63056.17533101909,0.0,79.02613811759504,45922.461266390994,23943.16788765611,90343.7284933574,655.3230496977899,491.5615294278453,1836.5725810426152
325,12082.273649683428,6374.181604615744,64235.70237238968,0.0,53.950816724690604,27163.755553386043,25155.668943291337,78365.40893972889,670.1993608893486,524.5660925226451,1403.3109605285747
326,11508.542377676384,7611.305370252365,62464.68485882351,0.0,79.06685401609855,31105.915231424497,24169.339786766825,75184.01658941948,656.842349833472,517.3671713643735,1044.0351079988452
327,10682.79883479793,8092.395694309436,62733.13699687233,0.0,133.5145116350595,24963.252033556637,24174.927304345758,58093.656547506645,657.018610117005,519.059248325306,878.811202999301
328,3444.039625268789,27767.28104581309,64317.15857022501,0.0,233.52492544162018,54583.57047538787,0.0,87445.76403026078,686.2650827266914,551.5537060400951,2085.3293781740667
329,31268.54045369812,3382.6101052112567,62544.74801158808,0.0,6.299659608678912,38849.37590322115,23730.181961301863,81406.52175235494,649.412636606609,447.9599880907388,1094.2171838911363
330,6262.555010913413,16151.87019602429,66718.82383294638,0.0,209.94765921416175,111599.717687271,0.0,165253.92738294194,687.5861430608895,538.6318188822868,6938.996037820365
331,14087.218928534483,7548.851880923996,64037.698300913806,0.0,115.65975506703352,33009.68915616914,24475.63270354172,76147.73590088496,669.8342405163052,531.6060466965517,883.7737461625984
332,9038.09927623763,8244.097603701313,62523.002863084184,0.0,102.23642453745424,29828.161019903666,24216.013847341343,73520.6966917979,657.9862490318357,518.9017663426382,1051.031895091848
333,19232.56419098907,5689.463535218668,63574.299404528574,0.0,24.31518772662178,39421.295336611736,24079.24222949354,82604.54580153704,658.9828154014464,521.9083462115024,1120.032506461289
334,13925.822225759523,7155.9917318719445,68667.50373164413,0.0,69.4179392162613,55927.467159311076,0.0,96931.10716207286,734.0615908418927,546.7306277120433,3804.8646447664055
335,32973.163390312846,1819.8847419543754,71254.76110650497,0.0,6.081154870655913,24774.691159202284,27806.834439852857,55051.20457172856,740.1315156814123,511.30432732328796,1068.3361108487404
336,16446.721847225668,11800.128136753247,71291.21051471701,0.0,65.76981937485458,102212.9034677992,0.0,155976.70380677257,736.9682736160712,574.8618225131238,6286.0944540166865
337,25378.670351591154,4817.646532655798,69373.06541471633,0.0,28.848282028664872,37956.38361876051,26694.074609874056,88823.48876702737,710.8967711031817,564.2846757537241,1527.1381769166999
338,22821.51805784664,5079.794355697546,67457.77240609915,0.0,36.82773332453228,50337.07299436612,25672.524602024663,106569.2765695622,725.025339161406,542.4493676102768,2480.3430347846765
339,20596.179038220518,4197.892016939934,68890.63152565158,0.0,11.372358100854827,33785.24776261193,26852.17163489837,90256.60985947582,726.4874238095548,555.5022052125868,1773.034868781293
340,23921.52313266844,4222.20827684164,64983.842060193856,0.0,17.50639589349996,35598.00789967956,25453.62102891407,82633.8026403641,677.7992529259318,527.9203506674806,1396.0420825358685
341,19048.39062326992,12401.978668287169,69948.61443093068,0.0,121.25157495272634,55657.2491166263,0.0,96459.58193055174,729.1693771313705,566.055166133176,3793.4941862276532
342,38950.848682949705,1737.1265418934652,66663.0516268886,0.0,1.8739843896922685,25005.10600042826,25534.646059580864,44146.95186083276,698.7772387695871,453.91164671757156,743.7840369750128
343,5871.553223250297,21906.555048590148,72742.7877320625,0.0,254.07643179895476,95568.03386134675,0.0,147856.8527453984,759.956855362089,616.591127874728,6057.026902793258
344,24186.586593063435,4684.55111932381,68499.85796273185,0.0,26.040836534191257,37489.77919961372,26797.445741620697,87063.35515891206,713.5629230281515,561.4630711575987,1478.0969120285163
345,23444.16529965717,4559.894832441673,67223.4635004188,0.0,22.170997936988687,36824.32040356416,26353.55794059091,85474.02809270058,701.5660157287849,548.0905448549655,1175.0049980180468
346,37484.032055816555,3225.4764953362906,67023.53016245044,0.0,0.17209245185605132,33937.640515102634,25664.80412568623,79122.3673751497,702.377586717467,499.04327418447036,864.8078107935081
347,30104.90722748063,4079.2982294811563,67453.94714925115,0.0,8.219580272600398,38440.24792686561,25789.045916059542,83973.63122843658,705.7774731281683,532.3670740112857,881.9538954293299
348,15545.75001777377,5057.369187424293,65484.436700514,0.0,36.6502825938618,23810.108705397084,25623.87936355563,73464.63656389399,682.2272644139374,533.7842057563491,1014.282257682994
349,20223.777331727768,4728.368834943994,70240.99721760869,0.0,38.13698135798729,29713.01196264062,27180.526994564225,82721.32118526893,735.0435562922112,567.3745004307624,1131.8602137064795
350,23374.855352423692,4675.216056262692,69300.70017729384,0.0,33.04106528086588,38393.92963167341,27071.07520800893,89814.58092207926,720.6846693781167,565.3862126822041,1252.8586699603534
351,32282.32325092515,4116.044455061185,69351.62817290881,0.0,11.234630621647575,38504.95680693184,26422.08741939021,85106.21313937203,723.1024604716079,530.3251439169997,902.1219580656101
352,21337.871592050007,5143.175787368187,70188.7531981086,0.0,49.1438817034898,40446.6201787719,27320.382055162652,95437.19422833885,738.549615064302,572.6708332451573,1353.9715013895886
353,20539.785971609588,4947.077728644976,70775.03921240411,0.0,35.04744738499235,36559.10890254118,27441.995151335203,91881.48893337618,741.8617904920451,574.1983468334653,1394.8353493556262
354,3870.8972008611586,20713.955457641783,71863.68898654464,0.0,241.35805000772362,95495.49902695256,0.0,142627.16599846774,750.460711423849,597.484538947061,6194.902585763914
355,31232.22986042272,3427.1092368001778,69159.32265897536,0.0,8.29579930370832,28860.47213082588,26439.836246586397,71217.3669858015,723.5729286881422,562.5051176903333,778.739738199738
356,28314.820456891466,3581.103154798385,67492.65421459205,0.0,10.535888235698465,27219.897491227195,25800.878467523664,68055.74606070516,706.0724472103234,549.9984900241489,792.2627338477109
357,25760.155358360804,4749.4435360664565,68077.84096680622,0.0,20.163353766748735,36288.9952538512,25936.9528093611,82122.27270831485,709.8207229708256,561.0610244898932,890.8030114451664
358,26993.202964702745,5029.92726948397,69631.07633181203,0.0,23.188185654663748,35616.52485329423,26469.417625246704,82238.51379464386,724.4039927221289,570.0184910161621,974.2659746233085
359,32628.912083983767,4196.813501140888,66915.8087768625,0.0,3.6770581983367117,41446.785949734774,25499.14840518849,86569.8647616492,697.8438277991296,509.4774238181109,957.382781747655
360,32128.738250367947,3629.179934308342,67764.79077160778,0.0,8.819758079980156,34676.68782126637,25854.12494911223,80560.29988620177,707.5575475495272,534.0368175587142,884.931499018542
361,22731.71574868057,4824.022374041731,66693.41631254357,0.0,6.628461915511283,33666.82944530881,25795.65946780197,80192.45794367255,701.1657201365197,547.4476722383981,1028.275588145182
362,53083.63140114853,2313.154519103164,68769.48934486427,0.0,0.0,38486.07551114364,26094.84446841743,85119.08805249904,728.554503412089,437.25654910466494,2713.513884441314
363,37668.42785316852,2736.5344983690393,69062.96498316365,0.0,3.3000204119243888,38864.24126069475,26367.48766034627,84920.4000530598,737.6063547436394,459.4172323543123,2657.366498209106
364,32317.134519480973,3368.2993632105663,65823.57414842145,0.0,4.172957584406629,35770.88126890549,25102.75793114031,80098.12870098492,686.9912534909699,499.23979356641894,840.5418488482378
