day_of_year,heating,cooling,fans,heat_recovery,heat_rejection,interior_lighting,exterior_lighting,interior_equipment,refrigeration,pumps,water_systems,time_of_shed
0,85068.9343611794,12520.83313625037,183568.0399539137,0.0,45.463684607489995,137699.959670389,33332.39198071523,230698.27429693937,3510.806896167232,9689.010421184246,79245.88987566477,5.0
1,81686.34552198066,9222.926639370755,181138.7062939875,0.0,9.549915420583455,89937.99525467501,52942.33296009077,182837.9892085494,3852.32451965162,9808.34901228829,25137.464651114286,2.5
2,74282.2277414797,12718.290867376581,179631.2269494696,0.0,64.07780926232249,72744.65405712098,52715.17703444534,166144.18481656778,3820.347890298138,11036.07619680474,18837.8855433579,0.0
3,43233.53351548544,21090.793715777003,184730.55401373847,0.0,182.68778205455527,129222.50127918081,20069.13663826365,239337.94820427525,3989.2491795334554,10875.206355542281,110156.75622528704,6.0
4,28717.25271219476,28608.065492480848,180270.1662421571,0.0,432.0411521518143,135104.49707179624,32788.25688317393,235143.05111515522,3912.344441808275,10805.491496198678,65978.93959684235,5.0
5,74536.66728448782,10408.890510540134,180566.20968676067,0.0,66.13274436654135,51822.34328379361,53054.452323650534,117450.05665725855,3844.9957616674765,11111.21643757082,16591.073369676058,0.0
6,103382.83606298114,4951.827759039985,177269.73960815356,0.0,5.0306230807223,49250.91999854764,52328.99934462347,90492.41274687972,3792.515256381334,8985.984883279629,15848.682552721593,0.0
7,42894.60701553894,19445.22059719135,182413.78904837588,0.0,313.92392533721164,89486.81906751191,53795.08534924853,200846.30977361999,3949.787113483931,11110.271102794397,40530.47710983439,19.75
8,18893.59706464108,49155.73218638482,196234.14615789658,0.0,605.3626748814396,240567.5766357159,0.0,359885.28771248437,4139.702073258241,11849.126664783123,147808.467356925,9.0
9,39697.03239413033,31366.46031051253,194463.2617483208,0.0,337.22323129234127,220297.69980914798,0.0,336310.93001752405,4113.216177961123,11639.705616234249,132842.91837303143,8.0
10,58681.790466465754,15688.313234767575,179995.62728912212,0.0,142.2664417664799,68082.59666123604,52924.01470654517,160081.3351879672,3836.0795375359708,11132.000138963973,20124.321899529128,0.0
11,43370.40564162223,31413.434770111464,190483.41029964734,0.0,339.03465731551637,210972.0200904067,0.0,324071.6395828924,4046.859037070911,11387.465655893946,126251.2370442545,7.75
12,79900.13592284005,8764.181503999758,178463.5448717351,0.0,30.419674990241408,51443.537519024,52675.885911284226,116592.23115289523,3817.6853124531453,10719.727387441057,16530.642550101245,0.0
13,86453.83934244576,6338.622980917886,179652.27943369382,0.0,26.828905289996843,49875.472394696066,52996.755173377176,91649.93661572777,3840.952176315207,10317.654279530734,16089.951533856842,0.0
14,83763.75316870317,8557.851839150668,179159.8807675111,0.0,22.20221414278091,95153.64557953858,52078.08246605845,190220.7748359293,3806.7721806766954,9177.594428561328,35182.56811688618,3.0
15,47265.54610533918,17452.675260807333,175937.80601729002,0.0,173.50661787464298,71561.38449055943,51889.55157153885,163803.0909825788,3760.925786802011,10927.380391461184,19759.55401968468,0.0
16,67474.36481781452,13355.179131208824,174898.5915285634,0.0,85.18989282985243,72264.92985184139,51362.83041509867,163681.32738891116,3729.2982258886746,10778.87997427378,19436.50489800739,0.5
17,61515.564200765715,13875.975286484398,178621.22558020137,0.0,92.43642161572454,67751.15376090205,52671.28403538423,159342.20150065326,3817.559372567833,11070.962823161088,20116.990317377553,0.0
18,72396.1093389442,12443.640324846994,178226.06470739905,0.0,59.12425917290913,71176.28254820022,52162.81329150683,164206.23851492256,3780.548244307486,10935.888023893427,19929.1543023872,0.0
19,105593.95620962503,6281.913985826665,178372.647972457,0.0,3.3441817746616547,49973.5411885679,52363.136111950436,113077.77837217652,3801.7064242265037,9768.2685139748,15873.628263798419,0.25
20,135410.6094790672,3772.284739549696,176009.00438120656,0.0,0.0,49590.22904376183,51509.372014000524,87938.61060749389,3739.6359008087,8637.543854246298,15377.959304810698,0.5
21,76134.84415491145,9894.463143263036,180461.5177962852,0.0,45.606417699058085,71041.09928572027,52884.37175087372,162321.9101203574,3832.656255278503,10584.226102510303,19894.35054748132,0.0
22,85419.33424937124,10131.486571820926,176000.36399105177,0.0,19.9045901820616,71866.66579998676,51633.61380437387,163806.78297466197,3748.8827594182817,9991.121535259654,19559.39360161472,0.25
23,92692.0408743395,10460.466691965205,181379.36115330303,0.0,15.799950269748102,73842.2481454518,53529.47298561325,168995.31604967164,3879.712211593233,10185.67992570343,20480.395195023284,0.0
24,92950.55034178925,9434.60456242613,178170.97024479226,0.0,20.701816937796938,67112.04794228553,52155.37903767222,157772.91622796227,3780.256149296735,10298.5124286917,19832.399971568648,0.0
25,94861.46016588593,9681.322247572269,181502.4289458492,0.0,14.74024612245716,72709.81043189933,53254.5302794904,167682.5205818286,3859.826362484052,10144.47344666219,20408.44156730841,0.0
26,105514.861856664,6695.042174430818,180463.5487430005,0.0,5.702234117262038,51872.2135459218,53186.126153126985,117571.3838871704,3854.824620259088,9933.457588548197,16735.848748098244,0.0
27,70280.70339794228,13800.217858571224,179474.7154988172,0.0,66.27660092001618,86873.75695540372,22975.89783331912,136232.41354645242,3961.3414133515225,9578.016266847892,29597.588543776288,5.75
28,58674.225845324996,11436.673874893753,175795.2864450861,0.0,34.738989864030664,70056.80755054385,52078.21519504882,160002.40313220024,3774.3918111838675,10398.950987943874,19656.72625984096,0.0
29,82756.2603519112,11266.795370952692,179802.7068612265,0.0,35.24341228998589,73068.93757433085,52963.92467413569,167221.169814215,3838.7892080601623,10541.640697526922,20283.9038615742,0.0
30,67069.5518852949,13259.596265547118,176135.58266349303,0.0,64.11006303254959,71974.69019046976,52177.855131577824,164738.83053268277,3782.207282898815,10300.964534943594,20078.151391969666,0.0
31,59611.90297441481,13030.393330596886,179450.12114003813,0.0,41.864573879726315,68485.40200516925,53108.586854190304,161078.23862998676,3856.000522648965,11100.83416358887,20047.425051239385,0.25
32,63519.89171600579,12884.324284470144,183488.54279291947,0.0,41.375720166624816,81692.22452339072,54099.335490244135,178325.97815541804,3927.98983807425,11070.887844755254,23183.8888915234,1.5
33,47785.61464395292,12858.39894900619,182338.25223633987,0.0,70.39832967818664,53658.314009838025,53978.279386803486,120356.5330141989,3919.149450571799,11262.242814155228,16927.58314721994,1.5
34,40356.94883858457,13747.162762644486,178502.44369185463,0.0,105.219976390529,51474.41860963966,53092.65841952707,91128.48727074338,3854.7914313133665,10641.418702977899,15759.45769320361,0.75
35,50235.11105727893,15377.001964805926,179259.15195548374,0.0,145.09120780583996,75624.11823303787,53022.573307008795,169991.33814268722,3849.7306766880824,10627.041779843477,20269.9475182702,0.75
36,50529.43825005604,16213.066158846055,178567.99771680156,0.0,85.72180698182923,77936.22169172224,52758.161291598924,171960.17208476897,3830.636302114034,10713.452849317264,21425.047831599215,1.25
37,43703.57283307301,15058.466426822673,178404.5949114086,0.0,64.28659918484473,81586.88246766495,52662.59068361948,176011.36670770767,3823.7000431825745,11000.892325378387,24157.42046599684,1.75
38,43726.41659405012,15877.980087544018,183102.71777498003,0.0,106.47732859164248,73643.9004921235,54245.877089145986,170445.4431599846,3938.6435799960996,11262.181383331954,23096.717412797498,1.5
39,54817.88727992505,14067.873686432202,183200.51613436252,0.0,50.86985841347998,81715.76494559721,54137.56373343592,178407.66278812502,3930.7689694502096,11249.122057549235,23144.879410935147,1.5
40,56989.92623475518,11765.124031760173,183596.84837361678,0.0,67.06573423929672,53221.61308151071,54497.546356825245,119401.91492024495,3956.843977554978,11274.398341321965,16420.94783282102,1.0
41,89646.0439401451,5553.978677239442,176459.68672462122,0.0,2.8234784653614655,53954.816121769814,52098.72409654061,96152.8830287172,3782.298386903418,9455.360522504565,16509.55812069281,2.25
42,28569.78478648431,31670.69181735345,191188.24673950343,0.0,188.926316893026,137520.7081035345,45115.18448127178,257827.7622153631,4181.145904256366,11799.2973791576,78535.23034135565,17.0
43,72082.97959817886,11813.015122304148,183996.04309278828,0.0,12.764872976376497,81446.4057423906,54019.69331692786,177935.17841439464,3922.204768096015,11070.995536536862,23118.23486253268,1.5
44,89722.78418172259,10541.395641301227,180095.85404227136,0.0,4.510873620873752,73560.74322877955,53301.87302442779,168312.79618022585,3863.307123812398,10131.643365730586,20443.354663630522,0.0
45,110006.6244535817,8610.58433922654,180752.6001737961,0.0,0.10300697988000139,69731.72896840614,53111.77254112292,162671.22867840648,3856.2788159848396,10097.002955060349,20207.26905048734,0.75
46,109567.85430174107,8657.715487343854,182331.10073988605,0.0,0.0,82451.52965970963,53408.04142585926,178154.67886769836,3877.744293644763,10043.395734982732,24305.98434916059,1.75
47,89461.8123899036,7384.369698651079,179873.30133507258,0.0,5.17880641042502,50803.766678122185,53236.01433149622,114954.96042125023,3865.1472697816903,9926.708167566218,16143.944470338607,0.25
48,31154.797864544147,45190.13355644501,183512.78429860258,0.0,357.3307733911842,126317.55152722019,0.0,178905.7539514224,4006.1099462680104,11304.147736521682,42437.666596496,9.0
49,55033.416667214035,41594.31135880818,192045.56709964565,0.0,159.37540320436375,217141.86218676713,0.0,331424.69983219256,4030.359544352314,11114.494313356592,131437.91324139189,8.0
50,181266.96578495033,8213.561520639474,181309.25792194853,0.0,4.507692227193473,103399.87510403109,45973.06713775666,199959.79699378254,3840.5325788936166,9481.942256367081,41298.488671511004,3.5
51,109575.2052346719,9078.472526315347,180718.46986399707,0.0,2.8647048776039727,73001.39382456671,52958.25991826632,167153.42425930142,3838.7728544047973,10105.70510239888,20242.32656528777,0.0
52,91717.0893927284,8976.001741127351,177124.91019711804,0.0,9.653859901044576,67117.00414373046,52191.484473900644,157864.27283470155,3782.547131080311,10019.055151094792,19860.53545890142,0.0
53,116290.86375127068,8053.389528927659,176852.41232453447,0.0,0.0,72717.16749404119,51735.55578621858,164795.24854160807,3756.329080026169,9878.46913786272,19518.1521352349,0.5
54,143758.82662690314,5019.410313056943,176727.02892557724,0.0,0.0,49369.85479021277,51745.11284701651,111709.79360613371,3756.562590685292,8875.887245090253,15779.288777431673,0.25
55,152046.0278054102,3831.0289052259145,188295.9865391558,0.0,0.0,55279.35895324444,54956.28527512663,98195.41502324124,3989.7614183710843,9135.651501150995,16702.020467482726,1.75
56,69642.78227448268,10376.516817331589,186345.72803252784,0.0,38.05479895276968,86548.13740268447,54462.50380056606,184568.84050324658,3954.2922474017073,10761.418162181551,26413.814731836304,2.0
57,103745.77785178745,9162.064041739037,184409.26659848524,0.0,0.6566395415214252,81267.79081808128,53793.509544709785,177370.284095293,3905.7693348293205,10212.59383898526,23008.656647270553,1.5
58,128382.68480616808,8521.558795716757,181245.42576980076,0.0,0.0,74807.20621398097,53146.81509738205,169375.45842725717,3858.7305683409018,10024.150641907454,20094.285270961474,0.5
59,19592.446880681917,35113.89576325311,192534.13967207063,0.0,387.3064357298427,196060.45489720898,0.0,313244.68180791056,4050.40766758086,11404.73249231656,152376.40249699188,11.25
60,89233.34311787695,8769.654905004094,178401.27999151286,0.0,7.519421130856101,82484.97307748429,51926.697002177505,175935.62526098668,3770.2223176884063,9813.49938405142,25131.871739095022,2.0
61,95083.0818773783,5044.520525193936,180561.5309234595,0.0,5.0283995830034645,55267.64282849114,52476.07201438805,124116.30231770876,3817.285511164487,9254.28961387915,20924.68937996588,2.5
62,39455.53644823398,41074.448481539206,182223.6329661598,0.0,270.9057766039347,127681.84633351429,0.0,184981.87051655736,3960.324110397562,11219.533806322639,44526.302282378456,10.0
63,8861.14702105653,85888.8734046666,191802.58917300004,0.0,452.96866370961857,242849.2682815922,0.0,356688.7827228931,3983.1130422308597,12289.674136550686,149317.6341041711,10.0
64,9787.602558218414,85458.12356963495,197451.6416981313,0.0,555.9313054751021,250103.56163024335,0.0,367326.3450828699,4105.388162778791,12683.550619993328,153835.51647251833,10.0
65,5699.621665561773,103021.88962757293,195272.07284489225,0.0,691.5631813363964,247291.4918374742,0.0,363355.4265011707,4063.273471773157,12599.375953566634,152183.38622256674,10.0
66,43364.08896916378,15819.913252932569,175437.8159231009,0.0,107.28928880201657,68823.25610597129,51913.95425444692,160133.52712010735,3769.330266907629,10898.030804079972,20111.135345490697,1.0
67,64737.85776966235,12971.092386103099,176716.75986028108,0.0,59.386866404263756,77020.14764641902,52101.90978347321,169883.88555004538,3782.965231114953,10856.752302013127,21136.6096760092,1.25
68,32529.584402787008,20532.001831152655,187639.8597585196,0.0,226.33899045933725,81823.39377635784,23476.00498807741,211289.41422637965,4080.573181885798,11095.940766849364,87243.85806362638,16.0
69,36571.88573958372,27017.37114453998,184006.67015889165,0.0,349.7959306624296,129420.00271658151,0.0,190619.65191343657,4035.709771352992,10869.46016632523,46104.63222964364,12.5
70,46012.59462568742,13953.462514259127,175937.70448390598,0.0,104.36490601735015,94289.82586745406,51676.77294786744,188611.00032492558,3777.5689752564567,10129.926848724825,34612.90470906986,3.0
71,8067.087001001912,67887.77288950013,190981.0672184821,0.0,648.5187666032898,218118.77939199755,0.0,322863.99618303945,4037.6540533088605,11942.62220145699,134557.9137114312,13.25
72,30335.956464669234,33689.19267331935,185411.87309267884,0.0,322.96305871689117,226979.79442925059,0.0,339431.1655016556,3893.02511303931,11153.476789434453,139201.58027948102,9.0
73,20325.082413087748,31160.142914902935,189082.0072246104,0.0,331.29705772809297,190899.55700068764,0.0,304097.370828948,3981.4505414265154,11179.396463147788,147371.44592682092,11.5
74,11614.960616582122,64462.15890162131,189800.5268297401,0.0,485.7900941734611,240160.61366994638,0.0,347756.20711260475,3965.5606674942405,11940.826602038302,146612.55690780512,11.5
75,30782.26810362227,35417.56942797392,187348.84088750504,0.0,285.20270974731625,126932.17392922656,0.0,233412.20953018172,3968.5473586074213,11340.695687481622,100810.83455159594,10.0
76,133744.8259556277,3839.330280561787,175849.890587695,0.0,0.0,55073.3717971996,51438.70718397655,98291.80863273903,3748.2767356734394,8591.478969318656,17183.172625048697,2.75
77,10762.331073059946,68093.1975039066,190473.78602817183,0.0,525.7518015619722,243759.9721840268,0.0,354529.43081019836,3973.5429154860444,12198.43893736416,149170.39974249966,10.75
78,23551.880888472508,35390.154684680776,191744.12558324513,0.0,516.0725296179345,214397.29737222177,0.0,319951.56277906324,4062.9692252324944,11542.985564025385,132501.43367931832,13.5
79,4068.7977382092777,75724.46964252178,182022.22089293343,0.0,970.9567347347344,150501.31476747504,6401.0585427742435,260245.32228479802,3942.9736943786233,11389.98669961863,90162.73669048511,16.0
80,27421.718083084692,21559.084535016656,177103.36200824668,0.0,340.36646552708186,89525.93082048661,41704.79248374671,194374.21475700947,3835.6447990957445,10603.598240120788,46780.696534184695,4.0
81,7457.535579168984,78596.67440151949,189549.58639282765,0.0,526.22298054399,241820.79816982176,0.0,351182.15129577817,3947.650174810104,12212.435922675004,147576.7125273187,11.0
82,20737.302443281555,40303.49997345199,191334.13817963,0.0,280.6584972515959,127641.71666817175,0.0,246908.99215916157,4046.6638011528576,11583.447209971613,105949.05972793807,11.0
83,115780.69238303471,4371.728024595929,175540.41700576336,0.0,0.16208107084279408,51299.13549361935,51553.97163105759,90973.94791816719,3742.987602648189,9068.741273990745,15214.429938198697,1.5
84,4653.516363527664,91416.4118473986,186497.44792943925,0.0,571.0765074241749,237447.70907907403,0.0,344554.24469131697,3874.2717646640244,12036.843000628036,144760.46451363398,11.0
85,1721.1880200566595,132419.63265411815,192450.34231399142,0.0,723.7328452795659,244110.00961898433,0.0,355036.7976164915,3977.199557460411,12826.808784526844,149075.11374122466,10.75
86,46994.35332945538,14843.686588447184,172045.2754678927,0.0,93.67401587067066,76780.57997633607,50894.534435999274,167681.98343031664,3695.3087106194007,10608.024765994407,21437.240841722905,1.5
87,442.1484922388135,190031.27620274236,194229.54655013056,0.0,1136.3052143247028,194926.78784344564,0.0,311437.45405225985,4251.276812131981,12964.03237256662,150164.66076005696,11.0
88,356.05312529160096,192597.69812098585,192677.02616282474,0.0,1272.7894982467596,243817.29563107743,0.0,353843.312098337,4222.241014291868,13056.183942063166,148362.67464973626,11.0
89,11219.917703426232,57716.11490312373,185370.34973186266,0.0,649.7370570088008,122721.08424287023,0.0,217894.864000411,3919.082807595965,11409.892169635825,91889.27459209948,9.0
90,11694.70030892939,77645.38114133429,184472.91029463243,0.0,671.8539510545041,125217.32307755928,0.0,181375.49017242622,3896.1700014279036,11570.24202576057,43385.387884060845,10.25
91,2768.000961048188,120961.8075377987,189989.34127618282,0.0,732.754375536648,240446.97241644145,0.0,351748.1883491854,3934.3396188787224,12404.558164081434,146910.72223810325,10.25
92,4007.5636396298637,113352.77725173945,188341.73844834077,0.0,692.9483230391918,238101.9550104395,0.0,348365.0786948834,3896.503471948011,12320.019698140874,145187.79344998818,10.25
93,3211.6368861061596,105600.21687321788,187796.39836218616,0.0,676.6446320609317,241961.2683444005,0.0,360695.0143912519,3911.3117963883524,12220.504561872849,151622.20745472703,10.5
94,5334.656642737756,60806.40810456846,184676.29095556823,0.0,584.9354671249796,191228.79152479174,0.0,313765.4370244286,3890.452503351087,11327.281891956753,150309.5450895478,10.75
95,10763.33073016193,73076.93886250492,184561.1895032759,0.0,1014.3972754316534,239154.24544535502,0.0,357270.64953367965,3880.450708771522,11253.645090511289,150337.66727023624,10.25
96,5460.536311388521,100963.50022969556,185596.61203759548,0.0,848.8334717581131,141760.74947963114,0.0,297564.0347456218,3917.4621871339095,11560.727702869084,139993.80206722734,10.0
97,5100.249355380466,99485.5121077456,186125.33109533245,0.0,701.2313242059976,143356.77799777442,0.0,298083.0799151847,3958.918449126908,11875.084946185229,134585.24917098408,10.0
98,6242.364386126611,100887.64757271297,183189.46622402925,0.0,701.0563781110732,225704.38256689286,0.0,344705.00671523897,3835.7571918240055,11852.290275236935,148232.8031075754,9.0
99,2567.182543575186,103573.29719082473,186906.35423996518,0.0,777.1407079958605,240280.90246726482,0.0,360454.2059548445,3917.7509840566445,11883.069509452933,151898.3422931946,10.0
100,5255.419562067508,88390.3773541175,187311.81569522392,0.0,647.4048492498662,240507.45231699068,0.0,360837.37174207426,3918.694813696194,12081.175043837415,151886.80932960636,10.0
101,6717.638434224181,75143.6652736907,186486.2603524455,0.0,499.2971517783496,190761.49595020217,0.0,315824.1400364635,3913.49821794434,11846.826064536217,151869.22255170933,10.0
102,10060.512869072832,76958.5349873042,182967.8625964692,0.0,579.7749736150032,222846.12794106777,0.0,333207.4859755691,3818.7649078218396,11747.603557137974,135129.53264615583,9.0
103,3726.7824638439474,99381.16574420445,185197.47218352847,0.0,761.6042136374198,124566.6526693424,0.0,229131.79623062172,3936.5171162680326,11807.123867224343,98089.6642979717,10.0
104,9861.025783208337,57825.67790021526,175193.80831289696,0.0,651.7528656705579,123061.2867187092,0.0,178231.63838222582,3823.3946870205195,11112.586147648679,42351.669066954244,10.0
105,22132.975985477424,42956.06172289782,182829.77864537394,0.0,320.60772970837576,226601.4322509013,0.0,337369.1549084675,3829.163344696959,11259.188595766043,137677.36365308956,9.25
106,7678.095945952956,79355.84424699582,186034.41645924814,0.0,557.5561806741509,235656.89933171624,0.0,346246.88230485417,3870.434611391205,12051.44505608499,142857.968596022,10.0
107,14203.661554070924,48979.90016967773,182692.46422093082,0.0,364.5591111825074,229027.5846081578,0.0,339443.15240765456,3822.334440219505,11367.891229866646,139068.54597658085,9.5
108,11019.715983170458,74251.22771023531,195893.56009523183,0.0,632.9801909710316,189521.71351069823,0.0,313384.6495541414,4106.448586080059,12442.085620216089,145231.14625919706,9.0
109,3122.1995880537165,129011.8659230513,197975.21777563484,0.0,856.0319974190306,249410.62785923464,0.0,366700.45636777487,4110.686097733313,12994.727657490352,151314.42861754625,10.0
110,9193.220993552535,75247.83818767378,189851.98450123717,0.0,678.0475678280629,126353.23356961872,0.0,223908.23933997977,4034.832847696425,11987.832797421286,93325.749997723,9.0
111,8548.616864742877,78458.95017620684,184690.42511141737,0.0,728.4720269290049,126680.90227660858,0.0,179150.99532420977,4023.605778307714,11812.965661707389,41451.831092456116,9.0
112,972.1524632959514,168206.9745629284,198297.45239090337,0.0,1130.9331922146823,249217.15871385924,0.0,366341.20178417646,4204.6905038324185,13159.315092640556,150957.3895578322,10.0
113,6802.249591749821,89287.20402100272,199494.70765742657,0.0,708.2354529588544,253068.5720433099,0.0,372105.9657018049,4168.290054651398,12786.819856894885,153220.78746797983,10.0
114,4738.373411720287,94061.01150406126,185423.2906342634,0.0,675.4769874213164,234898.2835806492,0.0,345189.81846108683,3864.5170796267,12080.882093133469,142061.28559191123,10.0
115,10100.88101432575,55385.23160807199,181121.13404273702,0.0,502.0344099083745,178364.0086891243,0.0,293135.3732153658,3809.509663006965,11306.58109285798,136451.80099278397,9.25
116,1984.7531471612526,119939.30953351269,191507.38892378498,0.0,704.4647652678154,242304.3483363306,0.0,355800.35788055335,3984.5820265709976,12624.882090154008,146290.93689200777,10.0
117,4855.341351354209,66225.33628576582,188541.80550690435,0.0,711.3328347575961,127540.1432536014,0.0,234438.60617705417,3992.743710950703,11763.15629127924,99761.23419610182,10.0
118,13858.205131557152,43884.49525870776,179689.15712055776,0.0,555.6589212945632,125209.856760313,0.0,178042.61857136368,3939.1506985365904,10931.32810246784,41368.166334341826,9.25
119,3236.162662415914,91317.98432134966,190763.55322598186,0.0,721.8348537068647,244162.3515148,0.0,354771.78541182494,3979.4432981438686,12353.626994202421,146953.89017689752,10.75
120,2002.6065104166717,103450.56034315194,175945.7856880968,0.0,653.2408176270653,224353.89882111692,0.0,326055.58288053784,3655.2898580828964,11534.231173969802,135078.33152358705,11.0
121,1450.3392320341538,114887.03689086848,179134.87556569144,0.0,696.0557976418032,227822.5818576577,0.0,332144.573466495,3717.519387247775,11773.880307995485,137290.22627895285,10.5
122,11360.059016358271,40352.77248094391,168211.9111845268,0.0,426.7748963703031,170519.97919924668,0.0,275956.299983215,3544.2829278912886,10199.904344748917,130175.72584566745,10.0
123,2372.56598532687,110287.20438287167,177006.68728667987,0.0,727.4329583983192,225128.31364741147,0.0,329419.76596293936,3684.812335739573,11591.45934551651,135556.95594013692,10.25
124,7747.040208405533,50842.75676271689,173637.32574575994,0.0,610.8709008327869,117557.59195655456,0.0,218417.55922508365,3683.6808630458595,10653.268067504123,92670.07596967254,10.25
125,13874.919658243965,49777.02836752091,163762.43139798014,0.0,537.0020124050756,112753.78071037015,0.0,159666.07853940394,3580.184071215473,10290.449246751945,36832.799386076316,9.0
126,41328.576817972345,14271.684254222533,156879.4514225108,0.0,105.79456053005424,94602.02318301881,28336.6852659122,179900.85004242748,3389.824591371121,9054.586827371724,37975.804712489706,3.75
127,3299.861944678898,92368.68701228024,173360.79472425356,0.0,653.1418067627162,220874.59794997852,0.0,323310.14278728236,3616.2209638045338,11238.669985228795,132751.6716820261,10.25
128,4421.742236145034,99566.87160492671,177962.21481034017,0.0,773.2523540832616,216741.14753517372,0.0,324086.6609081718,3721.2179050874056,11523.516311889089,130208.29550348416,9.0
129,3912.76969321359,92765.97662111162,178190.41095156263,0.0,625.0208563277735,172093.73516949828,0.0,284603.14381726074,3735.245531218268,11468.480442289188,130844.57021689462,9.0
130,682.855456734836,144579.5530305053,176946.05918556525,0.0,942.66809795474,223786.67089550852,0.0,327541.6234258502,3682.9232940064176,11792.764380767181,134333.8618268385,10.25
131,640.2165129080574,129432.71258395855,177333.8369473601,0.0,764.4015162920496,118794.89045627754,0.0,215775.60464353435,3864.9098219271214,11555.103476991551,90906.5295171881,9.75
132,29901.28025637804,12741.157481296374,154171.2669077444,0.0,100.65984379187954,46102.42838477938,45838.849273885404,81894.752783684,3328.1234701960384,9195.331346972975,13411.41049353929,1.75
133,10687.705587244718,54712.17551282073,178220.48349940986,0.0,542.145377032688,227488.79992497934,0.0,334173.29215484,3740.7214973679297,10973.970444390638,136451.87249898116,10.0
134,5935.77019650629,72037.29584845815,175323.89206764245,0.0,599.3439336954684,223174.4926908095,0.0,327828.721718159,3669.778410781943,11068.443788342742,133686.75006795584,10.0
135,1716.259663858119,116888.18496341839,178386.10003924763,0.0,669.3069142089247,223615.53228025296,0.0,329954.42594229843,3705.6116946191787,11752.546087896699,134006.96979136384,9.75
136,27159.049552046454,14822.786447641467,154087.25112049174,0.0,108.74135671940091,69607.27621686464,36316.83103219776,157054.06357750305,3328.3334786452588,9293.777049778406,29701.6108807654,3.0
137,7052.847697072275,65816.96013838857,176427.53198687403,0.0,569.3430928486873,226018.18246768825,0.0,330616.5650005241,3699.190503619515,11014.818488041403,135250.9007351586,10.25
138,14120.524511377072,45256.94612309534,173541.03306528262,0.0,567.6652404340055,116199.96615479086,0.0,206234.66026167478,3709.6725682430642,10693.948571022882,84917.18321680586,9.0
139,48848.54596123447,9626.461021400282,154738.4801288374,0.0,63.39407651211939,48101.157145104546,42694.57627136092,85816.59583140664,3320.830235031951,9166.529654222773,14281.655181263968,2.5
140,1901.5638642440001,106918.27033690245,176736.87941492032,0.0,676.7592462434461,223649.0710658135,0.0,328456.61640298495,3676.980474176017,11486.717804904385,133529.53442633623,10.0
141,13507.958721918902,49114.04220802679,178503.11115498337,0.0,540.2578477271085,227790.09527699568,0.0,334688.74008320103,3748.8379662214084,10881.882930808697,136051.07389150382,10.0
142,38358.11167480528,16032.64156108533,162725.74730221447,0.0,196.38168056185793,86420.24622879343,35947.2913480105,173515.6667231201,3492.369697358887,9860.287165202424,30478.999448737202,3.0
143,9879.73323247067,43166.75757659868,173132.7175291056,0.0,460.1545082812731,175743.64746618125,0.0,284426.8557199334,3651.508586990502,10465.163209319553,132617.8072822538,10.0
144,5275.199967416414,69685.9067440333,178437.1491821158,0.0,574.5154943863137,227469.7836094392,0.0,334280.5319945848,3745.3568251743422,11063.736994331255,135606.49736767454,10.0
145,20819.979911054812,25364.674614720567,173778.96410255533,0.0,333.10421486995244,116800.35689612801,0.0,207276.56831035943,3731.271899497401,10305.592654348857,85040.66471611787,9.0
146,5858.255590995011,75727.56096975291,164096.473715813,0.0,729.0680177044525,112550.28446979752,0.0,159432.80766326602,3577.176829135126,10508.856283097122,36394.19259570691,9.0
147,190.0696761010863,217221.27200467576,178942.23128837222,0.0,1467.344340869841,225516.86786303433,0.0,330082.3208463154,4049.2000859888985,12144.104890554385,134219.06554172857,10.25
148,348.16969448506154,171503.6598092838,172042.23439699918,0.0,1374.6468604160286,207735.17176395742,0.0,310567.6334885075,3735.9553001192016,11521.764930241436,123636.72496774758,9.0
149,4000.0636023429074,80880.41170915746,177224.39580302665,0.0,649.8434021637662,225041.80925648104,0.0,330682.1785061025,3701.555241394409,11393.391163906492,134000.6279488263,10.0
150,3441.1761424759,82193.37580116138,176287.937226891,0.0,634.5767319869568,177759.4060965841,0.0,287717.4634127815,3693.3028437681073,11181.586270892236,133668.52505609422,10.0
151,34190.00983107011,13683.296075781656,156074.72929974884,0.0,86.72629323096558,75433.87016638517,43016.330651558455,158592.0022138361,3336.630529830486,9513.758072708177,23227.566850136303,2.25
152,808.0552603506117,141719.37741929482,180052.0680079863,0.0,1096.6371700567802,119841.37638214458,0.0,214195.2819848268,4028.8333478114114,11776.828365067438,88517.78330187651,9.25
153,1492.7019671794092,137905.52659745683,177284.54517287412,0.0,1106.2391638894178,121831.76984517965,0.0,173291.81912799468,4101.130039201888,11712.298355685794,39634.11227207598,9.25
154,768.2297154694685,132581.22950981295,180691.91740980538,0.0,858.6051852400886,223997.4687964796,0.0,332118.3013911674,3750.740989777519,11875.840035869915,133251.21107560958,9.5
155,3476.8075253213988,104784.55951942556,183811.5683504161,0.0,680.425310425642,226108.3591377311,0.0,336559.66721069824,3823.917667832407,11969.679790436245,134493.72367712713,9.25
156,5337.203919925469,92042.57824946659,181055.50272157014,0.0,666.6231056047751,220291.26638020575,0.0,329456.29669459973,3781.3554378033164,11676.422163996314,130651.13418288875,9.0
157,3296.525938392432,87880.84063374418,181888.74010648037,0.0,646.4325230814954,182317.78821179536,0.0,296444.0217127195,3815.716691267392,11600.217018754303,136785.60631752622,9.75
158,1805.1574983670664,124330.975151603,180463.8440772883,0.0,849.7722799860582,218496.1154402189,0.0,326827.49248168594,3755.497086194327,11804.250828751772,129394.31253260183,9.0
159,5636.46762001448,76064.12630003098,178415.96155679776,0.0,740.3438658979704,116656.4536014561,0.0,205992.17661236488,3768.144301126859,11139.469600702352,82893.34206244598,8.75
160,5718.8169081239175,71326.01148950082,176657.93399372112,0.0,621.0271641968627,117704.70121056489,0.0,166637.3693641461,3733.0811180276746,11053.334615288446,37778.77129788635,9.0
161,1006.5105743634609,148012.83342167028,183510.81111564345,0.0,1029.2932389568412,226647.74702564086,0.0,335756.2376742722,3803.651912635318,12069.674564061843,134409.25956750935,9.5
162,177.28736314855803,219350.61525192956,184990.14026190116,0.0,1600.895110242966,232275.4192678733,0.0,339797.8275510002,4117.110163659259,12525.695435165662,137370.51060033252,10.25
163,874.5285660763117,163988.98325066696,183238.39635861688,0.0,1050.091974038416,222759.49687995593,0.0,339521.2566645296,3872.271954107371,12181.970227083546,142141.75646967115,9.0
164,16913.537353967742,27802.172471093047,171749.19059002437,0.0,315.6369284319764,106942.8072411895,9193.892487624806,205605.7958206875,3721.260960354666,10244.512421967103,79374.0683981925,5.25
165,452.0741384470646,128904.90533851745,182767.01968320637,0.0,812.3570600031859,219104.0432363965,0.0,319362.9343979138,3809.0870772676417,12169.482159582998,129015.822627873,12.75
166,24866.13775824473,15399.872252788891,166132.90486170558,0.0,149.6904580896852,58994.03470323151,43210.65755445007,140529.26263739888,3582.2060462056506,10088.87386642012,17676.331769755714,2.5
167,3010.2061775651764,99336.96832495996,180428.57334596262,0.0,688.0943738479364,136541.491454263,0.0,280940.80381292896,3848.0210002996923,11464.134862887517,126266.25272344617,9.0
168,2064.8004482456063,121792.61932758533,181816.57072197,0.0,923.5176315870401,223218.4162192167,0.0,340856.8417194748,3793.3927327080437,11749.343909465233,142077.32059473338,9.0
169,6668.447201395458,79442.69748440031,179868.90450956792,0.0,641.6130446182489,229463.05208110187,0.0,345672.64812347374,3768.2009500942213,11275.322324917586,142336.68349409685,9.75
170,5880.98945958162,85455.41303546325,178437.41483097826,0.0,636.5072601580457,227069.40032800112,0.0,342136.61230704584,3731.8316874067236,11296.366997840076,140785.32281292384,9.75
171,3586.913658185447,91149.77564712155,182157.02690038874,0.0,669.208244782731,184588.9986478128,0.0,306952.9279031487,3819.063049193154,11568.058280901363,144372.2500570638,9.75
172,390.5504206358681,195869.2040394637,187372.1155265913,0.0,1280.454823575111,235451.0243293082,0.0,354828.53568379383,4079.5464567233716,12561.757743103337,146055.1105700951,9.75
173,295.19044630873134,241043.6412713512,185253.93215450543,0.0,1245.9842256166382,137111.13068937018,0.0,284968.2491190779,4513.366869387441,12377.654645737703,132827.4793851877,9.0
174,522.876595137527,169513.2838772583,180189.69435451052,0.0,1196.6839312961067,135234.39492195917,0.0,277863.30112151796,3978.4907271896172,11806.488201113227,124670.33114431452,9.0
175,2027.5156252912723,126089.71801977477,180591.43946961238,0.0,1019.2432177266651,221341.20324076168,0.0,338136.14928937634,3766.2738702426795,11671.307732064115,140532.47374362973,9.0
176,1849.5264401829743,132174.7410756702,183972.81454204174,0.0,815.7612046760642,224266.45036098792,0.0,342658.73986661737,3816.3275544049125,12059.853161981204,142531.02631158105,9.0
177,2288.4717080220225,113846.6328204909,185014.7714251693,0.0,844.0424540219569,229845.00663070678,0.0,349257.5270692033,3860.079135593039,11999.385539107807,144670.52329897846,9.25
178,5003.655274863382,92711.34220119115,179330.3399141115,0.0,661.0696714417115,162263.46541383406,0.0,278826.99583674374,3767.779561650578,11330.662816144646,133305.20202183563,8.0
179,22255.07347946182,18382.951652246375,160437.69632379367,0.0,207.3023217351495,75637.74547964655,47504.963539660814,159311.65292164063,3449.3096078466947,9863.612473291814,17742.749498276255,2.0
180,9132.98113824753,46080.75458087286,165469.8657594776,0.0,584.7679771170881,81604.47867468913,12073.753474739437,173087.187107627,3603.313021068428,10130.423495551328,60659.990283065636,5.0
181,6878.245532934958,47245.65124684504,167324.974717823,0.0,650.5737586252618,60004.53695144411,34771.99065179666,170455.7313937764,3725.1856327282017,10607.804964068584,28398.984128656288,19.5
182,1151.6786863786726,129613.6312672076,178613.86957385196,0.0,1095.615001028159,228391.99184844387,0.0,342419.5079731711,3721.7389890430104,11660.742829524292,139713.0340250273,10.0
183,17415.699728417254,21644.14361017397,162455.33585979158,0.0,305.58723083681997,76399.42521802298,48075.20150060496,161087.06943306062,3490.764776914177,10028.612841093465,17849.610788272625,2.0
184,12320.920090437234,24297.70222808925,161178.68664474922,0.0,303.23550513515636,72097.7833026062,47874.50322384809,156601.5643486777,3476.14441167386,10070.047884231366,16576.51674010141,1.5
185,24242.888705311583,18151.46848645796,160305.79229216278,0.0,171.25166536315126,64514.699420052064,47600.53414764028,148462.0214112709,3456.187101058355,9947.140998147897,16285.95216026508,1.5
186,6969.441158312785,30875.31193203344,163316.46846188963,0.0,529.9162407946272,65460.78092685422,48838.10457262576,151686.28118816705,3539.9752908875216,10312.23925340685,16384.847464445636,0.0
187,8632.694371039272,24272.69740198491,170044.11756819146,0.0,502.0464111224743,58546.01063964155,50690.65047230974,141243.6726048438,3680.6400851234353,10523.803554373282,15035.865063098927,2.0
188,20786.531962911144,19482.146223893604,169272.02601189466,0.0,233.0306059226579,58178.71129044931,50384.82452677543,139370.09515206347,3658.234476988138,10558.397529653126,14625.9810999015,2.0
189,897.1644860452938,106307.95989960263,175797.91582100902,0.0,931.8608862542774,95801.8064794409,32676.50345620816,206541.87647879997,3941.058448480689,11529.234270793704,36107.137220647775,19.0
190,7358.6597870023315,30628.40463111352,167230.1903166129,0.0,371.2734352820636,69646.50720485211,49961.12816473314,158260.03973612696,3627.6460988992626,10613.72984326864,16651.62661490487,0.25
191,1908.6220734260007,100526.27931223677,176316.43442341627,0.0,1045.0980234778804,110183.04329289164,20054.46730153056,221686.87724671664,3884.43451095537,11564.589961841266,50649.1363968619,18.0
192,17795.983728633015,22066.399214761735,169220.9847624562,0.0,374.268123946344,69152.39366256485,50270.13979720008,158362.07563490415,3650.0895090570725,10477.8838243682,17761.631358346713,1.75
193,3808.7114921854222,57685.56156573188,174651.99072332215,0.0,812.7679160483888,87607.00847743274,42973.85850327978,195765.3602876645,3851.2148050700257,11224.148072747375,27142.04173743386,19.75
194,1197.6534551320174,136102.4213592313,184694.0881463689,0.0,1130.9006421450256,140650.51722778406,0.0,295810.2888409002,3885.7587179242246,11773.23015002134,134045.8593954873,10.25
195,3863.1605258398163,97814.38353526479,182338.84159420017,0.0,854.5497997386025,141190.5017961373,0.0,293507.7421237175,3900.7340008849474,11365.485558900396,128506.0747078067,10.0
196,3024.7091556933747,117591.32822098011,175766.46717409877,0.0,1005.8431857101989,212708.7674667826,0.0,325913.2396113889,3672.241673237909,11322.115748595943,135206.93208955938,8.75
197,20590.331366054575,21770.706247648664,168007.1617327332,0.0,322.2096147921453,79143.29905421198,49744.50145331301,166773.04708722574,3611.946496336591,10382.892076798398,18418.48039262477,2.0
198,22112.033962033092,22277.629985458872,170820.5602587921,0.0,332.22820397595956,80350.93682002623,50547.29456034054,169480.08823052252,3670.2361191344967,10563.837480886063,18759.239183280195,2.0
199,19993.72412178851,20954.94138011862,171485.67882174283,0.0,394.96436754789073,75580.31839311325,44284.23405075274,168165.1947448324,3704.300119743735,10419.5981459778,25731.540638996743,2.75
200,20205.98964090007,22273.531044717005,171772.66587635165,0.0,335.0109452271889,81030.97241560069,50897.72012293192,170689.37017854984,3695.68888589394,10602.545904311663,19008.343823249466,2.0
201,9761.195821178335,24628.804706781815,168296.1406965093,0.0,609.678648628757,57848.667570654434,50069.4415204432,139541.17780401916,3635.537135245246,10398.776263116206,14854.376872952284,2.0
202,10654.256253208892,25967.798542677363,166843.6605962879,0.0,583.5206977530991,54429.56997307547,49728.57301864977,133213.00936854252,3610.7237985608767,10448.967519178033,13780.386032292954,1.0
203,14555.549827479768,25481.61177347199,167999.42512279534,0.0,373.3934203136658,71501.43701536932,49967.49953859844,159157.04239966365,3628.098624018465,10523.097593560271,16415.111542624596,1.0
204,16964.314461637186,25503.333269796713,171071.55293059917,0.0,402.94001337360726,76616.27517916274,50760.73558482802,166133.70246693984,3685.686957097189,10693.937078592055,17515.39363770694,1.5
205,3766.393399075924,69606.43393253813,179963.35855553974,0.0,817.2477082722213,99044.23960744978,33423.02076963657,213299.70900247747,3979.84101478896,11649.256120116619,37557.73979391406,19.0
206,9897.70422148483,37943.06985555865,177794.17664884374,0.0,544.555119789952,75753.43548470383,44116.55386462415,190169.5618372037,3931.2875461039625,11136.697225132642,28175.147603669728,19.75
207,25618.970936179358,21025.37235303485,172264.72324990676,0.0,303.8434010040341,78803.54020943798,50993.29073091138,168678.71459237576,3702.5670371726947,10658.384287870882,18055.081927025916,1.75
208,31151.158245341412,17452.339498496134,171971.13680716048,0.0,193.4809340445114,57091.07498040851,50983.73367011344,139178.75074685624,3701.7752225913714,10667.284634337702,14437.742547934966,1.5
209,2163.4900909095395,108262.32319147333,181369.28328908075,0.0,814.8327338030708,139619.09247684712,0.0,292984.959709619,3869.132825780015,11519.863540615619,125422.86257118334,10.75
210,26241.374855535214,18517.896830309845,170891.3482521357,0.0,271.5842914926993,85664.3714594606,47288.336828240695,174332.89868279803,3677.227606402197,10392.538288293244,22556.298230862474,2.5
211,12064.475452813604,38345.07076345721,177731.1503677581,0.0,470.1579706403922,89201.27889773929,44028.150498560244,199387.6273451388,3921.344180380823,11267.901240440526,27571.275219484927,19.75
212,1793.8378746130813,119045.03233583458,190141.7330768031,0.0,873.0954472009105,245574.32162941378,0.0,365176.540150688,3967.5963488873667,12286.32503927163,146917.00642651925,11.0
213,1440.7709740130454,118166.7603426258,192214.797183734,0.0,891.8553710665145,197720.08056571285,0.0,323439.4702724265,4027.9889099760985,12239.067590985862,148005.85239920032,11.0
214,250.16791162894089,194775.42605104428,189343.94779426785,0.0,1441.98865518111,242449.4735857296,0.0,360229.31043234473,4094.1391221198883,12754.191966545928,144686.8227108572,10.75
215,4940.350876652894,45536.749017667185,179231.79658954433,0.0,537.6066928322383,60772.30243773128,47482.430172538145,175957.99304184684,3961.5623964491087,11299.594491461494,26375.15067531931,19.75
216,1687.6392758096297,117005.44696230521,182481.84125443554,0.0,866.110650845745,140640.97144417168,0.0,294171.0959040609,3887.216301485112,11679.004078488171,126954.96369432528,10.5
217,5445.574399079025,59249.033054614854,179556.05451374577,0.0,618.184838875236,98706.77593134058,37132.68794557683,212935.9771816109,3977.279326326899,11550.974659797517,37102.74268407763,19.0
218,9516.58229031044,46672.41272560794,178901.45413611343,0.0,557.2433752507362,98484.6853871456,37335.688267649464,212511.42521805325,3970.8929176098377,11410.637814753049,36889.459696687954,19.0
219,8650.954364382593,50913.37991089588,179823.10069988828,0.0,574.1755253133947,99153.0202973623,37135.962144319936,213696.82031858797,3988.648100222489,11511.382765245755,37133.59213944836,19.0
220,161.81630488853057,267376.0919462787,190235.3992470355,0.0,1420.6418842387873,177926.24341345154,0.0,287342.96713248367,4612.882848069497,13180.793171865234,130229.84958337911,13.0
221,2654.4688312072067,62277.1978615754,177976.40793439178,0.0,792.8738334017382,89290.52763418383,46811.21943020121,199429.979256584,3920.0907556964926,11480.583831361711,27697.92564411118,19.75
222,2839.2774112407583,54371.55209774936,179635.43423486286,0.0,682.861706192639,62553.23379964235,44037.97309478956,179562.41301404158,3975.826762282781,11364.404653358559,29852.699262229846,19.5
223,8131.135487307769,36010.03985363289,176511.0642125173,0.0,565.6053518318539,60178.38631556735,46952.00997615482,173592.04338427962,3922.482044616872,11096.41841460525,23768.398416278516,19.75
224,9213.634376377957,44699.575104892065,173308.88895936936,0.0,538.6859430879008,94763.33495971873,35809.91165336158,204519.1580900779,3825.1282853418857,10953.671468118671,35327.5043888391,19.0
225,1504.4233881483883,106577.9952367428,174239.41236575402,0.0,1183.2726487375235,128830.7543507314,6515.65549878299,233403.2619937835,3768.008699447827,11318.532325032174,73182.91894859806,16.75
226,13587.151266766854,27781.869266531656,166518.09465249398,0.0,464.6245094413617,71421.44513063696,49333.54783900131,158666.46401103848,3582.0996884992105,10445.690801011768,16308.734465919573,1.0
227,12452.839980157683,25223.710452304367,166621.7876132802,0.0,488.2558385091939,66976.40184208787,49413.19001231751,154119.6567917365,3587.886778381332,10346.928362345512,16852.079510733663,1.5
228,16621.922648061896,24001.924757560508,167757.69358665214,0.0,356.67089046452514,94055.3321478061,40072.77585837462,184517.13506032983,3631.5694194751914,10214.130169694216,33765.05988741296,3.25
229,567.7557129005985,165325.9445859434,183610.721625187,0.0,1199.8188491899184,122074.92351455455,0.0,232438.27889799848,4107.936609911248,12043.316059208137,95595.54296080707,10.75
230,4783.1706290974225,79208.48367399775,174391.80951977058,0.0,892.2532314580003,122468.83057284453,0.0,179881.1596547163,3808.5741635006166,10976.07586313574,41389.95236596482,10.5
231,28757.226657767987,18804.43362208797,167430.98971442957,0.0,252.77367341290568,62010.09893694591,49799.03211099363,135079.46254509364,3609.2057457453534,10037.423707784714,16559.641994522146,0.0
232,3059.3787747861065,93397.47396575435,186226.88469392416,0.0,912.0111434401183,239316.09223839492,0.0,348651.8295309974,3902.386105276853,11696.966656153916,139427.08483002207,10.25
233,3113.119775124935,103055.24581287862,182997.42539742557,0.0,1033.4954645904998,224701.48283590382,0.0,334594.5826155758,3844.5036248874067,11576.84497338276,130940.41391091597,9.0
234,3434.75728300458,48976.08462249147,170761.84535275376,0.0,555.3719061213028,73815.28297454305,38222.996127031496,191793.87368079924,3778.4686823237525,10662.62825970743,43790.87217943611,19.0
235,1451.357547370582,120515.43199283975,184552.58622702563,0.0,1097.2691110431717,236330.84208117862,0.0,344360.4235939731,3854.000731355388,11883.71538808767,137932.3174410217,10.25
236,1183.9394771655818,120321.47781835665,185782.90118911915,0.0,1126.0138751624027,124063.47278785288,0.0,236501.95144201157,3910.999048633597,11902.841910047158,97338.13042002912,10.75
237,4493.657962920849,81131.56194647541,174205.6102656824,0.0,804.651740577718,122257.36506581419,0.0,179550.16576689016,3800.8985165143044,10991.653685740059,41466.204012291375,10.5
238,1599.6962061231766,129667.29512900457,182489.6625483891,0.0,1206.3634616128857,233696.14688978714,0.0,340514.2428183446,3811.932862888593,11723.986197531072,136269.95123773144,10.25
239,1160.8678661584374,125517.00418381425,186742.60689599894,0.0,1205.0438727329781,239913.7485136445,0.0,348337.6265643464,3902.325417113835,11960.050524323948,139922.7193642005,10.5
240,202.6896550492106,209118.25971933984,183554.2320454288,0.0,1603.8387891410207,232370.95337942257,0.0,337467.31834787905,3975.217738768241,12462.684905227266,135737.12108304226,10.5
241,475.0180431855015,119560.98271115408,181279.31193442823,0.0,883.4177565126789,176966.1601884135,0.0,294770.1127052826,3798.8933597718933,11433.706081017212,136533.8067026597,10.75
242,749.5256344457484,160709.95309799473,184800.38607498427,0.0,1273.4884863697057,235767.06738584206,0.0,341590.9571267958,3890.718240585179,12226.063044280452,137459.9004597823,10.75
243,2407.358249595805,103256.63580707608,183015.0627413724,0.0,901.4887045035698,123665.55988650175,0.0,226718.4034087922,3860.9597410932793,11709.840985358844,93224.89593705797,10.25
244,2617.9414458423357,109724.18091423906,177838.70276666884,0.0,1112.9457872749704,124443.6972436615,0.0,179485.36886886644,3860.2173061804256,11606.35624827258,41102.90238781474,10.0
245,1660.8549181943615,137493.77921274237,189394.0151850949,0.0,1231.7209401890157,240742.35171141065,0.0,352265.40963379346,3946.1517794830766,12376.544537556165,140664.8240236097,10.0
246,1696.577035669402,143611.5675898027,188841.68107876135,0.0,1264.7523839581643,239971.18256327522,0.0,351152.48579411564,3966.547306199609,12321.049645444404,140223.80705350463,10.0
247,917.662818196377,136217.57731541412,186953.5628501633,0.0,1265.0035432189597,239251.53170583348,0.0,345904.76963229,3896.5631372539574,12199.94034521553,139316.0316628892,11.0
248,2748.2966471955656,94487.93312998091,184699.49521387613,0.0,841.3580955067291,180642.41515888646,0.0,300938.1816592895,3878.955011451914,11571.414510482307,139564.64795933664,10.75
249,6508.625888858358,42374.894447551625,175060.0958143632,0.0,529.0027316923668,87824.70360789368,52462.48646080397,196169.17589160893,3851.5567206168403,11058.213896879803,37655.721649548635,19.75
250,868.4275671527898,147795.53716357797,187166.34412829345,0.0,1266.9574256257463,125223.53551228774,0.0,235162.75499463297,3995.591947712667,12114.079399222845,97238.34780141113,10.5
251,2081.101070795341,128398.8785329981,177236.03769872998,0.0,1060.6838124014628,123527.30398115347,0.0,178167.03131757447,3958.31152358949,11693.563482162303,40882.86118801776,10.0
252,527.9502029023196,191972.89392638314,190102.78970145356,0.0,1472.8637126507308,239507.76379625028,0.0,350368.75275009853,4054.72940050198,12749.848516615933,140074.26351357345,10.0
253,271.75031174659966,196578.57990607864,188412.7212798186,0.0,1462.3160515212298,238196.12206936858,0.0,347037.0376153717,3891.790422779723,12711.207952683391,139442.2368298017,10.25
254,467.76746384727426,160574.07015668682,188264.46694515765,0.0,1180.7465791670254,239656.71344110346,0.0,346531.8949453332,3901.0038689683547,12695.914610018392,139833.98202571736,11.0
255,446.047100690919,155309.33751042435,185410.46720921574,0.0,1008.5840348231487,177349.1359274417,0.0,294761.78733565926,3859.4205634676664,12245.444746041185,136876.9030986183,11.5
256,7928.918291664567,36067.851582944204,172686.05182590484,0.0,410.3023517752415,86817.49879429338,51774.904724751475,193842.42438289063,3800.0498093871865,10815.087117409164,37185.388921172096,19.75
257,1687.162593255617,111491.97793971517,188435.56574025707,0.0,827.6971280246286,125904.25054017348,0.0,239191.1718338501,3959.5454079858937,12046.837364179753,99100.0253881558,10.75
258,2035.4037547319253,120791.70415917209,179312.1275366107,0.0,971.6830335528641,123501.7934236802,0.0,184892.14116542344,3910.490404652693,11816.770283540698,42871.62718895317,11.0
259,1347.3412166800072,127752.52801310061,190493.0744867076,0.0,910.6123532614017,243906.97815707923,0.0,353314.82658311987,3965.5755145639896,12384.031092622563,142830.13730794832,10.75
260,1735.5403807034127,135593.40343098476,188603.56074378753,0.0,979.4245313391467,241093.90627471954,0.0,350145.84571533045,3920.1316675842104,12342.371177770048,141272.17944222895,10.5
261,905.0955481116837,177738.26669235792,191407.4997658369,0.0,1284.9264146551152,243260.0839639087,0.0,352305.0543071323,4048.606278581932,12825.250197880832,142478.55758743736,10.75
262,252.64946911125733,232329.08864046747,188059.49839466167,0.0,1300.525174102277,181259.28477062934,0.0,302544.76766827726,4354.994227825023,12649.44044924899,140406.642130999,10.5
263,217.34129496553098,214454.9358249665,190614.97329584733,0.0,1684.2534053020513,241372.4850161649,0.0,350620.2288386142,4133.286201078618,12896.493694964109,141672.6120429139,10.5
264,5586.154895481849,84071.21581220716,187660.09546440575,0.0,776.1531537199511,127245.67967284088,0.0,232953.0248658079,3971.2331961870655,11726.401742223836,96294.11173515227,10.0
265,3069.385424320909,114841.53706067572,179599.7000709951,0.0,922.2639756873767,125125.87133761926,0.0,183741.891411698,3892.904694266029,11739.707306537079,42758.799914419054,10.5
266,543.1143513296374,207861.6264071167,190638.5796300461,0.0,1515.3351399845108,241379.81231369847,0.0,349034.1203216083,4188.271132382776,12871.676864752526,141275.60282484486,11.0
267,2823.8991582602835,134040.86189124023,186182.81923900542,0.0,1139.7531395329747,236446.3969112889,0.0,345962.22261507355,3893.7583236880246,12185.378711754633,138891.5794082921,10.0
268,1570.1698630454875,155469.1614424814,191610.45096394926,0.0,1312.3377746149176,244440.09377991527,0.0,355105.1142964182,4021.975607570226,12729.254343720222,143723.3087153293,10.5
269,8338.21530121017,69991.21325033931,186416.98743527726,0.0,678.6056977723416,174554.52773467684,0.0,299567.63530108443,3932.9584493690327,11621.088959158256,135279.48706790668,9.0
270,3433.6629448882513,104570.65113778839,186021.82052381014,0.0,826.2536442990324,239063.26537925124,0.0,346372.0051934428,3886.019448405276,11825.662404445835,140604.61858782257,10.75
271,1434.5931014626658,108008.60010504708,186741.47118291206,0.0,1013.0578987359945,125918.90580503127,0.0,236000.6081313514,3944.636339347134,11635.657904513937,98227.42586259547,10.5
272,2097.4846089666867,128374.02086443272,179986.54689747863,0.0,1178.7439251789147,125659.80466303823,0.0,181322.40149314457,3986.7076233294742,11803.280469135327,41949.9758851793,10.0
273,408.48538925311993,203551.9822562615,192964.53505213177,0.0,1558.2057930679584,223644.5315232207,0.0,327489.137362345,4432.956879381209,13016.183455238286,132287.16636265223,13.25
274,387.4842842552591,245367.49531883275,195800.42539520378,0.0,1509.5396070229613,226810.95591043986,0.0,332046.1101718767,4567.718629741393,13440.159932071418,134025.72137627145,13.0
275,292.81798089313014,244596.9833166152,196197.32875828026,0.0,1582.4250813776723,246270.88235307817,0.0,355301.95428860624,4444.280021049588,13343.059422786206,144560.37662312275,11.5
276,409.65425285059484,164125.50321247877,193817.26567508676,0.0,1275.3466422190413,185634.6165701531,0.0,308528.0607612186,4083.0087747612083,12598.048712561433,144331.39497878955,11.5
277,540.8224962874201,194013.21354850274,196795.6258086356,0.0,1434.5161439236824,249622.8488029851,0.0,360845.1837645966,4186.381159133044,13223.074975241954,146828.75988322415,11.0
278,1525.925926085339,136881.62683769938,186700.47229384512,0.0,1242.98370890962,125677.73871952007,0.0,232350.745862202,3973.589433827608,12001.229095501689,96753.22355452995,10.25
279,1240.9330056512863,205371.5680097693,183449.1070766096,0.0,780.7033951696427,126068.9502197446,0.0,186972.17183511602,4660.125680921185,12387.285966477648,43743.353622890696,10.75
280,194.2047434791376,303047.90938605735,193357.38282981495,0.0,1870.0831230101076,239949.14308403683,0.0,346182.44521380396,4674.749407126784,13513.537389883555,140908.52515111104,11.5
281,12108.785449898793,29321.704631245626,175464.49860979206,0.0,390.5257195199806,74015.35111632934,52359.95042501777,166804.48854079182,3801.8007943666707,11091.882195332018,18779.54325886045,0.5
282,647.3307712696105,169379.02890057117,191187.97973941124,0.0,1049.2982024368591,242675.0172916988,0.0,350777.0682102827,3950.8512956897343,12789.640174474498,143067.9545079915,11.0
283,483.76697359445046,172470.1841803946,190420.00346905744,0.0,1074.8750082614065,170554.65636808463,0.0,287793.31220961816,4085.9887792691015,12519.357494068401,133564.90839554704,12.75
284,31761.45958100147,19314.26091704436,173022.2095667895,0.0,132.9718126652847,68468.22206012698,51617.97083772569,160571.23758670207,3741.536814938996,10813.8334437124,18857.844879630804,0.0
285,26459.132622539913,17748.245006514695,173203.92512882344,0.0,98.3456575368908,52797.76780410469,51745.112847016535,119164.32730515004,3757.045196963342,10888.260324296656,15196.963220868123,0.75
286,4465.425604384437,102404.8491987678,182407.60390735112,0.0,788.9866768503546,126673.05021721144,0.0,188008.88736954637,3958.8872595137623,11714.31628529841,44126.283973027384,10.75
287,245.07990098948102,234306.8284488528,193793.55605259107,0.0,756.8772642791205,241879.8046954446,0.0,348952.2206993907,4444.734000309644,13179.024355172754,142601.31114346674,11.5
288,521.8553390218276,189925.81255688152,192435.7786754822,0.0,862.7711773229446,242781.35438431217,0.0,350928.36239440565,4153.19324103834,13065.719770857477,143447.34715014233,11.0
289,36156.7302288259,17862.225016707795,170671.5534461835,0.0,149.33482543057352,70500.16349831135,50848.0082299397,160554.49127367875,3685.5096826995386,10686.42734306281,18532.824829645924,0.0
290,1330.3305880205821,143199.28636554698,192459.10945159913,0.0,965.682102789556,184270.1389350065,0.0,306239.2185560815,4052.9476511086386,12448.02445692832,144200.62491571414,11.5
291,641.0302606497476,218572.34586869332,192992.2335315047,0.0,1587.5770566598899,241634.39499755146,0.0,348662.34441059356,4286.861577802306,13025.818875999668,142832.67025703524,11.5
292,27243.236516186043,19266.53052100205,171150.30988604046,0.0,204.65767549620787,55516.084714739016,51166.31138777323,126021.07538267875,3708.661848538719,10733.421589362106,16324.302840144506,0.0
293,11733.483023022083,67876.99062478008,182071.96281110603,0.0,633.4250884276802,126374.22574178538,0.0,189579.31317516163,3973.180291003778,11376.111410779135,44519.38548248756,11.0
294,2579.3778309461036,115116.9191759512,191002.03100203362,0.0,732.8076295109101,241438.5675583032,0.0,348375.5857025372,3976.215474448492,12294.201191562779,142823.58902810517,11.5
295,825.4268454635367,141818.40792073015,193103.66902900627,0.0,808.3246916434721,228511.70639570386,0.0,332697.64051138295,4022.6655135110855,12751.996551507751,136041.5365852587,12.75
296,48877.93862086512,15376.33539203679,173241.89006861794,0.0,85.95914156516814,71423.75262323045,51478.15613641867,162569.64369054284,3730.838628978744,10766.38360732467,18890.810352723987,0.0
297,875.9589625934719,160388.7488260814,192023.96723287026,0.0,1198.2240965635638,182110.87275418552,0.0,302912.656802173,4084.258503350994,12508.357227165552,142916.29975480007,11.75
298,29587.044644083537,19809.866930241053,171426.81590069484,0.0,168.9737758963379,67836.5613526016,51124.810422326016,159095.26261160715,3705.2060517262075,10708.371153338598,18914.59619345453,0.0
299,33171.60763254854,17328.164585628863,176177.49494971655,0.0,193.45938519413428,52455.774151773876,52449.14965913197,117974.36283208149,3808.1497453046813,11009.527135133656,15328.049255230731,1.0
300,21539.569769507623,21416.465722731926,173333.13911911703,0.0,435.90084364612505,48673.00307655621,51717.08265636735,95302.40456076573,3748.214968881864,10528.989456173047,15166.018500055081,0.0
301,28886.147337156504,17736.24269324121,173781.78356949857,0.0,129.10409470779453,64151.56425854077,51693.72144435716,139659.80961076063,3746.140140465942,10380.657690534024,17772.976671010085,0.0
302,719.9567373427968,174979.75509171115,193159.21945359997,0.0,874.1427416323119,241884.3803725769,0.0,348948.6223998474,3983.3675013118354,12979.971704792055,143549.76954982214,11.5
303,838.1779122244939,177003.90303731177,193072.69354030027,0.0,943.78829038285,240139.05185519185,0.0,346608.9423778596,4183.3684762602825,12969.457043502774,142706.0659123077,11.75
304,3530.68086096051,119204.39551353658,186464.59165889717,0.0,991.7364567291373,173484.88211642462,0.0,297852.6121557654,4031.2619846671832,11868.842285342324,136517.15259688284,9.25
305,9698.913574147044,42690.83203944594,174544.32833755485,0.0,511.72099730115167,87590.4241116446,52302.05072239171,195697.76256381793,3841.7029573399577,11020.224689131222,38405.327314831025,19.75
306,3368.8877608441103,125433.40870559988,185303.07530560243,0.0,1149.6147383963025,124630.76667377328,0.0,225904.7307972697,4056.416727218383,11795.757370546657,95057.66553554684,9.75
307,41027.065805236525,13059.150370536108,172217.44122290937,0.0,84.22429382718445,49513.039335053545,51365.94752280463,95076.05236208238,3723.141060422902,10376.802785586016,15061.049873057262,0.0
308,4753.093317001276,127419.82040141568,189698.66161325038,0.0,1027.5045333994187,223805.98946963466,0.0,336445.52553403494,3965.9728340614547,12397.298581097113,132946.21246677768,8.5
309,59139.02953258528,12772.553237672542,172409.7233925551,0.0,35.69471088373259,72208.47235075173,51025.147600237906,162644.58070180862,3704.7824417297097,10430.310644246127,18695.786786515226,0.5
310,59637.84883140547,12359.803420050104,173546.68299930243,0.0,20.84140951486579,74793.94014870882,51321.416484974245,165780.83435412913,3726.297869106815,10384.293395136541,19392.405855557474,1.0
311,60023.58568177631,11818.158951019726,174137.91128851334,0.0,24.387265875983132,65879.75234106422,51579.45712651881,159148.3215118284,3745.004407702218,10419.621604962977,19376.173118176226,1.0
312,27574.086756830984,15817.518152715253,173566.50434497945,0.0,28.70022718172187,86910.96013532348,51130.914784272274,179314.2324029398,3718.9991778097205,10504.980923571873,28056.1659889451,2.5
313,8549.53953526136,62224.92076014303,187554.41616939032,0.0,418.61020802559335,125008.65011447867,0.0,241331.53564689172,3948.447047355244,11573.299352905024,101787.99531814724,11.0
314,112624.96943133292,4143.836425481145,172804.3958360109,0.0,0.0,51715.5615676609,50684.27909844445,91996.02190401917,3679.617223165325,8707.499767487025,15204.277340410408,2.0
315,78851.88837692566,7869.402449567856,172395.35783367106,0.0,1.2906442460735859,81002.74759414881,50614.1939859262,171769.68661828607,3674.8158469160558,9005.21032547321,24038.46160853439,2.0
316,17427.077949016664,43957.931335324014,187747.09544187933,0.0,409.86623073433714,233876.79797089487,0.0,346908.82091620634,3939.555753572554,11475.251408178112,140719.6589810968,9.25
317,14684.28115808269,67367.39704099235,189693.38277472043,0.0,499.7369136799928,232145.1732030937,0.0,345883.430470685,3965.2280447732596,11967.556514297608,139389.99136054196,9.0
318,91840.37147976877,7480.853788736617,172638.13361635926,0.0,0.31547457592583134,68189.27603327099,50537.73749954261,163134.60164834128,3669.321040817501,9441.66697206005,23944.846168398668,2.0
319,15725.36139099363,62294.120845665435,186652.86762952074,0.0,443.3949098436118,228765.39808114502,0.0,340766.5169050551,3902.4272740891142,11698.574077371562,137485.95343763832,9.0
320,9976.032234978373,67716.11309201558,185326.74118775985,0.0,665.3959476659303,123355.65751702918,0.0,237969.78100789286,3903.3964605874876,11403.667102878699,100714.59065537914,11.0
321,106966.22317284542,4221.928652806368,170911.4025819804,0.0,2.8576623952922726,49057.67605340272,50219.16880627771,86828.77889420657,3646.025730021587,8451.81095504448,14434.4559671811,1.0
322,103298.39988777864,6630.1827197797265,172512.28354678545,0.0,0.0,80379.61735436834,50228.72586707564,170452.4099849335,3646.792973515042,8923.573091854325,23975.478760192364,2.0
323,85377.91542496804,8754.587210799038,172925.82811361065,0.0,4.80860943898303,92288.9900247864,50466.119710431165,184053.29878244604,3685.6483668600026,9264.73403552107,33138.188588688994,3.0
324,32081.839704445683,17100.127240604103,170821.34838975396,0.0,157.00866202807896,80317.30521921684,50129.96957216352,170237.7219475525,3639.893100244348,10465.830797137418,24066.902091166543,2.0
325,2268.5468801762095,103445.0550233359,188944.03929117494,0.0,709.1766250856077,183933.42349286555,0.0,305907.63256088615,3960.3422596075907,11908.290460444852,146102.9432773305,11.0
326,33727.95484757162,20187.06418664478,173761.73631041293,0.0,261.93824360503925,70257.96090973428,51354.002119611985,161688.6540724122,3722.102659280559,10801.809710832496,19223.418270879418,0.0
327,5194.519346546976,89559.40178213459,186783.086798085,0.0,739.6078075439414,124231.96392176369,0.0,239783.73498004448,3940.509881059307,11527.535088354005,101719.86303415368,11.0
328,69871.52665172415,7685.321049798916,170412.46693285706,0.0,36.60164249441386,47578.47040998995,50533.15629447022,87387.17024700905,3662.455883441942,9996.706863981395,14910.41276426089,0.0
329,82649.12351040405,8757.939306938644,170610.43196711762,0.0,16.259823160691973,73071.41606842923,50136.340946028824,161950.5509095173,3640.153462329646,9241.199858221195,19062.674452834806,1.0
330,55011.78686107592,12436.615273319667,170381.75383898645,0.0,74.54779552077999,79979.87743752493,49992.98503405962,169625.3278972582,3629.883272588455,10321.43291816852,23991.69026367049,2.0
331,37875.72463605101,21191.840984256236,176999.4461097578,0.0,329.40732412103847,75546.56816810345,51891.65444591838,167527.58745528007,3767.7412736376086,10990.583540492742,19871.31994894758,1.0
332,24837.25650335433,20549.159556307615,170672.3146754206,0.0,232.14180574553302,62716.01754159429,50518.998834259975,152863.66327151455,3661.2951102156485,10589.746586828336,18823.036196906,0.0
333,45812.5466291478,14585.936289656474,173544.0691962844,0.0,68.86553168578533,81169.82256752557,50732.06440243416,172139.8375504911,3683.558447121635,10568.388192718754,24357.847182369038,2.0
334,37353.228547562234,21063.15237129113,187220.82171394068,0.0,183.2725606840625,117185.58754003065,0.0,206144.20203870293,4075.4329536509827,11123.92435632229,80222.94422902503,8.0
335,60629.512568110156,34185.40170886639,185775.22090985617,0.0,194.49589832955928,120109.64432488263,0.0,169980.6257733767,4059.4465488069927,10848.154262034517,38786.466803019495,8.0
336,13762.089321807849,48006.87296944363,193208.1216388432,0.0,354.7974478264367,211842.20497315787,9992.854563962665,318527.8222565993,4099.983189341378,11916.763104894373,129614.9201001387,13.75
337,65027.079902906495,13992.193171465464,188557.12172441997,0.0,99.17359704968435,96020.9551753334,55366.70074593992,212003.14621025877,4072.1982189360638,11426.656588925698,44152.74322697931,19.5
338,58331.23685306929,14385.812796783226,183522.93016006335,0.0,106.83720745872097,99694.08111733904,53899.859709027965,215054.06121178964,3997.1912649217215,11131.053319809582,47980.68242039345,19.0
339,44776.5326737616,14268.42019192874,184213.03633518008,0.0,47.38693960811685,79602.59919880358,54865.74833824454,206803.06610549806,4063.248019611932,11109.504535640006,49308.880165325114,19.0
340,7562.101718951064,80455.69303347755,188454.74363711855,0.0,600.2794577867576,200097.13903198618,16279.316150728166,304389.407128557,3985.43744551944,12064.218292177597,122680.28553893133,14.0
341,31537.66004196497,49567.32251459964,195098.4583252608,0.0,528.9808496399289,128657.68289906108,0.0,227970.08671563672,4106.329751594612,11802.528289299444,95559.39522165751,9.0
342,92491.8364684703,4567.748233004359,183000.86042475558,0.0,18.80720513279999,56527.724506043225,54417.18311043885,128388.44321886907,3995.0940233345946,9895.004410507063,26231.455562484607,19.5
343,15620.790797064587,59949.69502968175,195527.56979737923,0.0,623.547120747425,207780.01552813585,13653.40875875632,316357.07759015216,4151.583482798765,12305.010381232009,127426.33514170749,14.0
344,12234.958877723842,73078.37277421118,195251.50192420592,0.0,560.2290475493536,212329.22827401778,10657.516908813383,319488.5800587114,4121.077895801702,12477.938944945263,130314.86113002452,13.75
345,3759.269797197963,110238.17501154446,196749.0703169061,0.0,736.470268060437,239782.9057767271,0.0,350882.3304387002,4100.043056331831,12845.5034639742,145356.77149237067,12.5
346,90277.06103911993,8091.306235692612,181297.9590149077,0.0,1.199892185734649,81100.80888580062,53132.721864386156,178561.10663708634,3881.7940233228887,9674.946955206657,32429.980966059975,3.0
347,75817.69494925493,11218.611011363044,179710.00326955883,0.0,24.157748158333543,73954.6357034231,53019.3876200761,167991.18467222812,3849.5415819806713,10666.38956930831,18551.640154648157,0.25
348,20776.757296931857,39876.062837825426,191900.51535990738,0.0,295.32402614349564,144603.12539230342,0.0,300591.9816778,4079.3599075863394,11341.517972214991,144990.90594835614,9.0
349,44045.22749744301,15525.796418554994,193723.38916824386,0.0,130.68359739913006,70260.80050579425,57527.67191639053,198627.73931268242,4271.759014771257,11707.871829760716,37383.62350409839,19.0
350,48861.46292935962,16702.103738423513,188878.43793758441,0.0,161.50029754719142,97207.43960658995,56453.73472865143,215018.71468885095,4156.394321477469,11571.870462956445,34205.22313201938,19.5
351,72742.20957960271,11177.191042661634,184459.3017156527,0.0,45.95083112549849,97989.23033224484,53867.906713100536,191807.89894377865,3936.578028457629,10525.750095162499,32734.041905635237,3.0
352,48086.64940976944,17342.05977686777,188971.00819850023,0.0,161.07445792789125,103742.84615807512,56394.799151275496,223839.81690521652,4181.848518215041,11603.093572115708,41020.8685994523,19.0
353,49470.139324497024,14713.892577674329,191414.3741775446,0.0,131.04156357544053,88155.14120532341,56895.75155897087,213878.11855119586,4219.954091164349,11612.541967178342,42174.0237953117,19.0
354,22696.374905922046,32557.587543905334,188679.13849457563,0.0,365.2534532602763,158562.46206942,40410.16088742697,268042.4293162807,4105.996860050768,11601.301797125518,101815.46083114624,16.0
355,75284.25405832117,10748.33525646931,184950.53808245913,0.0,31.03118002677434,58962.367918822034,54542.43365662896,146444.03979393322,3953.0600216959388,11331.641295234189,16609.108219323585,0.0
356,20607.77171940882,41973.44835726038,193156.39546922708,0.0,211.01361098319651,149964.97116886452,0.0,311683.5776648201,4139.53365611791,11592.238856056452,141409.3249854771,10.0
357,70840.58864925754,13384.709212874805,187398.77904546802,0.0,59.11039282829705,79461.49951154404,54851.15760634923,176392.28280747548,3982.5633319477915,11565.9020091772,19289.269721559744,1.0
358,79372.5100125872,12968.960336644346,189758.4772124854,0.0,44.84623413724013,80089.76523109806,55402.2814456975,177993.0398963992,4022.626274912457,11611.2679912401,19388.75255977261,1.0
359,70475.67390565468,12793.372718640467,181747.09553731122,0.0,33.31264891389481,77490.84355557007,53490.869286108136,172087.70805493533,3883.8439057058367,11002.704850702603,18724.246624356136,1.0
360,85339.64959368078,9909.267615939501,182427.80427061708,0.0,21.284459603739307,71064.97073884853,53640.596571942646,164840.55724721515,3894.6995126260726,10629.491363121724,18623.35928318788,1.0
361,6907.926473522425,85892.8045480335,194673.61551148113,0.0,335.0303057960233,208687.37735994696,13565.005392692428,312011.7016405062,4086.3586310936894,12623.64130597241,132610.49997531492,14.0
362,21181.334990246065,63379.413190060535,195449.3427400991,0.0,285.87154928489656,148933.80262394846,0.0,312530.0883710456,4103.840872089066,11831.76985833053,148053.10844990323,10.0
363,85302.59373586458,8455.044205608649,186235.60036782653,0.0,8.13453822444813,91129.97766928576,34040.05777705941,190573.20191311216,4013.294906256096,9296.418932196199,67805.88060665086,5.0
364,82125.0928750517,9272.906529914908,180647.95472848284,0.0,10.737157587863155,81784.15826377353,52888.7744558375,174995.7647230528,3840.0868001481467,10138.290798352558,19992.099408107442,1.75
