day_of_year,heating,cooling,fans,heat_recovery,heat_rejection,interior_equipment,refrigeration,pumps,water_systems,time_of_shift,date
0,2579.825584475883,383.3248517567379,6416.719357074453,4.2349101643888606e-16,2.438634559543698,7319.79308523393,15.199661279532686,383.37579029417236,1039.825146391208,22.25,2018-01-01
1,309.69042714433607,57.748136624512945,859.7943977329954,2.552079877021634e-16,0.444699610974185,1671.7708630355971,13.048877342846128,105.23759077786103,231.1901990825105,23.0,2018-01-02
2,376.9279231782337,75.57896142817222,970.5396901034264,2.533441715647381e-16,0.4264540980017875,1417.638047062374,20.68681811936985,94.43909438821623,165.2813519207823,0.5,2018-01-03
3,726.1446847750708,478.76848021745644,3950.7825769100896,3.9475570155101267e-16,5.843834726262275,3809.4371341267115,1.7647694494371536e-07,260.98408003130066,542.8800604336707,23.75,2018-01-04
4,4652.03529851049,897.2463091230104,11835.83988434451,6.898340119222644e-16,5.838882046992443,11219.489209000223,-2.273379415441923e-06,728.5326802309341,1722.6214385651472,23.5,2018-01-05
5,4499.983830586636,334.32501473583443,10236.768675514852,6.495967656730827e-16,1.2346032251185963,7669.169210946851,1.387459194880187,555.4520355266752,1516.9930601454332,22.75,2018-01-06
6,5185.511094219836,347.94643887890845,10237.62884184487,6.900119231811746e-16,2.332645587499876,5661.667490349454,19.127442945365242,557.7676917183084,1098.4630187677994,23.5,2018-01-07
7,176.44304266944678,83.71942658301315,699.6452011686473,2.57147673293935e-16,1.2452253218260736,1998.6976214421513,6.9036457096544614,130.82227349946882,316.72785428789166,23.5,2018-01-08
8,2056.237023777786,524.123280537343,6553.369488360648,4.353464330175801e-16,5.21943427492631,8642.718928564285,17.971136298375725,449.4387775865096,1772.281116498511,21.0,2018-01-09
9,3011.2911702182996,936.783070453038,9773.977221713767,6.244894486118128e-16,11.63371289234976,9639.523291200354,-3.865503663803338e-06,619.6247402672959,1554.2809502024654,23.25,2018-01-10
10,3284.3167874655865,760.9582891807194,10248.018998998194,6.872158607207745e-16,3.6663508403581035,9382.563444567024,1.8962861301117226,627.7170018659762,1604.2670913153154,23.5,2018-01-11
11,4155.169077911025,729.1995618967646,10475.323919014403,6.084986937858809e-16,3.2850030593217636,10137.72411466171,3.4482592548698303,653.4504049099888,1571.788601673568,23.5,2018-01-12
12,4070.7318620796673,420.8696834475148,9741.250995671211,6.264654589684356e-16,1.6285536089880313,6954.083859878424,1.8066292203393532,582.1690911035615,1165.752852798296,23.5,2018-01-13
13,4694.1134149291165,515.9689453876036,11365.29727161463,6.564068130791079e-16,3.2465986130294073,6186.337206391696,1.9925972776491108e-07,623.7639064295546,1203.5506211020956,23.75,2018-01-14
14,239.16512715147203,1692.6093477847844,5243.417299862779,3.3632688241822343e-16,19.472404204369465,11672.036923220627,110.11948470076734,387.00941671772665,4962.285520162835,13.25,2018-01-15
15,1117.6429543019433,423.04035560137265,4473.8880684276255,3.473347146371102e-16,5.891982191474914,5775.262102613757,4.323160142352389,335.97835381395805,1037.7927607321847,22.25,2018-01-16
16,939.2877871348873,264.99741499690225,3165.7668084796032,3.023986819194866e-16,3.6574699570676508,4649.276171314948,-3.6101268588595306e-05,276.56862836247416,866.4352454187971,22.5,2018-01-17
17,4488.355433525973,811.1052755801239,12177.833071566834,7.758196161000504e-16,3.974551371314537,11213.947746716796,12.305694800112725,744.8886498677393,1964.268047363226,23.25,2018-01-18
18,4289.987919240809,708.093312113839,11246.094748285039,6.211452131227508e-16,4.00239584027981,13116.035153701152,11.787458580233212,677.9660564745558,2690.6084732926206,21.25,2018-01-19
19,2124.8915697489047,1090.0224240457567,10802.748726906553,6.158824752898699e-16,3.393056030004202,12296.431599661995,234.69431467135442,645.8421086611158,5338.614471483124,17.75,2018-01-20
20,4567.8522894168045,497.8686874830244,11360.376870121407,6.063372153900023e-16,3.0412922113426846,6344.4514160309955,1.7313241719545331,622.8025186619695,1198.5990291647092,23.5,2018-01-21
21,4644.439104132821,731.9118325677334,10957.393056115046,7.088229130165753e-16,2.387094156048727,10343.137052149503,1.8577877540337794e-07,633.1650321260878,1661.571621548646,23.75,2018-01-22
22,5207.5862396066095,786.6833489834846,11820.58316582665,6.934393754581034e-16,2.306555912090395,11188.097908688362,9.818935552630136e-08,664.7052256016218,1781.9473873031939,23.75,2018-01-23
23,4926.965290343886,663.6394252085087,11199.112188195737,6.847855561339177e-16,6.338972739624674,11487.114390085088,234.82432314086375,674.7832738957703,2101.5358443128034,22.5,2018-01-24
24,5422.485781457251,467.9232081404185,11660.611358945729,7.268885749296032e-16,1.241224506366175,10969.970446158659,245.6540536390401,657.5793475118013,1903.3415304762302,23.0,2018-01-25
25,5542.571050322815,683.6671215481254,11313.23384581227,7.870595143475432e-16,1.1847196423173105,10668.905120391979,4.5183427164374734e-07,633.3930994340998,1698.8771278752026,23.75,2018-01-26
26,4324.809500789094,528.9001507214455,10940.578514475825,5.565081586858659e-16,1.8637184720271986,7468.572995744938,-5.324423796082556e-09,640.1962518044274,1220.3602968059624,23.75,2018-01-27
27,147.80082343126128,6854.372032055674,11135.760438051488,4.967743988797207e-16,39.53203635833103,11178.660321092,241.28342672151214,732.8596858340647,2578.7474425711107,16.0,2018-01-28
28,285.5917092002264,1888.751095523257,6467.0950492847505,4.375483132388438e-16,23.923730846948715,10726.305333194097,137.7536702479039,415.9323578982831,4416.472137653922,16.0,2018-01-29
29,267.6755840504863,4563.6452008688175,10947.152950175436,5.96867359967893e-16,37.36176465556539,16165.922374484611,234.7606486320303,702.0431785361803,6248.170332065322,17.25,2018-01-30
30,1273.144170927795,1571.1331523920016,10456.450033443745,5.807661738502686e-16,14.111648833718435,13326.048896111755,156.98991109430884,662.1970968892364,3371.8065753399123,20.0,2018-01-31
31,80.55461394619438,6691.237376880337,11979.808687910587,6.711005853231698e-16,42.31373092320945,16196.102811846564,142.18731141497267,772.5745843025566,7044.504643592046,17.25,2018-02-01
32,70.67676468454596,9100.422782623937,11650.647898701229,5.013350026185994e-16,48.16872587816861,21454.970685894477,241.5254352548438,779.3398168602529,9221.232238327364,13.5,2018-02-02
33,34.20580841301156,11295.94515337174,11837.097613742268,4.632496881584398e-16,65.2259956897855,15373.337004597928,268.94575476592763,780.1648489687707,6120.916392890707,15.0,2018-02-03
34,153.20950042083075,6387.476196808109,10904.403464996278,4.308210115009126e-16,44.37199729467981,11539.629312957459,236.4423190745612,706.8666952708937,2863.354409573369,13.25,2018-02-04
35,2037.0270281248243,1388.2021000880081,11187.471715380392,5.061524353768051e-16,12.951506562483473,10817.691602346711,123.97285525728402,706.3815047048233,1755.411349405807,23.5,2018-02-05
36,28.29095819133084,12263.194820015644,11779.997185476128,4.48623080073336e-16,45.43140098628677,19881.214666328346,260.3075475240772,797.1919826023616,8359.585451103005,15.0,2018-02-06
37,2948.9431178656196,981.5360067486089,11175.710124277388,5.489431813598061e-16,4.53263465545524,10939.107334925498,16.7376753356862,702.6427603022767,1372.6100297315097,3.75,2018-02-07
38,31.391975294653854,10772.248100862398,11041.944184341211,5.1005344652089705e-16,54.914033293589185,16101.253102923205,230.74646609639777,736.7242829240952,7587.792463891968,15.5,2018-02-08
39,1890.5163227811577,1410.8616893366445,11112.35262122191,6.114156768087053e-16,14.058725881273565,10587.463163132297,1.3755576276253123e-08,698.1004574831817,1692.390877904429,23.75,2018-02-09
40,71.08866622654764,6821.706077959598,11682.885046572537,5.280949718281326e-16,23.416846049472973,13734.88587955792,249.15298572148046,748.5120157357399,5997.682317697816,17.0,2018-02-10
41,5358.822058519733,350.48819281407276,11219.707038256704,5.64101078710812e-16,0.10070419703748285,5815.908473443308,16.670589578622064,600.3001884197128,944.2565513958307,3.5,2018-02-11
42,1885.187595745667,848.1403741250314,8447.00201685877,5.126454757668978e-16,4.950629312054156,11070.37279591622,187.39503357346513,545.065667987687,2538.3050359108406,20.25,2018-02-12
43,3630.9851336981533,546.9352949007557,9520.619408338282,6.171732128075489e-16,1.1521713955014314,9744.229314944523,83.14235612870554,547.8308074152279,1617.3710434443012,23.0,2018-02-13
44,924.7408670833389,1066.720576674447,7082.489628268594,4.223014420708656e-16,7.262254754601022,11095.460707282387,154.01392385726876,474.24074778025494,3829.494302685246,18.0,2018-02-14
45,174.50507417258152,3555.8941984644985,7487.103842550479,3.185842460705716e-16,17.243286716297362,13607.938279672226,156.18999065993944,523.1367222967394,6650.768296974664,12.75,2018-02-15
46,5109.182578200848,392.85393122278356,8099.26791605933,4.298001559493636e-16,4.90440678658319e-10,8120.9843867717345,8.595773780607074,482.9457053505934,953.2838435227898,3.25,2018-02-16
47,98.31567903661175,7055.23949247558,11555.554408216689,5.259677415128201e-16,45.20105812578252,14828.847897976897,241.2182043978441,741.4668317149535,5933.079481557038,15.25,2018-02-17
48,1212.1845640221893,3499.415091948913,11457.529956401988,4.2879764802185783e-16,26.899955643331825,12119.638298359449,249.14784376862772,723.5941642999582,2990.101499763166,12.5,2018-02-18
49,6329.074451598623,477.6633172471206,11101.142473305921,5.88349195911293e-16,2.9840441703705633e-10,11033.433499890623,46.595583952850994,623.8719220449176,1845.194022131528,23.0,2018-02-19
50,4032.2192513559667,538.335839976452,8850.660622314843,5.843524592829644e-16,1.0806864502677307,8449.608273814529,3.484647368168226e-07,517.0202876647649,1343.4988689380416,23.75,2018-02-20
51,617.4271903339729,5042.932259942354,11899.948206429593,6.726561360642914e-16,19.234129538992963,19046.187865898744,250.3290592947956,784.2117075517391,7845.963655832596,16.0,2018-02-21
52,1308.79772708301,2591.986312341478,11534.145802927154,6.398838522858675e-16,16.585676259189203,16612.093127947,246.08239198968505,711.7955508294026,7690.275075129063,16.0,2018-02-22
53,788.943826546261,4702.583526906972,12011.263494621437,5.907796473835262e-16,19.59178648396836,19195.421964802783,253.04330168208935,787.741907474462,7928.006221176548,16.0,2018-02-23
54,1171.7420494529126,2585.276156506615,11031.355818258053,4.716737945427224e-16,18.898127944673618,14697.195481449942,233.14546688257167,671.8467323998125,6252.039405456756,14.0,2018-02-24
55,9750.273319233509,227.64215250320373,11667.850270633504,4.958081214004184e-16,2.969920061197362e-10,6121.371844997876,11.055415991397348,551.1739428243826,1012.3315817378493,4.0,2018-02-25
56,4772.19559953294,670.3245735499386,11709.084175195145,6.694638487656188e-16,2.192309850970632,11013.473213331754,11.032868981078938,696.0966810781529,1266.2747732111,3.0,2018-02-26
57,762.0404544611222,4555.80466143467,12107.41546774944,5.234451885860601e-16,21.031200754830483,18158.68116558266,257.5448802739148,784.606654310516,7038.14800936141,17.0,2018-02-27
58,9198.648057423876,515.5933007681867,11525.211027136787,6.310697753932856e-16,3.9999658790976337e-10,11000.683012624711,32.58124119249627,624.7317051048467,1343.559712547913,3.5,2018-02-28
59,3731.195928160516,513.8341089483433,8555.795421217697,5.327407739194574e-16,2.270892794241924,7936.2074203670045,23.144714663647875,546.3152925614522,970.145995100874,3.0,2018-03-01
60,3017.8794658210336,537.5793205951562,7774.319857420752,4.538772966684636e-16,3.378972035839651,10765.452321494697,112.98192784200167,498.10580354309184,3023.941742240429,19.5,2018-03-02
61,3688.977028310111,352.76580971041864,9591.522559036426,5.6654655084298735e-16,0.6866044151324335,10233.605667679129,208.80660026982045,531.5743300769619,3870.2657516079366,19.0,2018-03-03
62,1314.4299127900103,3560.1864249162363,11036.831581873592,4.313036011333117e-16,20.671951950106283,11580.349481189167,240.31250390556195,719.2859836385095,2589.9097487167974,15.0,2018-03-04
63,167.81808286093525,6905.214453202998,11974.938793068022,4.963131482265189e-16,34.719907887468906,22023.025399938946,248.2033493460431,788.6421470743902,9432.186212097085,13.5,2018-03-05
64,3283.525009093809,380.05477209110677,6712.800202096713,3.8684188023444606e-16,0.22514115779091437,7061.526397021939,17.94622185136468,413.4361277404567,845.8556714146777,3.5,2018-03-06
65,2611.456797470252,744.9780361212669,8854.634429714984,6.463104927619182e-16,2.780239566101892,8419.35375200374,31.058338837336166,556.3611466306569,1017.2751412611985,0.75,2018-03-07
66,75.74838539293906,5863.738118022487,9667.799300412937,4.0193310299644727e-16,46.13948378772712,16761.147899686184,202.21821300689754,635.2698535475746,8050.190928536292,12.5,2018-03-08
67,181.6473183307502,5991.040578378704,12188.26626093398,4.63336511648573e-16,41.598615777257194,22814.527041057365,254.4395647400383,795.5045193892208,9796.289201258065,13.25,2018-03-09
68,1986.9007224612676,201.19980683636297,4894.823042003833,4.227287840247136e-16,1.2472787230702267,4192.480905638995,-6.866712205737713e-05,319.4645526759907,844.2642637438553,22.5,2018-03-10
69,245.68788543069832,5743.827087192147,11407.871789267161,5.415518997751433e-16,47.8222962465306,11475.352249613687,249.02010417774784,753.5055474294235,2648.50501537756,18.25,2018-03-11
70,807.959164895704,1832.7124569211333,11456.392548998869,6.741078415040031e-16,37.06972234968536,11918.022662316343,243.70897456199037,710.4144566749319,2101.732074270199,22.5,2018-03-12
71,442.23668530738956,4662.379892475159,11906.387738641362,5.495462543274268e-16,40.50823255337477,18914.39494897599,253.43205636104696,771.0147696052147,7781.044565427558,16.25,2018-03-13
72,2022.4355459422493,1478.965753293122,11135.767223988054,5.784245294626871e-16,9.976565620295995,14382.638300828181,246.54136430094545,689.0918424338917,3652.6040915448557,19.75,2018-03-14
73,918.8540414773552,2563.3775366501045,12165.041145766963,5.365586540790798e-16,28.716280512737782,17558.037100827984,260.273686017999,740.2624949580737,8099.220681456357,16.0,2018-03-15
74,497.9087518433791,4678.980291005117,11786.022125253367,6.211912671917487e-16,31.82190175685223,20580.21806287276,246.20676420520533,754.5931073905036,8702.95032347493,14.75,2018-03-16
75,5742.442246178654,373.56185845746904,10346.590604991934,6.23720019700993e-16,0.3231691980748704,6641.330306577766,14.112173640225674,582.7882146834337,880.3256327397226,3.0,2018-03-17
76,5018.563309425655,410.77911291611383,11274.140147036147,6.163373827847776e-16,1.356480275022944,6145.177025987189,3.781035366046126e-08,613.3804956642314,1221.967340993947,23.75,2018-03-18
77,282.570261584918,4904.621691353438,11800.205420861828,4.695094015766341e-16,39.038645681890614,21286.913240829505,246.4813607832757,765.4694745484092,9251.41407495051,14.0,2018-03-19
78,927.7014488608866,1182.5837232620277,6839.142697112968,3.993208799216777e-16,17.624006657513963,11572.27593846804,146.21839449124386,448.4868507539994,4648.399752671598,16.5,2018-03-20
79,257.12095108283694,2375.290229374719,8089.007275034199,5.151164084801463e-16,30.903227201437446,11291.563589098861,178.15528688999126,528.6177103387162,3197.0325516827343,19.25,2018-03-21
80,1061.863938851541,3228.958759828001,11205.739338342582,5.34810789773672e-16,19.959803180171352,14828.991821575955,241.8728411297428,697.0625324978176,5623.062943586101,17.75,2018-03-22
81,661.3297981925617,4224.356704618689,11802.652861265024,3.879000545849607e-16,30.454629051331747,22882.876147642954,245.62758245429205,763.3932044673263,9458.513168671358,11.75,2018-03-23
82,1121.409830214634,2556.5924332375366,11844.25974874954,4.125761174529334e-16,15.092576026282828,15753.169075461912,251.18093194424816,719.7521214743153,6271.821107561883,14.75,2018-03-24
83,8149.34761959235,263.25392878881195,11374.525427439878,4.569996802718295e-16,3.398456262466375e-10,5892.033525122391,18.66813745067728,605.7816203745631,962.8084135362027,3.75,2018-03-25
84,5251.271290542318,522.1388346529083,10722.609315840176,4.550831178849767e-16,0.6216272198498176,10266.61347756228,16.439478270498228,571.0499101878428,1202.8644472664894,3.5,2018-03-26
85,162.34071991179505,7086.568087818369,12031.73372644532,4.195089156683269e-16,45.601216030757676,22881.24647721239,248.6292299703881,802.6698633826609,9419.128244099149,11.5,2018-03-27
86,3456.1322474999897,894.5604254648365,11243.713924623182,4.92684681423501e-16,4.567173888633034,10658.84942280381,21.175869722904455,696.7032884016967,1236.9697531683191,3.0,2018-03-28
87,20.077106756404714,13285.288662501525,11946.77174757371,4.066521428632239e-16,65.74113014997191,18823.793549421316,274.12674751788626,811.5232240396035,9334.853660254652,13.75,2018-03-29
88,22.061770464338213,13228.975316752823,11890.02237412032,3.992043278927524e-16,86.82655863336005,21804.54182013032,270.86322918336185,810.3079907006073,9314.78555601293,13.5,2018-03-30
89,81.61088275653097,6699.119554284982,11511.323144887116,4.812719970476692e-16,41.647042108190746,14386.052008677334,243.15341964618855,754.3992254189259,5847.616992900822,16.0,2018-03-31
90,245.7111930908245,5693.615672697507,11490.619571340108,3.9430366462540575e-16,42.900746786310286,11800.9576731024,241.76141000285818,736.2182691474194,2859.5526179624544,13.0,2018-04-01
91,69.58751318429755,8266.097061222976,11858.649994244946,3.645841394734471e-16,46.06671881358546,22581.137050219968,244.93196025029872,788.2389274954776,9325.873464586524,12.5,2018-04-02
92,136.51549379935707,7087.505041642847,11357.036722683886,3.9654002755124226e-16,40.422989576357736,21715.252054881737,234.34436301126254,754.15848838686,8946.508660252513,12.25,2018-04-03
93,53.32669929918768,7201.711587379658,11105.46727619656,4.1682734257804886e-16,39.226215418475896,21492.986828643436,230.40829750984759,733.2354307443629,8898.022158895108,13.25,2018-04-04
94,2252.2517167757437,890.4295245872227,9895.112641855225,4.956176356322828e-16,2.532848932238978,8963.223412753307,2.3448410702417997,620.1459245192557,963.3007713316623,3.0,2018-04-05
95,390.6073267764039,4764.836674824466,10927.694801908858,5.12452846864697e-16,71.18842986784709,19600.686666041678,230.4121030061941,687.0757631068882,8237.181254507153,14.75,2018-04-06
96,69.82972105926761,6729.0107867133065,10621.735794290375,4.2167061314047197e-16,46.22051941365673,13706.868305981074,225.18190707213878,695.1672070757252,6540.629128260221,16.5,2018-04-07
97,149.5700832148348,6929.230455518582,11742.701798416758,3.7577213517202705e-16,41.1690606264802,19469.490010735666,249.23383260183897,763.7315563537719,8846.709717955504,12.5,2018-04-08
98,49.085746916898536,8536.544792659022,11389.034237244214,3.7532758641038436e-16,50.038535491012205,22426.13733430844,236.4278071259738,761.1518496968557,9534.526329270573,12.25,2018-04-09
99,26.11232946999157,7380.783362723216,10852.874997029716,4.2703223405885073e-16,57.864346977403535,21011.645400726928,226.4441331764416,710.1489919061456,8571.859788123305,13.5,2018-04-10
100,149.44090333523837,5895.122093180439,11409.194205120872,4.276030115466884e-16,41.97342408869746,22565.42270986726,238.0693206184039,746.9030642719702,9650.254543831408,12.25,2018-04-11
101,171.3351296635075,4977.224654450412,11073.370601981165,4.601901937303912e-16,37.17808912206031,15106.812659150222,234.71227193853244,729.8418847960909,7156.527958335165,16.5,2018-04-12
102,4484.973209019367,637.3174503684727,10149.81821471997,4.0532631571600486e-16,0.8085931632290855,10200.106476670984,15.627473984757684,587.6383238789041,1286.1372856169598,4.25,2018-04-13
103,93.22889539397886,6455.7356606962385,11590.479648735547,3.7213064630272305e-16,45.90248397022523,14917.343251090611,242.82715169518738,754.4396170011627,6472.9059905090935,12.25,2018-04-14
104,302.818043882233,4034.880326416085,10550.239324520466,4.123617699750901e-16,39.49469694846098,11231.092706101714,229.6169127166906,686.6500856032876,2748.5444058475127,12.75,2018-04-15
105,609.0651052428013,3306.2589335384273,10686.029556572252,3.9651535473370406e-16,24.062662837795493,20812.732972370344,223.14639290191553,684.468178403495,8613.227314512955,12.5,2018-04-16
106,482.2582311695843,4789.755111057436,11481.355949561035,3.78459216505637e-16,33.85044345103511,21890.326550180485,238.19498289133315,744.606573906594,8903.62460006117,11.5,2018-04-17
107,3905.023426108687,704.2422812908341,10314.425600345457,4.792413608300839e-16,1.6578750241976206,9839.278187642241,9.818826414694795,636.0395955775668,1131.8721902100895,3.25,2018-04-18
108,123.44458542080102,6055.386668186749,11646.260228177682,4.1480349097075193e-16,49.4845588710136,19431.508933365258,243.564861968447,765.656226292335,9268.565334550187,12.75,2018-04-19
109,40.63756996995313,9519.00327061558,11858.05851762115,3.8516474253354085e-16,64.71994197360473,22511.945143625322,245.82139187827426,800.4884221013049,9251.759302041064,12.75,2018-04-20
110,100.63151005491146,5987.068306658624,11485.99589442712,3.7928757089956835e-16,38.81781906086612,14751.427153210476,240.39330609268978,743.2955772522583,6339.59338411306,12.25,2018-04-21
111,329.84184428762535,4703.316450618879,11142.287859706807,3.4630221963731925e-16,43.442396525480405,11088.100705082132,242.2573699460592,733.8027521558186,2602.4348108460317,10.75,2018-04-22
112,88.13297001172974,8268.836681862222,12526.21316558598,3.886388933142412e-16,55.22432130861901,23180.816106676517,259.8634617999258,827.4709182231442,9574.522399837377,10.75,2018-04-23
113,175.09836969841518,6091.807473665009,11936.536752129576,4.046465654367383e-16,47.48341741161615,22988.60700431094,248.29348905004525,781.8514667280408,9271.915641862915,12.25,2018-04-24
114,103.48433031681556,6616.057543094281,11450.521787395068,3.5546111461237777e-16,40.6518904692483,21946.328758583924,238.0962180641353,759.2032084383409,9082.27292829787,12.5,2018-04-25
115,1231.2747133155565,501.23645252884,9587.210400684899,3.8530691952997706e-16,2.09237767678165,9939.098358347783,22.32364090827834,552.3807495143819,1988.9818010442289,5.25,2018-04-26
116,2753.51593059885,1092.5744602784239,11300.501564369351,4.0517296980670245e-16,7.09849585333589,10699.381296241963,174.23847752418294,710.5692909783544,1146.7274218732073,3.0,2018-04-27
117,140.24409320254549,4852.088106725194,11737.721828628752,3.701470794263569e-16,40.77941465147663,15579.515298265103,247.83321462618042,736.6802838453738,6538.939066266053,13.75,2018-04-28
118,671.9487202526227,2850.118009595522,11256.272710357267,3.5789340790567287e-16,33.498411198223046,11877.880927298098,246.29876058403485,674.9930865659462,2865.2537175144357,12.25,2018-04-29
119,97.22499485703766,6440.4222469023525,11868.784469065398,3.9451393279096243e-16,46.5957530760732,22088.56789006655,247.40936694757022,788.0416458152828,9275.472782537441,13.5,2018-04-30
120,34.83275671653904,7932.441893421642,10681.50896868147,5.595383106854455e-16,41.98545987315421,18106.826594029066,69.0296994396046,721.4199334098548,7433.255041632047,15.25,2018-05-01
121,35.19312990239961,8147.67169664718,10983.79116510657,3.8731284282586933e-16,46.446774444683754,19795.338801083635,228.0509506076127,738.1433308644143,8366.453587810509,14.0,2018-05-02
122,2804.230322368098,959.6069612826564,10518.453643566827,3.778395152794766e-16,4.444538083343584,10661.827107778654,61.98350569681549,653.3797558475478,1899.337083531081,5.0,2018-05-03
123,2957.3241983178686,833.9181558894553,9945.65446858996,4.572765814558703e-16,4.933242149685037,9382.222391900976,26.09398055502269,622.4599169497371,1039.2193589379187,3.0,2018-05-04
124,304.76478557532107,3301.4505783143586,10425.086981810426,4.668993865110801e-16,35.914287408717826,13937.990723972627,221.74034636511078,637.2020260578764,5617.658962023988,14.5,2018-05-05
125,162.06182503645297,5021.761471947172,10973.01015587808,3.5618745630914484e-16,40.75683701447186,11600.697624455253,239.0489617048199,715.4158414706038,2837.9244627275,14.0,2018-05-06
126,3768.2760785225037,1138.316868302467,10708.149564454168,3.446941232188188e-16,8.360271539956814,13582.922981243579,236.74295443243022,630.4427163798953,3651.028872595624,6.75,2018-05-07
127,37.25974589228686,8103.209649334148,11109.87719762752,4.780297719760377e-16,51.40267280141277,19987.112118717032,230.93728296350608,738.6549946755472,8464.165995251673,14.0,2018-05-08
128,43.5198941270072,7643.8361576808,10799.133155554195,3.6327232981246667e-16,54.439876087398474,20699.377792109397,224.43424850000375,721.1770361554771,8503.38318686854,12.5,2018-05-09
129,88.94621089816873,5978.260144703105,10754.84319099781,3.391308355111937e-16,37.43661769152211,17923.28034878921,224.18636045047873,701.603283109507,8436.316946934814,11.25,2018-05-10
130,5009.087612913157,1341.350813670956,10550.121970283215,4.267600951634425e-16,9.427810920134467,13036.745860963923,234.670520494988,658.9878298012935,3346.4309031832063,6.5,2018-05-11
131,32.01519814752193,9056.992034089764,11142.18945307847,3.448354007154815e-16,48.16949494518586,14253.679348782194,251.2680839994465,735.2079392242715,6182.34910672352,12.25,2018-05-12
132,1704.6994727854951,879.1762795822561,9721.636918092701,3.92992967062668e-16,6.64835160835725,4847.7289299687445,16.4656590501884,583.0310507563088,831.6877052071278,1.75,2018-05-13
133,2418.059096846216,905.6082291004521,10047.700443147454,4.214534940709201e-16,5.819570416310428,9583.58278254885,8.881864830646744,602.9845794948661,1096.1755693399716,3.25,2018-05-14
134,139.10724850285675,5145.147482425518,10649.146985125619,3.5139219227065637e-16,40.61125615655229,20495.32993160077,222.20239123859497,689.5026985480005,8297.22325609012,12.5,2018-05-15
135,2221.3199832739065,1116.5814064086053,10409.970325027874,4.269751915690512e-16,11.278554014756178,9941.561511972854,31.723376214180085,654.0010467480905,1169.3600329939995,3.25,2018-05-16
136,2115.039861347781,1240.3894227085755,10635.198148906456,3.5170520328329187e-16,8.698417281704485,12554.842639516579,237.1188029511367,652.9530839738084,3566.058207894019,6.75,2018-05-17
137,446.32890215294884,3846.209415183341,10857.853006178922,3.426504456393116e-16,34.26582181078391,20981.628414353778,227.3356083918084,680.7045925078035,8508.259936688519,11.75,2018-05-18
138,267.7123251613709,3792.1547057439516,10835.77574450252,3.6519859967770063e-16,36.861263155920625,14112.68642726096,228.42937054687604,669.2287226252381,6022.551552355263,12.75,2018-05-19
139,2881.0593781677303,687.0000498015811,10217.990325338786,3.8537037354863267e-16,3.9288804622147504,5633.56881813172,-6.206779464321244e-06,610.8475424888128,1073.627464492723,23.75,2018-05-20
140,41.08598793380219,7088.1693236765705,10709.349359841084,4.0453225487375654e-16,42.29026179973431,19484.988436604912,223.06347462975506,706.3338480590965,8168.853391029032,13.75,2018-05-21
141,1014.92621329997,2549.505086441589,10685.099772563295,4.653628862908371e-16,30.839650728700487,20298.18790043648,224.33718045743362,651.8982035656863,8245.715068694002,11.0,2018-05-22
142,2497.5993719699336,932.299288149665,9431.124725177384,4.572412013675372e-16,9.596123632483186,9007.338171352012,10.827911869162989,598.8446520202153,1001.8884555029364,3.0,2018-05-23
143,415.6738622462337,2925.016905735041,10684.907954244723,4.1212203324832155e-16,28.86884916631344,18045.90828857552,225.14541182716573,653.1553833339447,8361.891798755481,12.5,2018-05-24
144,370.03474131350583,3753.898925905018,10378.778489117632,3.995568971051067e-16,30.475705982114203,19789.62759930896,217.98515814534574,651.3706320961935,7972.375199126655,11.0,2018-05-25
145,810.0614404916802,2036.7718608813068,10949.821936441671,3.3753144478250767e-16,29.864874596663967,14223.513653379916,231.94731878526994,649.654194068789,6030.468051923082,12.25,2018-05-26
146,88.88104977747436,6122.204507073472,10222.580108037317,3.345434406864358e-16,53.684782990821034,10610.012758784687,221.56793213098268,675.7192870610653,2491.9010082100854,12.0,2018-05-27
147,13.21962238886469,9452.4037416777,10884.415919605663,3.2239131551124725e-16,85.38052458040737,20100.233287622366,225.32592454290483,726.4412528602128,8147.151989694638,10.75,2018-05-28
148,780.7720557613109,1690.5886973497602,9586.916622036428,4.838397239456883e-16,19.186131368948224,10800.091699625902,95.59026215580724,609.0249814423343,2074.115116899567,21.75,2018-05-29
149,317.1426229579829,4416.073516409775,10688.959508494345,3.6390217840473694e-16,38.49365084312258,19969.14513797755,223.4876589785312,694.8587946887653,8091.788774645336,10.75,2018-05-30
150,92.62807345002868,5607.998131418445,10848.362128761504,3.4643916457642663e-16,36.151658181624924,17891.66960069979,227.26899820184752,694.3904919412345,8489.646719332308,13.0,2018-05-31
151,18.29154508762943,9534.010986996806,11053.62504809733,3.913908761977297e-16,54.250533335985764,20891.084730093535,228.62426765210478,746.8544819606997,8556.436020020308,13.0,2018-06-01
152,20.716036455560225,12733.51742874846,11654.897561758255,4.079276457512233e-16,77.62424222612971,15009.93874745277,283.7523699756824,788.6999377286626,6281.021291952267,12.75,2018-06-02
153,73.99629218040425,10478.002862548674,11262.36435055054,4.456977777917153e-16,72.93160039894647,11627.733018906378,271.31719554856124,756.079138396176,2766.458529194018,12.0,2018-06-03
154,17.316386213767693,8837.460725521318,11468.559603626676,4.1942313675650535e-16,55.25984912098123,21864.350077710704,237.30980983985916,758.4882268410444,8753.99494607672,11.75,2018-06-04
155,1888.4164860627534,1096.9913047808097,10064.29641295108,5.492383255278797e-16,9.387509632514607,9309.679425910352,22.40473580428999,631.7441330724263,980.836997331995,2.0,2018-06-05
156,216.27834313139653,5909.864545654359,11352.238290154983,3.7573153628283733e-16,40.63215215335761,21315.30840440297,236.2783387019926,741.1427250971686,8659.374173422737,11.0,2018-06-06
157,95.07721023953425,5891.229313311567,11303.439630534442,3.7226885859095533e-16,39.033526164388896,19024.66218538735,236.24044017622012,728.8378481095293,8717.510691790547,11.75,2018-06-07
158,1671.5200162379283,1165.2886140431117,10065.748841942057,4.963358867479137e-16,10.925227232161946,9338.635278025205,14.00838969185815,632.8143907649343,996.7977674250535,1.75,2018-06-08
159,83.99571721521477,5987.241430057438,11245.445715894364,3.5195674818430143e-16,48.21011516816624,13941.149143980507,234.40941961564215,711.7432813486415,5981.225095298043,11.75,2018-06-09
160,98.95761556700964,5586.527621048387,11261.046796990111,3.519282035084429e-16,37.104981078578575,11457.49233846529,236.6667263660227,723.0862283888523,2737.3459517621645,12.5,2018-06-10
161,20.279249407283782,13074.028195533307,11725.412078192416,4.882772880522679e-16,97.42311670313761,20882.056405499556,264.770581759708,801.6035712301093,8676.58991264826,14.0,2018-06-11
162,16.53058641637946,14678.448030289415,11636.998459205788,4.648201052052309e-16,100.89967864714086,21468.60544219883,267.4135241100911,802.0736351592539,8756.180082452554,13.25,2018-06-12
163,14.600058667290805,8404.55834016895,9118.006952836746,3.7184441033838306e-16,47.25995639155289,18155.977550323183,188.54829534792987,637.7984639830602,7522.518260725022,11.0,2018-06-13
164,8.31537668786514,7766.2450894284475,10339.984914226043,4.150193418530109e-16,43.20202396244709,18035.13717881834,215.3442704940791,685.630712201231,8318.898764332382,12.5,2018-06-14
165,329.1874771822471,634.7321403745257,3971.4303868830707,3.6974180902022143e-16,7.05329892920487,4871.940088982817,16.84144912954453,277.58662858806593,656.2808573344645,22.0,2018-06-15
166,94.10773913958435,6781.8732259111075,11028.392321006524,4.0395291156557104e-16,42.31590373080616,17618.65270843051,232.19802355052332,712.0974840976031,8215.944011150787,11.0,2018-06-16
167,21.857336128427075,8150.739184795818,11663.732542836275,3.862617250119233e-16,47.824828489048784,19273.02887621535,247.3942911611132,758.4197612291194,8545.411875466445,12.25,2018-06-17
168,6.919691016409746,10317.5022096908,11347.572353611316,5.171426147791659e-16,79.12832776524824,22060.426957326898,235.14784620164616,751.8658812048336,8827.847547498517,12.75,2018-06-18
169,2047.5677473183155,1027.2787094593402,9365.070046066203,4.908682367155562e-16,11.53336792987899,9435.589479255254,4.958603743886757,591.7534372631153,989.7786166939795,4.25,2018-06-19
170,463.7005943201628,4291.478236450243,10808.148598234397,4.493987535061822e-16,34.58809971376137,21026.308292658323,227.13595085963374,687.3530312882071,8667.233755047297,11.0,2018-06-20
171,14.373513392702044,7814.269023946833,11355.4675643169,4.688253392475338e-16,48.551247932063156,19324.992369516756,237.10547558975074,736.8226021838698,8913.738321986357,13.25,2018-06-21
172,15.66956054932222,9439.683405391186,10030.355876581038,4.471947863197907e-16,58.54572335056561,19826.222317029482,207.5550083570108,685.1106078766863,8065.445180911425,11.25,2018-06-22
173,9.349845853203659,17496.692743065494,11539.902604687095,3.9303196343347473e-16,80.81086392363731,18646.56788153921,293.3094556171852,788.5528852817977,8633.851649129394,11.5,2018-06-23
174,15.32725781280032,12035.343358852468,11055.184436424144,3.571187925532256e-16,73.30232604388117,17982.032780080757,253.62686100427206,738.8119538185215,8110.06809499705,11.5,2018-06-24
175,10.807397079766936,9679.343675873075,11009.8215775462,4.359526320829326e-16,72.9567115662099,21593.63025914883,228.10218205727736,730.2710618317199,8782.37341836947,12.0,2018-06-25
176,30.273711133235246,8900.330982277535,11157.686069924664,4.717521680006047e-16,54.40545937463604,21488.341662670664,231.42212180815753,742.6892630032147,8864.217063267792,11.0,2018-06-26
177,55.17156044306117,6927.412597277849,10060.809356929018,3.8858358096367543e-16,49.45206938787406,19999.146921445645,209.92781476189882,681.9057228304737,8279.845485748172,11.25,2018-06-27
178,20.753066783698973,8163.142233460491,11189.124344630158,3.9767957964382157e-16,45.32871963788427,19327.68589101773,232.95803273911946,730.6290774145649,8972.812880651138,11.75,2018-06-28
179,25.651318158433632,9744.382376957523,10999.464764135639,3.9403957983215664e-16,70.87977073916518,20951.18791884973,227.89157420059786,735.1009809580736,8597.839798356545,10.75,2018-06-29
180,0.36012164171415706,14812.931010774333,10319.290695084097,4.333031490337861e-16,66.98616013037649,16577.69622637624,252.86336263863555,706.6003270189526,7166.671614915124,13.5,2018-06-30
181,18.231392102708387,7810.32244694155,10752.602430857522,4.916080705394988e-16,66.16163058555938,17692.549421179418,228.74135590806776,701.9128278412664,7413.794203382005,13.5,2018-07-01
182,14.410820696824256,6808.659000337036,8685.579746327301,4.0093877239642043e-16,54.48247865900257,17660.583650944896,180.419100745603,594.1006471096804,7219.031615099332,12.25,2018-07-02
183,4.498247860070719,10903.366209388527,10717.755509126999,4.684762036346685e-16,82.15837918889125,20750.67259664583,221.5409145866143,731.2933088426273,8360.563470948888,13.0,2018-07-03
184,10.741375427826851,10338.485432669242,11253.840118761573,3.9136919809900914e-16,77.33668457188874,22012.047421237785,232.85655108558547,756.1615139950425,9014.353623674733,12.0,2018-07-04
185,228.6697743043984,2524.8411154608248,11241.61122174698,6.316644294288235e-16,37.67887487257778,11278.827579249464,240.28537564349216,711.4492198499223,1588.067166136093,22.5,2018-07-05
186,103.98275079994208,3478.5502825115045,11055.143614599212,6.155115084126414e-16,47.77951045905622,11795.749497867666,234.86360618064631,708.9518983955811,1558.8749608076039,22.25,2018-07-06
187,360.5973494459701,2259.7263821703855,10995.476617931232,5.385357041109423e-16,33.55688393283711,10125.808772760376,235.4229631863243,696.9649244432637,1384.6563160239118,22.5,2018-07-07
188,197.81957110142946,2506.8187029954406,10614.780822694462,5.348043466406454e-16,31.630106211029794,10363.082301584936,67.58788537379891,676.8708929740828,1351.5359806020356,21.75,2018-07-08
189,42.862226221602725,5767.669675872544,9694.5859891066,5.601789289515003e-16,52.829790738322004,12039.182820397213,34.23262769777866,652.5651796223702,1867.627571597674,20.5,2018-07-09
190,14.436303193933965,5583.552495846009,6169.624008442292,3.990130755958651e-16,46.82489908510438,9235.379976723643,40.661337627363864,460.76045199687553,3037.8567205292,18.5,2018-07-10
191,418.6079023648509,2292.779596794951,10741.70115711316,7.761559625220106e-16,37.29630221273563,11461.569633088342,2.2406959621144966,682.3031468717185,1502.5878805248733,22.25,2018-07-11
192,42.489428962192896,585.3147469337488,2445.1563675445027,3.1908628870578346e-16,8.98856925566992,2718.4943606444813,7.667833926745091,167.54868983224486,376.15419636091343,22.25,2018-07-12
193,3.570835134009465,13313.419716845601,11450.895236365102,6.356295438873181e-16,87.4226579633874,22006.017173418477,259.57850804828405,768.927617078684,8842.740772780453,13.25,2018-07-13
194,723.5433002030771,1676.815387396695,10690.446317243162,5.771156509456569e-16,34.13033583548683,10110.452889597678,36.992109777887826,672.7276000053099,1346.240881114647,22.25,2018-07-14
195,222.97463010793248,5813.104566043773,11149.529373023106,3.8698431214931045e-16,51.29934394602789,18399.34096124095,239.0254449000796,703.3527360819907,8111.780881291917,11.5,2018-07-15
196,679.8911918177844,1818.8173326432404,10559.050997165297,4.525193752285705e-16,27.09343357944092,11088.478305432593,28.62252985205877,667.9978331256907,1459.9495668138322,22.5,2018-07-16
197,10.105234717312793,9709.93523018851,11303.486955628741,3.8612081971036346e-16,86.5379967655702,21921.245165777647,234.788962579579,746.0880945707336,8760.989169644214,12.75,2018-07-17
198,7.063863954031152,10430.661498790332,11070.321848914225,5.358989964742953e-16,86.0338261992351,21602.74502802241,229.48575587039807,737.2666594601695,8559.452999138755,12.5,2018-07-18
199,292.405873495811,2112.2096029164804,9435.95615330961,6.371467827545437e-16,30.207139258265737,10296.264592643334,35.63217871592471,595.5522808643367,1485.2517081786498,21.5,2018-07-19
200,160.07323875365998,2203.2034834789115,8761.348063181396,6.093206956370303e-16,35.76814038635799,9411.129735687558,186.74008706018634,561.1640189517171,1235.1840318821369,22.25,2018-07-20
201,305.3867653500231,2118.5802616998126,10755.631052721561,5.602662252080855e-16,43.086816950957925,9763.409385875275,15.922140256503651,679.1759987664732,1318.7865221777035,22.75,2018-07-21
202,249.03600425009137,2082.3435222187454,10641.041299396682,5.584368508030163e-16,34.44827624015457,9544.148369125573,26.958090321916266,668.6629774639788,1182.4223113481712,22.75,2018-07-22
203,40.653154396838666,7172.627509663898,10742.68354857961,5.741224837361564e-16,68.78885011832615,14169.588578863692,148.2149567752144,714.8419983659771,4181.6688589872765,19.25,2018-07-23
204,410.46264164560836,2171.30209532597,10557.481016156109,6.665749806413739e-16,37.28794217623099,11088.478745790368,7.540351283854887,676.0333811008181,1382.0201590048357,22.5,2018-07-24
205,15.765574829589337,1450.8811841708243,2514.8522726425135,2.5548889925361545e-16,14.442488084984857,4491.005101546412,-7.74198115504987e-06,233.00649050608803,754.311262229131,19.75,2018-07-25
206,622.7083019770597,1421.2280733350963,9124.612381193401,5.950628430617246e-16,28.373688207679166,9609.044357632343,-4.106319992047247e-06,582.615146823455,1358.2506332523435,22.25,2018-07-26
207,597.0599553200869,777.6371187660345,5541.039339751867,4.675020781535726e-16,9.802641216933425,5828.908094197871,0.011551834707206126,358.4146426694695,767.191408051239,22.75,2018-07-27
208,1269.7325411094794,1171.8641612955319,10445.041951771242,5.682951460847057e-16,12.433370989213225,9414.02441406265,0.7979058727150141,646.4755796432338,1250.6938988784646,22.75,2018-07-28
209,139.27134744422244,6400.310651089088,11159.851083250096,4.955092218277833e-16,48.23554272536813,18475.946796103774,237.66378102269402,715.0420122615834,8159.173371818116,12.0,2018-07-29
210,932.45258834072,1609.418393777664,10704.615807507025,6.959465559055244e-16,20.007075642851742,11235.42148297015,-1.298456583413099e-06,672.2191990851537,1421.423075623502,22.5,2018-07-30
211,41.876084447110344,8491.033215007858,12106.811688313233,6.434502911337372e-16,57.14074627030244,23757.689934454553,251.58018620870774,797.4018128696523,9695.78141576369,12.25,2018-07-31
212,1369.8211151944395,1618.377577514739,10519.177329064067,6.784201396347947e-16,16.287553900321598,10097.142920321989,-4.351817708823091e-06,662.4554480471922,1250.6668689340004,23.75,2018-08-01
213,370.4377353979025,2364.3178392839914,10598.389203415552,5.775547999152886e-16,32.59828441073587,12176.141048274882,237.9184705256005,668.0678108969645,1880.0042570443343,20.75,2018-08-02
214,185.87731229948525,2520.73415795949,10788.621779064524,7.261942978023659e-16,37.4828613367894,11291.93561948408,230.33673801386013,690.7578346580423,1477.0254013462484,22.5,2018-08-03
215,2.8141263564777654,4501.928925591645,4829.174595404481,3.1669522158109254e-16,31.478693444130386,9257.31781925616,101.82089057130348,373.91526454737,4101.920258098128,12.75,2018-08-04
216,16.710289390488256,9186.709638719738,11132.919779629114,6.024746863179362e-16,71.34885429933212,17576.77748828538,236.45255805186275,723.1680227608954,7321.941082745871,14.0,2018-08-05
217,524.8496556940642,1631.9959568382121,8897.988245099605,6.27787754676487e-16,20.38776772301228,9862.708323006049,201.28215549971125,569.3797034708373,1358.7418409075028,22.0,2018-08-06
218,63.26595817793857,116.69702407937436,731.703226550712,2.0901083916499398e-16,1.4724023867895426,1865.593217810912,4.864842975651478,106.1792595372595,232.0454348774567,22.0,2018-08-07
219,0.7300001834507993,5.117983194813888,19.834371178533605,2.044870513894287e-16,0.06562788591813225,2204.474006382706,0.3225433806163297,115.43078953125344,318.0786770594817,20.5,2018-08-08
220,286.8274124170947,1378.8365952802899,7172.071530783844,5.479763936085865e-16,20.664730254816646,7858.095089784669,0.9707125125200122,470.2278275183178,1147.3787851193295,22.0,2018-08-09
221,0.464915830515682,449.62176487471373,383.93545028057787,1.509407472941644e-16,3.4503790373911465,2726.222694174968,8.563883471459853,103.37699010793445,1062.6842825971999,14.5,2018-08-10
222,6.660129036805854,290.24067124607205,785.6931541817845,1.9771551671046396e-16,3.027202269467594,2758.857580415521,-2.171809624655907e-07,161.66065614720858,465.1705313875922,20.25,2018-08-11
223,0.07286251956456961,119.20432722302743,113.09785894999213,1.674420651950721e-16,0.7686412108316227,2081.487081432591,-2.9828193663661295e-07,85.20257788452045,914.9151047832853,12.25,2018-08-12
224,4.235658795674639,1963.4879659296087,2392.142258818468,2.299556886017766e-16,15.183341112651746,5103.812739122722,49.709135949003354,184.55280088307617,2061.9618611012784,14.0,2018-08-13
225,387.9309643580825,2220.6621494335773,10433.017572936316,7.090615986092205e-16,36.923766580927094,11124.350045993784,3.4463871431706554,651.9361658193911,1413.9545770774894,22.25,2018-08-14
226,352.2251362339883,2246.511036049824,10764.426365388908,7.742507392070677e-16,42.80977083954801,10911.475821938866,39.136392260635574,677.1361321378647,1387.169289466528,22.75,2018-08-15
227,387.3765508524712,2000.4829976631443,10723.981959512757,7.229467837957451e-16,35.03700022202701,10758.266558474006,122.46799928065013,668.730199337858,1497.3915187048678,22.5,2018-08-16
228,683.8749231744789,1834.7188053857024,10607.379111601416,6.609491505640025e-16,33.166239296659235,10852.81432415109,48.33615440661845,674.7584737878843,1841.749761900362,22.75,2018-08-17
229,19.02421251127386,11655.823312231616,11358.298767738012,5.348641931785018e-16,72.85129374224091,15023.455206361752,262.57650510707055,761.9299654485723,6023.744773130595,14.0,2018-08-18
230,92.44480952176967,6707.2641227709655,11034.899661686602,5.970800896002643e-16,69.88634452255697,11632.21104248195,240.1160007334822,718.9470364910699,2739.097982948623,13.75,2018-08-19
231,432.1391914310524,641.1434153370874,4014.851249424843,3.6118759728601314e-16,6.402030135508034,4601.473877620073,5.761212935340154e-08,304.213377500037,692.1213730201757,23.75,2018-08-20
232,205.02891036018332,2011.698589533623,7577.8009158726045,4.638485155897601e-16,30.709906455822065,9612.580915997833,169.03683016521245,499.35714629636504,2040.1510729955755,20.75,2018-08-21
233,251.97914289666986,2702.2735165557265,10086.503397659499,6.473436296310765e-16,37.40984109885536,12016.755080272129,226.3818953505811,644.3199031008038,2224.823514097065,21.0,2018-08-22
234,40.50224731738644,2550.960072251231,5316.569720760287,3.3078531207215715e-16,22.996132349427334,10354.709084732245,111.82041631937713,393.0472621972824,4657.520401366231,11.0,2018-08-23
235,363.8975290436759,1624.991244145608,7522.474407391789,4.540151683511483e-16,25.459944158678105,9480.359184566374,96.23002429949379,496.52132386773883,1986.6066508069398,20.75,2018-08-24
236,464.1648370736022,315.8411927439269,3236.387997266199,3.129547055188096e-16,3.168230644576441,3283.313845566083,33.02968556501429,269.82346797552754,599.9515785265262,22.75,2018-08-25
237,85.02528278947587,7336.582794732893,11053.956739232413,4.476766090405598e-16,66.91448749556025,11636.175713258734,240.13510307250434,726.522248445075,2712.580068701014,14.0,2018-08-26
238,762.6791073114294,576.6634894868345,5223.154009578267,5.055679259824007e-16,6.548683651463601,2732.487036894453,6.6201171383297535,320.2869219596498,480.05029930052154,0.5,2018-08-27
239,18.830935384066724,3507.850208958839,5129.030467307579,3.263159151383917e-16,33.05628899749954,11164.59540736239,106.90232181436572,373.73051269026865,4461.84580464774,12.25,2018-08-28
240,9.731937045508996,7737.039588352665,5962.206871702549,3.378688569631131e-16,54.962080974925016,11698.21346980599,135.25604813059226,456.1359144772365,4771.983862228638,14.0,2018-08-29
241,139.52788581021082,1115.6578580324574,5494.435217160618,3.7086490745923436e-16,18.608955865176448,6538.473307600261,22.396000574944615,395.0393675655991,1158.3725048035803,22.25,2018-08-30
242,18.57228735354379,9763.417418030978,11672.8117993545,5.525034671994472e-16,72.10221500857376,22420.14506983216,241.68995201604218,781.0584634869022,8864.094202279115,12.25,2018-08-31
243,30.938590140612114,8657.333179928548,11439.427583106459,4.59848077452498e-16,65.75290961100123,15097.994627470554,239.9475593730918,738.935125703489,6086.750782161523,14.0,2018-09-01
244,70.0724776640404,6640.474219668912,8865.383857421724,4.059382654406601e-16,58.10227100248254,9657.161812105507,192.06317468865814,609.6997865307549,2262.4714439608815,13.5,2018-09-02
245,23.318389000804107,5229.970303923211,7260.721161975139,3.5483011667947877e-16,46.57171451460835,15277.88427191811,150.93328733029477,528.3003509600338,6054.701267890409,11.75,2018-09-03
246,6.086303450796805,4095.221113480515,3795.2656179653554,2.6453849660003906e-16,30.942456736769987,9132.56413974689,81.47849809162618,334.20874972031265,3741.0352316845506,13.5,2018-09-04
247,14.365526797739072,3718.7375595690073,4754.36610735827,2.869054135643284e-16,35.69629087184444,11030.852761973692,99.07733403959438,383.0339698718862,4459.794522288481,12.75,2018-09-05
248,149.80611831204487,2746.061529452469,7162.736348264697,4.213638611492661e-16,28.859990880789088,12992.934789826817,62.99989065250188,472.66642694770104,5894.1804401835925,11.75,2018-09-06
249,1.799028874116677,1141.459584896223,958.5208533723875,1.785427929767173e-16,8.334024741939936,2795.095003068768,21.508082516079565,109.28174088561511,1142.9189218625957,14.5,2018-09-07
250,38.06828087189187,9438.197901774962,11583.674050635924,5.139672966073084e-16,78.53972171974236,15043.438628381275,242.055441016724,757.9823204370166,6250.004634638909,12.5,2018-09-08
251,69.22975459422494,9620.25906130575,10599.787428211403,5.550465425531241e-16,67.51425918485029,11184.434991946915,249.79105339331136,713.8434558935146,2695.5317395177035,13.0,2018-09-09
252,6.246003909149308,7825.790459973008,8017.840796153602,4.265155680829455e-16,59.583136881910335,16386.944553846344,165.08963345921663,576.9317582390413,6515.243622878369,11.75,2018-09-10
253,19.424668493908182,11920.72930686117,10577.384358840178,5.044477887096047e-16,79.66475224731565,19156.09083582436,218.85675222209986,735.6775207723903,7934.364336348535,14.0,2018-09-11
254,20.72029763347806,9564.264088931157,10532.213784576288,5.488900522200063e-16,71.63633472729528,19576.022029322135,218.35680119983505,727.5651772809183,8007.3639174075615,13.5,2018-09-12
255,418.5527246086581,828.4477729507129,5181.530144907092,3.834344687641203e-16,7.684880909715148,5672.948178699617,8.985605186006724,381.61582146464184,915.339513382784,23.5,2018-09-13
256,13.527259102337357,5470.167856751365,5861.2828740112245,3.3381443349807385e-16,34.297734871983124,11587.41824396215,121.31242918639839,429.664646998551,4783.441930508672,13.75,2018-09-14
257,90.30294090176376,6395.5262417102995,11092.116024046578,4.861726247457644e-16,47.115450810753416,14404.512880806187,232.30336468769758,725.0975200663929,5996.153894144165,12.25,2018-09-15
258,2766.69183524718,679.1925890884542,9748.860810531034,5.837530684668935e-16,5.193777181113256,4918.89376558706,5.178167181277298,586.758518684759,777.689086477891,2.75,2018-09-16
259,1392.7553515081338,1196.426939214344,9904.413954877748,6.078780259270883e-16,16.240545401401985,9681.739677998776,2.2204969118850393,593.698189719476,1159.0422842068647,3.75,2018-09-17
260,29.000675606939847,10470.010912295635,11207.217084416334,5.9054177572081e-16,77.36310128246006,20093.653015315715,231.8402900165041,749.7115063896243,8364.833368990578,14.0,2018-09-18
261,11.36952856664992,7721.772348775549,6136.56543685689,3.1927230172192883e-16,57.629858431765975,11973.018634724256,139.49228728900104,476.00224148457033,4891.07601848535,14.5,2018-09-19
262,15.687030610545907,17610.79990852369,11508.522742338037,5.416304193593266e-16,60.71295446163106,17787.030386660143,288.6006646691635,800.8440970775792,8492.563906379832,14.0,2018-09-20
263,17.538704966112505,8715.728978714518,8014.936127529453,4.0233796677713176e-16,72.57802885342393,15022.296399321809,165.26194789937617,575.0408265350728,6265.858292802486,14.0,2018-09-21
264,90.04198908887874,6394.104587754365,11405.73005091184,5.001040388843548e-16,50.46466420246747,14888.276623217542,239.40271322059283,724.1905253548957,6238.50553997153,12.75,2018-09-22
265,101.74156213797491,7694.228465108816,10735.161347716838,4.709068846475471e-16,62.636765204747775,11373.55716220169,231.95253187511793,711.061185669065,2659.2413146435506,12.75,2018-09-23
266,23.146699497031587,11773.690913938239,11847.43282737806,5.03495944140476e-16,84.88820443269509,22556.576013658676,243.97200345540122,798.8890550315756,8890.03153884443,12.25,2018-09-24
267,30.23263467191191,11608.213083078163,11792.020947401548,5.375612583052382e-16,99.39181439421229,20002.196667638695,243.73438389674766,803.0338913726303,7961.714119822847,15.0,2018-09-25
268,18.757389579310512,9470.767872963079,8664.290286826981,4.017533152758421e-16,75.15000392552027,16377.747470267499,179.63693644716705,615.2043296593557,6816.9291564479145,13.75,2018-09-26
269,72.64039274535867,5945.067949617664,10273.159981946363,5.356913686709396e-16,43.36708134032687,17591.30145304064,214.90750070997365,676.1005233699384,8138.671920885383,12.5,2018-09-27
270,1632.281453582425,1236.1199749095929,10116.543431434331,6.924526923859837e-16,15.263918420919952,9393.918913864074,-7.775372878938924e-06,632.650702838367,1061.7391058042133,1.25,2018-09-28
271,41.58069683328661,5506.9296822603665,8936.14120908613,3.775043783894231e-16,47.922209611198646,12150.902787087181,187.76229545397317,586.9242807219479,5069.830863476573,12.75,2018-09-29
272,55.33860509164008,3747.9503629656324,5910.980433823569,4.30615847846214e-16,39.416807527783504,5893.872139621612,130.0874301713747,393.85133784829947,1363.0764288723083,16.75,2018-09-30
273,25.789011727401963,356.93553140298195,1480.6701712226181,2.81487597841838e-16,6.209542915934441,1963.8215368596598,31.584443282218313,114.96656973258395,327.7313834237655,22.5,2018-10-01
274,24.92343027364023,14920.440783584649,12151.869749187194,5.747531908051623e-16,87.92193130984461,21380.391262568763,281.56023881637236,824.7002101477206,8736.767511755119,14.5,2018-10-02
275,7.180458056440251,5308.536445296679,3831.3641165840586,3.0027998202297667e-16,32.59581701466599,7614.4010870533275,88.17842317735962,298.10627732643496,3156.9089379607863,14.25,2018-10-03
276,5.828648338499434,2535.6696982478124,2617.070631290543,2.2766409937225465e-16,18.481416707326765,5098.9090690774265,54.4780132863433,218.89623833297463,2447.074925818205,14.25,2018-10-04
277,1106.4189851755857,1662.212302226936,10350.948401396048,7.15021170245509e-16,15.725262705951884,9915.56450412712,5.661078131424802e-07,657.6901104545889,1517.98547375829,23.75,2018-10-05
278,37.40591618351766,11940.88452899624,11442.280967857512,4.973010219655171e-16,78.1385375564537,13526.342348934444,265.9734887584301,755.8316099214745,5709.625420550891,16.75,2018-10-06
279,71.29204857297097,14463.558688585228,11050.878897023294,4.693437340816099e-16,58.2245112998305,11475.405849667239,287.10192914808437,772.7175575886898,2578.041860826483,14.5,2018-10-07
280,18.25861367201199,19490.04506157664,11947.136114807592,5.007622008276184e-16,115.80139673553664,20374.41643391374,284.0669660289666,842.5792173310148,8233.939028332816,14.75,2018-10-08
281,26.113851420960362,13071.87984291047,11674.070799816474,5.365601611308648e-16,105.74332928081067,20400.02234177222,240.7452716944345,800.0716171690556,8471.30482017495,14.5,2018-10-09
282,27.3672661300797,11705.282040105078,11847.948274151946,6.025605695311884e-16,75.17302333386527,21383.857412343667,244.52561991645783,800.085599380666,8940.5711889136,13.75,2018-10-10
283,465.75800441812424,786.2285821719988,5343.344022124289,4.1344118905767133e-16,4.566189216337034,5714.2367947133525,1.6312713984234505e-07,389.5153491868631,899.4538162320366,23.75,2018-10-11
284,16.59762700413198,13654.525388936323,9817.805395893378,4.444819564208153e-16,71.82062406147644,16472.07851047993,235.06644322265063,709.8045041590469,6585.409984486537,15.5,2018-10-12
285,75.43055085965773,7212.589545763735,10926.859997988404,5.309772364027587e-16,50.45990750069852,12603.488261373283,233.05088072258704,704.805030619901,5297.680858579557,17.25,2018-10-13
286,95.84816789584386,9451.242676036842,11523.135874395688,4.569254461744203e-16,70.14173195387308,11970.238597934556,249.32995114315784,768.3965954668216,2771.655084868436,14.5,2018-10-14
287,20.223388498533847,15401.67194941666,11802.070291329876,4.911265199386189e-16,49.62946367122826,20655.64294949403,272.9804787475446,814.8970563102636,8541.930933287776,14.25,2018-10-15
288,21.781987156257333,14704.883518426072,12004.965986667385,5.849867953081155e-16,85.7531069869049,20518.478194528165,271.8695078619897,846.2595129861326,8357.855653734861,14.75,2018-10-16
289,29.490206970496196,11990.677034528246,11611.045407557816,5.932076057774504e-16,98.3328196357909,19558.59592674495,239.4277642316867,793.1286695014595,7975.343662039839,15.0,2018-10-17
290,38.66669694885657,10360.049621800274,11810.463222262395,5.778438047497083e-16,69.06003399494053,18202.556855995575,245.6991506148742,771.9064379108171,8736.718669829736,14.25,2018-10-18
291,27.302189650027724,12670.811811535146,11583.327699565742,4.960283102439965e-16,91.17535980158766,21402.41206545297,259.7210052896466,780.2443785735245,8822.719893764428,13.25,2018-10-19
292,42.895147874490014,10199.480240868279,11822.76704111169,5.224491474088474e-16,83.97010567204093,15569.528650435097,247.92155616674845,771.1286826423211,6342.5973286414555,14.5,2018-10-20
293,223.6602601059653,5885.643659051844,11259.311292802731,4.664299532536011e-16,44.17956136010711,11822.348503185634,244.58591053374448,728.5074738489694,2713.27361725387,14.25,2018-10-21
294,65.94499209557725,8281.206035178135,11570.875292985556,4.633961209648296e-16,46.98824477560429,20818.132636696875,240.33617624850154,761.3877952821009,8741.58642099388,14.0,2018-10-22
295,2122.651418498168,1150.4275867064555,10734.185207337168,6.339999112412758e-16,11.836383989079486,10162.385838982107,9.876683498360284,675.1509189621265,1121.6985906855564,3.0,2018-10-23
296,462.36030657123183,2341.7125205535585,10781.458905983403,6.00979558863222e-16,37.578218002414175,12873.241262959944,54.37706202368763,684.1338574850396,2554.7206786307747,21.0,2018-10-24
297,851.8253697626566,1483.4308750644261,10711.51062671046,5.607592728281344e-16,20.20968975804288,10494.112523125958,82.94173089706446,665.3824764343092,1841.5970783963717,22.75,2018-10-25
298,23.161202227251977,11891.571633819596,11616.632894185854,5.057852405589657e-16,90.3593854013935,21280.184629736414,240.46228311722973,779.8719816491129,8923.768668063556,13.5,2018-10-26
299,39.63276748549703,10807.573002424782,11792.07927962883,4.797514790578118e-16,74.71931728631756,15616.14511665696,250.3820818738199,767.4959199980011,6346.69979038096,14.5,2018-10-27
300,104.8154500678537,8656.81730601991,11063.018368085579,4.62779986833003e-16,67.59433589034005,11658.47213679918,239.84346032485297,724.5620629681106,2819.1247921743225,13.25,2018-10-28
301,32.21145373627345,10907.779458078592,11701.174072481868,5.053798786879943e-16,76.03083395949984,20250.9349807194,242.07815592239402,787.0473667046142,8265.026868518824,14.75,2018-10-29
302,34.019830503337175,10762.063207019235,11715.061419891512,5.655180447336039e-16,57.49175899092663,21411.27430769788,241.57920039595157,788.4734034490116,8918.67069833466,13.5,2018-10-30
303,6.009937525493676,2726.7870637223386,2619.0438508179677,2.1925918262926858e-16,14.915404179973931,6215.226013044114,58.93589534461785,247.39499851596298,2558.3480018476694,14.75,2018-10-31
304,22.28072246523403,120.9786702303281,641.7602046073171,2.5233643696866414e-16,0.8815722493843349,1145.5107535335044,13.892469484068586,76.598015061549,190.23281195752625,23.5,2018-11-01
305,6.866199134780831,24.021105739167513,131.67852384375996,2.1199398805660548e-16,0.34889265296466043,1347.9481528270408,-9.66503663914864e-06,79.67638224275805,242.77290593981277,22.25,2018-11-02
306,49.192461024505796,10369.944188630257,11248.366849549147,5.928041099170878e-16,76.91550408924653,14742.340501861638,257.69700538031185,726.2042898042844,6171.763241664537,13.25,2018-11-03
307,2621.2282808282416,805.3527496094399,10408.567323813144,6.909455506288401e-16,4.984787994365977,5361.137897559217,0.7689532957492629,626.8164778065437,984.1607362831564,23.5,2018-11-04
308,2485.6366604477926,976.2248127122659,10271.973516878941,6.137661402617027e-16,6.096099100036059,10059.092657905798,7.671954034331808,640.007115654305,1561.1104883041355,23.25,2018-11-05
309,16.306384633675222,10311.406475397978,8430.723268990158,4.93070303504865e-16,33.3471218785525,14800.010964293291,194.42805331414968,604.0564282945377,6048.272582218528,15.0,2018-11-06
310,720.2010726578918,533.6546407941693,4241.46401860399,4.172779573198049e-16,3.226283077909457,4533.126080851776,15.05559015091852,297.37067969167225,688.7901245158674,23.5,2018-11-07
311,950.3638840641898,605.1855867526597,6082.602889557129,4.3695722772362324e-16,1.0117107013408464,6363.568681668532,12.485665606021241,426.70017206898007,1075.1384131706438,23.5,2018-11-08
312,325.7489248473181,60.96998423260119,932.2866725109565,2.5798388820596705e-16,0.07245189962784263,1520.926019886211,4.3875561320305676e-06,90.19385675245866,233.63089606248064,23.25,2018-11-09
313,15.908391403232844,1.0662224531923263,36.51668271362289,2.5710880426737804e-16,0.0015374766209084582,763.9661558903209,-2.4865313053510365e-06,56.88635872799654,146.47569663791168,23.0,2018-11-10
314,3792.4352087353627,321.7183498791044,10516.277177822105,6.533114017319678e-16,0.6262731821938815,6217.026016289824,6.879057969273241,611.5858396781447,1177.4484593240297,23.0,2018-11-11
315,157.47082290336695,24.060143810296918,431.0059064369429,2.2308360962843035e-16,0.056314224654337525,1493.327406864417,9.099390911189271,86.36011226387778,242.96236654792287,23.0,2018-11-12
316,2.1195931973777564,39.55594412059546,102.53266473467978,1.7027353696877886e-16,0.3767521030316118,1824.8019328996966,2.1725297947662194,71.38595691777074,743.3048540819942,15.75,2018-11-13
317,563.2686964882099,83.0189054586595,1390.458141921614,2.9291516830001714e-16,0.09033080027742885,1468.4805169981466,29.75106801048629,84.62168945511749,232.98316355204065,23.25,2018-11-14
318,-2.3635490964352357e-05,-8.597694881473216e-06,-0.002187105848825013,2.306554394763166e-16,-2.2961915359009287e-07,1427.2127176903246,-1.170653963413315e-06,62.83294110933671,649.9367796281048,16.0,2018-11-15
319,319.38225477586735,47.13782559796553,789.7942294168299,2.601617966513693e-16,0.06919042934942131,1699.2418597127275,13.85374900983945,97.83710947430656,266.5850681580286,23.25,2018-11-16
320,295.8965622480751,22.447348323058534,678.2296203043037,2.59737670628763e-16,0.05873459195270927,937.2891578628818,4.922969057809086,60.9918633605454,193.63352031226302,22.0,2018-11-17
321,461.14160986957717,15.720931450482487,769.0022463474402,2.5047869366719975e-16,2.136780301602653e-10,686.5405672946326,13.177729227006513,59.014180659202765,131.02263592735542,23.25,2018-11-18
322,3.3580627034915453,93.91054674062875,223.0368302350298,1.8968009066905585e-16,0.711200301441063,1596.7016799169428,4.717006544471427,63.04885725394552,649.8798936956058,15.75,2018-11-19
323,68.09520209994432,37.7705854792912,373.34248781654344,2.2002470918850265e-16,0.3541478180724214,1173.6448378141383,7.445274368603088,68.20509475469687,212.46121171230575,22.25,2018-11-20
324,48.9720214344584,33.08125202087008,270.6285719410785,2.0193021375092715e-16,0.36801640723941687,773.845022857686,-3.4640321824781495e-06,45.31368849057291,132.1304740414201,5.0,2018-11-21
325,2056.3860927732094,973.110484148164,10862.89328980067,7.290715856631569e-16,10.567013146818365,10504.692397886472,8.858000419709454,662.2276242719068,1832.0153478617337,22.75,2018-11-22
326,121.60839501499649,851.0150594410841,2320.6511915154965,2.24052380667675e-16,12.830307817411578,6354.5304412911555,48.84750416718487,206.54033508536574,2660.9181378779326,13.25,2018-11-23
327,3267.298890269928,467.773031606523,9909.965512689156,7.321394672940834e-16,2.626465931567185,7401.642704548885,11.846490179711102,577.5127390815427,1414.7809565636003,22.75,2018-11-24
328,207.1447640536873,25.7990470905937,562.5255307647915,2.4650114182756506e-16,0.1583889765667412,587.5796719163825,12.03561115660137,60.034216864889046,117.8142237700027,23.25,2018-11-25
329,329.258812470444,4596.075472680795,11150.541930896528,6.55623429948773e-16,43.09448979259609,17385.40977945787,238.10494247074908,714.934103502492,6872.417404848321,16.5,2018-11-26
330,126.15456385123537,81.55454507366068,687.7273485926074,2.295269869509793e-16,1.3323357272657739,1062.1261283309136,8.601860053604764,60.04321781432019,201.9654739825866,22.0,2018-11-27
331,1092.9372932288493,1378.530210533833,10343.744678854606,7.221308196768395e-16,18.144046834775754,11027.613552346424,105.4606278633283,637.9253106648316,2009.4774535495555,22.25,2018-11-28
332,29.683838442729712,173.43380839336373,647.3840729790105,2.2771496159576908e-16,2.151731490799041,1818.7652720475578,13.828913290531906,75.5660220347823,840.0293907479493,15.75,2018-11-29
333,200.80316999308906,5751.634765903373,11006.504333405786,6.520690188451051e-16,43.82349430187322,17943.88526681454,231.84780340788024,733.4002271434822,7308.916426157969,15.75,2018-11-30
334,3354.2503594938203,588.8973239714078,11234.33033564326,6.762249466021034e-16,2.2388128661664073,10069.874837846646,5.652366920317266,683.3921906785913,2837.531372547088,21.25,2018-12-01
335,5552.450852601173,308.85235397144527,12026.897484335337,6.803713921534506e-16,0.9714158293180216,7536.798268800819,5.791754233936716,653.1108670033783,1427.4906226221035,22.5,2018-12-02
336,2501.006857504809,830.2674367527783,9617.767569462103,6.122068929555957e-16,4.62915353415943,12617.5731517852,211.18591544064836,588.205800349447,3540.667211930532,19.5,2018-12-03
337,672.3320887215873,134.75562987771588,1813.8538300688938,2.602576147561341e-16,0.7004360909097735,2360.0581838776807,36.33087129519237,151.77966568399566,372.39761865894917,23.25,2018-12-04
338,293.35625775571225,79.09891673259787,1550.5574842945252,2.290189775832963e-16,0.45379786808421124,1959.9520517018843,3.12292585882822,94.22806773754915,457.4004932694735,6.0,2018-12-05
339,271.10609970525155,60.68973819508387,949.0845681901491,2.1985574781718486e-16,0.16911668951431763,1381.2087215207503,20.163843560189523,81.93900929466132,272.3447926806817,22.25,2018-12-06
340,1937.5503147699096,361.38501827571315,5300.930261741449,4.09096086106759e-16,1.40119217742993,5653.64983526604,40.548804543480685,357.2811122036815,923.1868949153619,23.25,2018-12-07
341,5020.048091382045,505.49750938833495,11989.599098855017,7.471491755734927e-16,1.5335849353974418,8338.913976827831,29.20636140195877,650.4530805547436,1400.3634842762117,23.5,2018-12-08
342,661.7519232866222,27.609049458588803,1088.3039537800666,2.3931692115251284e-16,0.01341813644704278,913.7975802954064,23.256297673516556,86.86181648053766,150.44470818928477,3.75,2018-12-09
343,70.29094463427211,295.08792638512847,917.9531930376208,2.1849139163416752e-16,3.3858210985676824,2268.263882307981,5.665419081484962,92.27506006044845,909.3338547313049,16.25,2018-12-10
344,4267.003206733004,905.8663036018949,12084.287215006125,8.122743965979122e-16,4.543096433283153,11528.569645185282,20.500115830745578,749.7059067720968,1788.4030210699,23.5,2018-12-11
345,4072.910861791138,837.013491543554,12407.277540482515,7.469763282415762e-16,5.288300777357836,13186.59386900451,262.0944429945562,757.2273400932214,1787.9205748811828,22.25,2018-12-12
346,1637.6779941607708,312.28437494158277,5363.959318025421,4.565511335174621e-16,0.9147574837449801,5285.015351153711,27.12677652384677,330.56218204476477,804.939077593924,22.75,2018-12-13
347,337.5589773104861,133.28349081744702,1439.9848419684552,2.5723599830568193e-16,1.6692414913968079,1972.5416388053209,32.21677790360778,111.88547523122884,269.26363410623435,22.0,2018-12-14
348,2982.0126736524435,1042.698450707228,12191.209379381902,7.56200717013391e-16,6.830753188448431,10125.122759541686,5.455359402048999e-07,752.3060384240936,1329.7394488067466,23.75,2018-12-15
349,2450.5031338195154,966.4261946205677,11607.494778102246,7.070654713794215e-16,8.931543618257221,11851.556136485733,-2.2271673398563508e-05,707.151935191148,1708.4386194870426,21.0,2018-12-16
350,637.0303612813335,134.9535971010616,1830.8777109217383,2.6319696541928615e-16,0.7786694568341309,2030.0547125697863,39.12216717153511,129.41196298363536,278.015843963091,23.25,2018-12-17
351,3382.823861486278,1109.8776480091842,11822.384998635682,7.752888242276724e-16,7.761807709000692,11218.880733866416,5.975514031320017e-07,741.8892113151643,1484.1400548784027,23.75,2018-12-18
352,443.98861890778386,4382.3852771735465,11412.26104263501,7.233457593429965e-16,40.24419440651103,17539.887056832224,241.70339480958714,739.5797065863534,7273.788848175382,16.25,2018-12-19
353,427.3109118511979,83.50461895619475,1159.3121875220274,2.93583036901431e-16,0.24642118278056524,1685.4940804399687,24.870572530271758,116.2761812216139,215.7904025840057,0.5,2018-12-20
354,553.065068702158,125.27927156710703,1595.2583369436718,2.6184332777031623e-16,0.8021990889099536,2169.1051242179765,33.98448871877501,144.87300156100426,227.55329980927485,2.75,2018-12-21
355,469.1789267919995,54.16823745271522,1066.9283215373514,2.415497231400458e-16,0.1386526235228666,1347.1374923133267,22.797451504796587,105.0280800310101,137.72032778064442,3.0,2018-12-22
356,4585.084678258951,662.5472961620003,11623.375183387923,7.551616522935646e-16,2.6539787523808878,9633.721925797943,2.7952440963758817e-06,669.9065702294461,1281.209186386656,23.75,2018-12-23
357,2366.817480555818,1280.7841072106678,11543.265687567227,7.126620881634049e-16,14.58095244204393,15314.901861152917,254.93877259087617,710.940868152707,4805.2040500797875,19.25,2018-12-24
358,3312.6789795849663,969.8261288135099,11360.65979275973,7.508472796215754e-16,4.017775218335178,10836.655170222019,6.671799523129011,702.7193708547123,1431.7050688228437,23.5,2018-12-25
359,622.3042528995687,92.20501928698667,1440.5839704310993,2.5571756838306316e-16,0.25169538078987735,1963.9046470440562,19.54527576200382,115.63776784481873,256.4292164587801,23.5,2018-12-26
360,559.0593942587846,58.41098368924658,1144.4574470220443,2.515998276561921e-16,0.1161568172516282,1749.0918295473284,20.221742698446256,111.37773074846669,182.0507829520102,3.25,2018-12-27
361,3982.2278830534965,724.3328131410442,11208.473194993026,7.069520516653047e-16,1.8070928542977185,13066.537233477786,20.547562035801704,620.9233158700836,1961.1589273660502,21.25,2018-12-28
362,5790.520099527241,424.4425302446907,10930.82955771618,6.655482515728652e-16,3.634491142351007e-10,9240.675943178245,9.829795598680736,565.2793670213923,1241.2899143440595,23.5,2018-12-29
363,4838.090792429068,434.88353400874877,11159.748359694751,6.700760239632637e-16,1.0874038908922385,9891.559422586131,236.77474482089002,612.6458132129706,1313.8963580047507,22.75,2018-12-30
364,54.360831502164224,505.72724943330934,1135.3787450522916,1.7558933312052495e-16,1.7772503824264478,2497.857800605381,23.591733165574862,79.32506653804344,1074.170197194092,12.0,2018-12-31
