,heating,cooling,fans,heat_recovery,heat_rejection,interior_equipment,refrigeration,pumps,water_systems
0,2983.6856605504163,443.33209107614914,7421.227624951904,4.2446336859649066e-16,2.8203916372085205,5988.910777757845,19.759499973576396,313.6711034599405,850.7648118242272
1,406.7959892250193,81.5463133927425,1166.2537001168937,2.5760503716739654e-16,0.6438353516686711,1243.3563321350343,-4.8370001617058734e-05,74.30337116784105,173.1650228422912
2,538.4683706071019,107.97010747633419,1386.4866838914854,2.5675474249502886e-16,0.6092199618864126,1266.826024554952,26.89286951182735,84.39237781697022,147.69829333245164
3,920.193580893759,637.8939209894783,5170.435232969321,4.0347170150528157e-16,7.7508361596415165,3465.6693702580333,-7.842473559094288e-08,234.16016256799475,499.1501553343122
4,6645.764488879655,1281.7804072746023,16908.34225142765,6.939239712595561e-16,8.341259322944342,11219.492829635214,3.052102647416177e-08,728.5327123343498,1722.621557811262
5,6386.148059123737,474.45716899011467,14527.501431916713,6.544156393797177e-16,1.7520846708586106,7596.210883310197,1.8037049861536734,550.1676021748716,1502.5607228757278
6,7407.872900131581,497.06633455498235,14625.183870864448,6.968934199096353e-16,3.332350686572115,5661.664522927872,3.892757859489393e-07,557.7677032236188,1098.463041593915
7,412.0976229636666,192.9940551503561,1799.4477534023342,2.5772034965310415e-16,3.095974009232448,1907.6272680668394,13.130589429083155,99.29774780148104,392.7330304923869
8,1298.5996025799132,1429.199139380421,9449.378462555716,5.117007460816526e-16,17.864377704655045,9827.665951732519,185.24205651594903,398.65135702312347,3765.2927631166144
9,3554.385519444492,1341.7826293152293,13708.814697498674,6.341562876822541e-16,16.4114451528986,11476.91984810093,264.4532835403993,587.0888127204222,2467.6620629376844
10,4691.882110674005,1087.0834873953652,14640.029530849597,6.928885206541815e-16,5.23764422948164,9382.55492294622,2.6191693399368886e-07,627.7170373256279,1604.2656115148447
11,2462.7910395086346,1259.5279088100417,11487.24578653442,6.377295643570109e-16,13.426844348674432,10490.526606129202,231.28808049252154,494.3362569726355,2935.6020556750805
12,5089.977302933575,526.2481411669247,12180.302747672415,6.325971709098265e-16,2.036316341352593,5958.505840582348,7.222916865430307e-07,498.823050827114,998.8582743465087
13,5637.886893681461,630.6160872369006,15243.475706005935,6.659730248604811e-16,4.489316673209396,8404.137191383257,171.6746836000188,615.5840458256334,1858.1482249711612
14,388.90152915047724,2623.492107416806,8169.535394514102,4.444352037615066e-16,28.98162838771126,9016.652982407631,158.85468433605263,363.12266001155496,3645.109424923684
15,1071.7611260679664,735.9167306589595,5947.552203043628,3.9738108258578006e-16,8.76832662828512,5525.211381232555,78.57077201308466,265.29966859063666,1401.1335826940192
16,628.7130015072371,762.1606873184097,5069.626958869664,3.4736706733252724e-16,10.444811103291643,5183.16203137665,100.5612940165654,225.28820506300005,1737.521411940416
17,6411.936193966286,1158.7217878982688,17396.90358682294,7.812180918822529e-16,5.677924662480057,11213.939065948707,15.99740621073806,744.8885344211731,1964.2662530613973
18,2668.1258681890445,1674.9188470088748,14506.669002392719,6.914140090349598e-16,10.185123315470905,14435.338723723922,25.239624529959155,611.6565208903621,4996.437227937926
19,3035.5605068051404,1557.175005964932,15432.499054353932,6.242825685244642e-16,4.84722288061813,12296.432140889123,305.1026058772567,645.8421072853497,5338.614423014517
20,6483.813110280751,706.6968129995303,16125.425758821963,6.029392996904788e-16,4.3169460172942165,6265.8946558418,1.0355006338613748e-08,615.0916146467374,1183.7592106600853
21,4681.319586401744,1129.6794947606102,15162.858099113151,6.669556135093822e-16,8.902333868395269,12496.89634506584,307.21042921833083,643.7753456018575,2647.4474617795377
22,2893.5548304170015,734.655254745201,9166.34764255416,6.402453502574757e-16,6.025049739196076,7643.480566032318,186.45610088761214,391.02039865303436,1591.118741194334
23,7038.521853022828,948.0560695171229,15998.731707837564,6.894220800018228e-16,9.055671191628322,11487.114065961521,305.27165058262284,674.7832784727699,2101.5358153870034
24,7746.408261770278,668.4617431199016,16658.01622753889,7.312883764867692e-16,1.7731775119816242,10959.670796542952,319.3501277704288,656.9619194809347,1901.554240077899
25,5415.7372533902935,575.7169106799593,11509.29715146494,7.459911415498169e-16,1.820076657239527,8128.5822135622375,220.89592476496276,445.4085295956395,1460.0504272438427
26,893.9857803849588,1079.6070457403669,7498.315901403928,5.274830841555213e-16,7.370881819470005,5980.301156021383,148.3641311477919,315.0280447912811,2598.4297961695543
27,206.61596997166538,9581.963587978384,15567.065133674752,4.975679468676917e-16,55.26320417698978,10929.995711713891,306.9416010388097,716.5574312374993,2521.38398572697
28,407.9881252161103,2698.2158261215222,9238.70709469366,4.3828314328790014e-16,34.17675993034418,10726.30451150751,179.07976278203782,415.9323427674277,4416.471808878158
29,1697.4100688034848,2370.7179960210724,14690.449493461105,6.746398483166846e-16,22.484324618634357,13398.936003354687,295.75612554702184,644.1275384686629,3808.583058361942
30,791.7376677597249,2970.7922293595843,13844.063881715347,6.110617511182056e-16,27.752116704219343,13158.637164140964,123.75173502299293,603.6455395535985,3919.5922863964133
31,115.07792840267935,9558.910383851206,17114.01259180744,6.710754244638401e-16,60.44818670791898,16196.101971305452,62.12831646444405,772.5744555226719,7044.504329199665
32,849.9911858970363,1931.3260200778534,11322.739790816802,5.497833933027036e-16,18.297182470980903,9546.468060384157,153.77652808842728,497.05170465950795,2098.334270741114
33,48.54018960560109,16029.673570736917,16797.603795573094,4.6882416471573795e-16,92.55988835523429,15219.449732985675,347.3026934899736,772.3553872404027,6059.645955413218
34,2992.0494101242994,1230.9734033336454,14213.02465553074,5.83424021367175e-16,6.498833404812009,5115.214763675761,-1.5933829596974647e-06,596.8275836003298,967.0544551020894
35,40.8978335834175,16990.969157554813,16334.338686031924,5.11339864077054e-16,88.23608411015387,19235.982677453918,330.2265898517266,767.6308732170987,8080.116731902504
36,37.65534441341357,16322.381907286011,15679.243112872153,4.603767401061609e-16,60.469453311272005,18449.602566716294,315.2884435262009,739.7877154916755,7757.6275023384815
37,3567.165061593979,1511.2913216065758,15689.845479562093,6.539977590928901e-16,5.093772018561844,10387.90873534431,24.236009561981046,685.9718911051472,1297.8615882528275
38,2178.7182060053187,1400.2038590385425,12311.93615700598,5.478536859298855e-16,8.264102700571424,7848.310370599277,5.855976572485239,547.6796740399014,1017.6211017045756
39,43.43230243624078,17256.710331847713,17243.169666778318,5.796465900310958e-16,95.33587068884128,19027.529038840985,353.0295394220285,822.8673421404557,7917.634333750282
40,304.5091697895154,3729.941638880741,15279.410980385826,5.8479752291054e-16,7.257538730231027,11493.766126378388,302.06616543412065,649.3360185119085,4646.399788483087
41,4225.656881631168,827.3493768299592,14633.369582887372,6.28350520735382e-16,1.5750592816121094,5136.26660004683,6.930832824499694,607.8240511058827,913.4118656424453
42,2789.667261522105,554.9861000982644,8455.50036211801,6.311623933662902e-16,1.9557604939557793,6259.5127971515485,162.91246226833366,365.9516992065798,1148.7250964482407
43,5104.654392725275,768.9135113587488,13384.65186150386,6.261860858138072e-16,1.6197864807108684,9378.95447555694,108.08494876542149,527.2947365010048,1556.7419996054996
44,2496.6890691407443,634.0695601633169,8302.081389263312,5.740622155588963e-16,4.256487712540931,6656.1922013112335,168.6096674524235,356.5905675093384,1313.8348046878473
45,113.42459572347812,6112.942904564771,10318.398770871032,3.6755136158539065e-16,28.90420828062797,10994.112184128548,195.1643604653994,480.4792054552783,5215.483492926489
46,6129.1318357085065,685.5870606450644,11994.047542159618,5.254738859761129e-16,5.735037537628324e-10,7985.26270834037,32.77515733720754,477.7062917027272,991.9358457949985
47,6373.477835832591,893.2219326034754,15860.872497215678,6.632731854640432e-16,1.1302963419103151,7260.599651714,14.414193391327244,620.8241719759961,1135.5335947344872
48,2040.084802799377,4898.6155096995535,15155.473294237894,4.685206237291161e-16,29.061260951991766,11023.268832515118,300.9734135923498,693.4720005274723,2463.3772300757355
49,8776.804804347606,576.2370957942369,15282.264996472006,7.07075846617527e-16,3.551705864750279e-10,9974.00760529263,9.200891323150648,569.4799361828123,1179.6347775867844
50,3005.423272568582,588.5363723290019,8550.468613787398,6.039211339195721e-16,2.447399552295304,7398.51632022378,170.94490409953593,359.39524193939815,1676.7026003039314
51,1234.7780326769332,5308.1741096922015,15706.350932049725,7.067950184205205e-16,23.135501550256382,16408.032717113238,304.4593443163679,707.8646670393375,6396.576655847949
52,4101.003636501321,1165.981473240585,15770.949211651217,6.626008797496025e-16,2.830768194480696,14492.931728928848,160.26907221410016,645.4997617937249,5407.23518022539
53,1127.0629684633316,6717.977069900896,17158.949449990254,6.015249156086999e-16,27.988265910912748,19195.42326276396,328.95629288411715,787.7418580814979,7928.006200915569
54,11672.333742074976,524.3570772023593,15082.036892616154,5.755471525490396e-16,2.9996807597325865e-10,6750.967900202496,14.280602668996272,569.1183164011188,1052.0875717705976
55,8319.340965197309,435.31250605979966,14927.174787842469,5.935080239590845e-16,0.5087456173672019,5212.166615160555,-5.029330804745768e-06,554.1848327987308,930.5613334945234
56,1448.802937715348,5685.911012470586,17107.98787963137,7.023392225579186e-16,33.23874294461013,18859.51758541941,297.5850433260366,776.7605301726908,7798.287124528351
57,3303.6539841786935,1362.5817853156818,13182.560824512368,6.045660502084617e-16,3.3901257989425098,12053.254661992707,263.9965904650116,562.9236397319228,3408.454398347856
58,9584.153586966893,832.2359595194533,16042.594779335961,7.308646907968276e-16,4.53167632308074e-10,10498.95462835448,24.21971067064957,632.2915852040433,1303.95718234341
59,5143.652318598672,1029.3033175189987,13424.936909570759,6.603834845531558e-16,7.225485466161252,8963.22239451963,258.7389599354697,583.245503030963,1425.137122980795
60,3181.721758582973,1074.8511032909996,11253.31260954243,5.182915565886528e-16,6.729335979925283,12031.412064429893,22.11039945843876,445.66356982370246,4635.5691900965385
61,6959.783719631022,365.1461182562503,13334.111867074475,6.351666304621835e-16,0.5902247581932947,7641.383944968597,7.513424963074464,488.06292266935867,1654.6773422638403
62,1755.5660802143675,4755.023122897633,14740.910506762417,4.464060539713269e-16,27.609680213142216,10785.733793026064,292.0771986681819,669.9301905536435,2412.196465125538
63,150.20134885414868,10570.152746165904,16600.56673646639,5.193528410756756e-16,57.983477163264865,19659.41319869568,312.1242622290357,759.6957362687417,8232.77228559184
64,4135.272098565099,556.8276080971438,9299.689824777852,4.810201661668386e-16,0.35470838676931055,6209.54466574676,2.375450332825785,376.4098194260422,754.6621966674729
65,3730.652562101612,1064.2537466922065,12649.47770551033,6.122995769673848e-16,3.971770623444236,8419.346633119583,40.375843334442166,556.3611851912332,1017.2743445232579
66,62.44461443424518,9712.513264885287,13629.59768223647,4.702736542186698e-16,63.84692020679704,14120.46560150989,259.15144242863636,626.0228220185901,6723.348444031871
67,5059.425587315115,1135.014231315326,14861.513834238132,5.593424527998724e-16,5.302123236561171,9662.606888777183,26.840732189658073,641.9860330894486,1141.0724654184964
68,2777.850144136244,604.8132502312668,8344.34052328442,5.326058179363523e-16,2.6776034759781298,3962.872991879195,30.310590295930982,375.51646838956816,609.7399903214919
69,991.6837390091418,3914.8340725771523,14512.39007737111,6.800351881542071e-16,46.782359663474814,9028.858881982698,201.83604925472875,641.4937676006667,2092.0946184343343
70,145.22452286453495,7492.305151333394,15914.891588426033,6.203884592321663e-16,86.5872848595683,17385.409541962967,11.781473200894967,714.0097996428143,6991.7421072352
71,1154.2273804229117,2618.1606106938416,16366.274790979427,6.942060896892958e-16,52.956744761636536,11918.022826639113,316.82166558461546,710.414461885709,2101.7320014537445
72,844.446479347218,5895.469508047389,16249.458660313721,6.471285336291004e-16,47.99651457307072,20952.459442529063,12.699823434743896,717.4737001030467,8955.225337149726
73,2798.007690116541,1928.891214352089,16068.71401794387,6.284710560893426e-16,12.747286555368742,14158.977674550424,64.05004092219909,676.6010683848183,4601.94760740685
74,669.2265132903339,6597.024825342841,16390.13535529694,5.965821648445478e-16,43.559689637131505,19619.089056764722,311.5814404720141,737.8970090507606,8219.744855522511
75,5067.052424436205,911.7852129383248,13547.812933089122,6.923605208960554e-16,3.3634871466644984,9219.955552651358,263.51136809060324,579.5217986087637,1468.5225281818814
76,2036.9042748098475,2719.7851454441006,15263.442733917651,6.397647935234451e-16,22.421155264925492,11229.78406632315,305.1127612651433,673.1876858259632,2560.2101973825406
77,6821.787948839508,558.3765627701416,15325.061967072335,5.501568596527684e-16,1.8438781551975463,5845.268094350762,49.18639056658186,583.4451791358591,1162.3302624173493
78,2022.9466897392217,1726.9101535866537,14016.166467289475,6.379872306688523e-16,11.144596374640399,9229.70938013624,1.4357972004102586,617.7393856117671,1095.6867113047026
79,25.48229240525586,1264.950482847441,2035.3371601071728,1.9468560169054163e-16,13.663164726231102,2776.522128674489,25.235533173492772,98.71035022502399,1182.5849296625022
80,1150.743889259195,1761.5003316412522,10838.582425949602,5.623956319841856e-16,23.63532599995603,7248.337889397458,108.16986255918847,479.6559103144594,1145.2738088160397
81,267.10805156029903,7500.256987217934,15495.967647025025,4.451863993936319e-16,49.34009482102481,18913.219923300465,293.7620333837401,711.5912343075262,7885.253073392791
82,1581.4351129445845,3605.359152294051,16703.018391987163,4.3122224118081633e-16,21.283860743636183,15551.998474067494,322.3406657565488,710.5607520601417,6191.72907800843
83,8665.55450903591,411.9261542326119,14650.90342153805,4.664717642600858e-16,0.0054695931927823795,5054.805949106098,18.431619229596073,546.3343621577395,894.8773044160763
84,152.43064971731994,9741.136398606595,16182.10561720167,4.254222852846123e-16,59.62126359558158,19633.528552357166,305.46621259729864,744.6675293099152,8272.780719442857
85,44.81767177627271,13974.429149364663,16435.88627227087,4.64754373821677e-16,63.70105681942581,20087.13838101788,308.7547950996049,787.0815029753232,8507.593424215167
86,3128.469417830637,1521.4872512514553,14681.059188115574,5.015980658838807e-16,13.596366555224085,9516.702776030148,24.82244719070387,645.3213219136951,1075.9347374638828
87,1813.4854317551865,1846.2788282191075,14371.06341650037,4.675289444638883e-16,18.252029765350095,8947.794169520994,6.104123844327607,633.5415242670441,1065.1582112988785
88,505.0307920124148,2530.543979185271,13611.313646654018,4.80354868136935e-16,33.82041074637015,8600.092157087778,-1.7927913706898834e-06,603.8381708781217,1097.4807737291426
89,138.44268428503483,8935.898551389017,15783.507450531282,4.956433192490316e-16,55.77634826567233,13621.614680407894,304.34135357955466,716.1241446076289,5658.29674944327
90,185.1990322366356,9144.792795942143,14616.514527019306,4.652617556336096e-16,55.44147460617353,10279.078272476454,281.3761958454673,675.3523016356364,2313.1720899064603
91,55.454767756117334,12492.772757384273,15686.073758481945,3.933466549913478e-16,73.05579158970144,19624.87200218017,296.1035209383022,726.2033830015893,8427.83245783333
92,3771.6689531154148,1146.134956983901,13287.122867187914,4.683073280983681e-16,5.124011047708396,8667.489339998616,-7.795300606971978e-07,582.1382827476176,1010.7018082359158
93,157.4479963974715,7421.138719927271,15357.65741051337,4.943442738934145e-16,61.09610272522395,16293.014381837025,296.17288538849874,724.9930037609707,6896.93997326324
94,2605.4745972864534,1407.1627629334484,13229.787254539797,4.848263197742236e-16,5.098124724775008,8645.918575763413,-1.2885378635019151e-06,580.29092649587,993.2094796318796
95,857.1738141885654,3879.2007258233875,14484.79207676572,5.989917662637472e-16,81.56024807924706,14008.583451004217,208.9431742229772,622.0885213207116,5085.045512530593
96,91.64175277708742,8830.888119507856,13939.546603775523,4.802591753398516e-16,60.6579849114784,12516.260700786253,268.9229338624059,634.7834875904581,5972.496232174538
97,98.45018537091443,10169.314062093441,15768.76207910545,4.052878076961149e-16,55.466343647196894,17645.78693047739,304.1119401388341,711.5073388869255,7437.211342524249
98,27.44984216012412,15120.484652224404,15476.40866590026,4.135385972297661e-16,105.24601795547953,18972.459609073332,290.87267358419746,731.2710527040794,7960.07817689551
99,67.09615471545217,8323.655516624704,14673.46462985735,4.416400217851242e-16,72.33611937270669,18260.46836100246,279.72403958028167,662.214188900805,7658.955920544304
100,265.97129234653147,5742.904048488947,15045.07217576246,4.806435775887341e-16,56.72092748354489,15403.42249284075,292.3933964402888,675.2768625695326,6789.763153097278
101,244.76448170443908,7110.320574058304,15819.100465302967,5.172791413480736e-16,53.111555928812784,15059.554276567003,305.1259499289192,727.5587159250894,7134.140352728378
102,63.91690779898904,10493.775257845158,14686.706888447006,4.02866527829201e-16,50.04159111057689,17843.048981994438,277.09998877935175,701.2895690255965,7331.673361878944
103,2819.0677773631514,1269.3360449047264,13698.99871049675,4.226975929750235e-16,9.209148321970833,6070.986105115818,5.179456418190976,601.4587811712908,838.5756164512795
104,3019.0941410124865,1064.6188732335054,13658.58573067898,4.546316888308771e-16,5.337743136783451,4809.900343921157,3.6834376507221323,574.7314575057665,854.5270186631122
105,3716.9616223368257,601.7458036374923,12475.215090192063,5.543537490789159e-16,3.0200071371800767,5477.600919633984,241.81381503677844,517.0662431969054,1022.7803053736923
106,182.92414411436857,8284.08927471115,15355.56396270855,4.3070861128819596e-16,57.04504137372279,19283.940636853353,290.8552307087411,712.0803914500241,8259.015516304535
107,4575.388394553952,1028.51658510442,13795.587961479985,4.750682162937776e-16,2.7464489593127763,8927.035447118828,7.675217082909092,597.424745065281,975.0388329614959
108,173.16984572315533,7990.040571665082,15116.00580075449,4.719944280454694e-16,51.52030927508859,13854.387872360441,295.2648236411949,676.8608170147878,5229.528550513837
109,41.782587369256156,13175.183843785491,15404.356157632892,4.1528094988043018e-16,76.1632809381683,19241.318287957936,290.41949108633065,723.8853861209399,8206.901221693472
110,31.34320381389844,12167.134408761238,15173.591759046694,3.97893641284344e-16,87.84210639171546,13937.31368542207,289.3430339768772,703.7829734551611,5791.696811821298
111,85.09913022473837,12965.284781796736,13571.7124561052,4.0203424900658275e-16,87.38680124961235,9933.320089579825,300.8623504414807,655.7957929773595,2376.6635671893405
112,27.700806244948794,18300.405433556876,16182.900907498059,4.3572940280088944e-16,136.5841115337241,20391.269005706432,331.94234302267176,768.3796281307623,8726.906957197263
113,81.8849232443018,10357.256408369869,15760.757175257311,4.3489215793397197e-16,59.866128725614686,19774.029881897804,298.29977410079954,724.4591129177853,8374.84419442478
114,3663.9741855271654,1153.1556756787397,13089.336406259807,4.182162837183592e-16,6.95461269544465,8461.363074813255,220.09065210424833,570.7307936467529,931.3919379928222
115,3317.0636029280704,1284.6610129903004,13307.784660465424,4.265112793238058e-16,7.419724948591103,8700.767249650698,261.1314131147027,584.4051085845007,1011.265933638612
116,3110.098474569656,1234.0633335210246,12763.925113504329,3.7465289077918105e-16,8.017753843597388,8439.946625477656,226.51001760386563,560.5153304036894,904.5680795450177
117,200.3487996264961,6931.554446754528,16768.174387061215,3.835737773052092e-16,58.25630651337324,15563.9829306802,322.1831816495032,735.9458344193023,6532.419926357135
118,895.2005829472553,4393.478393134527,15965.619723058104,3.70779077333884e-16,53.76985823487451,11860.317957282472,317.80872637991024,702.8214882768627,2941.659624311181
119,101.44806113803931,8836.188982863208,15309.507815017447,3.932133783583511e-16,60.154157502065146,19326.5538730771,290.2032833508183,707.5081847100794,8197.975862294505
120,49.761323472119344,11332.059704507257,15259.298632468928,5.781582451938846e-16,59.97922987994141,18106.826146872634,58.98252933416757,721.4199278685356,7433.254329573399
121,45.8280596744675,10609.840671350239,14303.016252949983,4.1635813971700026e-16,60.48266580950179,17984.139152406402,270.23937026281476,670.6059103449096,7600.9542748172325
122,1493.6490553071117,2197.71895852534,13555.597141401006,4.3822177502068065e-16,22.371983777626973,11277.062577899225,276.87666524874754,598.6096126084236,2275.961255788326
123,3423.290495405137,1214.3585820482708,13129.363885805951,4.2804083221383834e-16,7.644164592875089,8471.271690860262,162.42847741475697,573.958971201711,964.939052606688
124,435.3782909872019,4716.357969681812,14892.981075538068,4.833102531508117e-16,51.30612256702571,13937.988175717104,288.26245121662487,637.2020230544169,5617.658817571245
125,203.37314390657696,6301.8634489570195,13770.150239447388,3.9606562373908384e-16,51.14620255383344,10193.478976393286,272.9865054004867,628.6323938417305,2493.670300309374
126,66.51919394087001,10862.624230319063,15418.911250958847,3.483426173248118e-16,59.85720656414031,20221.339951486534,290.2328436222019,706.1123412417307,8229.143970277677
127,49.163989043554075,10692.133775991268,14659.412812645976,4.381214090406121e-16,67.82549794141616,18431.598316049465,277.29545652725506,681.1689186144459,7805.440611126377
128,1912.7716076010322,2122.8947060382447,14077.510426737506,5.200693356145435e-16,23.204851312072222,9376.011713768014,276.5837141977394,621.2760551724491,1407.6059687265288
129,32.61704434332037,11314.817365730856,14095.86098502913,3.8105941114162874e-16,58.93346140775772,15383.37702788318,266.9769362619865,662.6254161271368,7527.109659702358
130,26.650915055656366,16604.963648884153,15343.545901056143,4.0314571344602126e-16,117.76941437086096,19113.474518610925,310.763353110908,741.7645023455221,7993.195201636421
131,26.80141139843705,13457.3081579281,15432.76227620754,3.8962672177213696e-16,73.43286588824964,14200.030779711265,317.14955949426053,721.2700617939009,5869.52078501358
132,2435.2849854717406,1255.966121376851,13888.052815816562,3.4788424693295176e-16,9.497650971106145,4847.7292161091445,21.40533720511003,583.0310508706947,831.6877551497832
133,258.31380223204457,7037.313711760909,15387.5695605376,3.707068678294286e-16,52.01837652493988,19679.190362044515,293.28764987074624,681.9004812212688,8285.947586598852
134,80.58640470956863,8860.382478883896,14986.25398354471,4.012285305115991e-16,50.6730684496872,19096.583446765813,284.38279823980184,684.9765370675926,7982.289272320937
135,2499.5870382628555,1458.965047812224,13027.342443748483,4.102293713805058e-16,14.481308353252043,8428.511181744989,19.424950696721297,572.9594684553548,952.3730030419434
136,175.05635049791903,8414.36855648471,15346.214774984133,3.3597890745866565e-16,55.44253177372403,17560.504838569228,-3.5605607879460875e-06,689.5040115344228,8137.428895175223
137,224.7380943500243,7347.738481012267,15363.914315835575,3.8476347579091434e-16,53.5305267384593,19369.173978279225,292.5542604376764,686.3194725893785,8230.319112851186
138,2866.9230790132287,1489.2713529765308,13146.241245820984,4.2496955939924836e-16,12.588371527369262,8625.814467442342,11.734445158263116,576.5159909493975,973.629709754873
139,459.1100287573217,4549.288504989674,13308.224475919977,3.4765021729434554e-16,46.10796150731114,9887.51572390693,264.49168350329353,592.9933316168074,2430.7570503550974
140,4129.915038402976,984.7946451249834,14647.192823338351,4.583530218367406e-16,5.631934576189935,5615.927280128813,286.9341188389267,608.9346679396083,1070.2653932611709
141,656.493528926013,4991.479751710074,15021.215548039025,4.838589840653559e-16,52.87484645904508,19269.203096752546,286.9911312464919,648.8470166287457,8077.915384930535
142,338.1381284442896,6176.593740552562,13037.299056559797,5.051236997528157e-16,45.48611499399578,13212.951220554256,253.97343849979413,584.4343978933183,4606.365705301429
143,310.7732606646463,5020.573899142792,14511.434588675906,4.305605368685443e-16,56.10710590529047,16185.46583059045,278.1636113376257,629.6789470480592,7853.830947952762
144,165.62083779118302,6992.153423425951,14671.736075458424,4.830054721550829e-16,53.134121486960744,18559.454087707174,279.90031363374163,645.2646085309548,7834.2345112270095
145,2842.966548343977,1169.7294177526157,12951.356806250795,3.7281668405725764e-16,9.459218770962151,5715.028637420208,20.2517060068935,566.648849537525,774.5931873475334
146,92.1602208675071,9110.618003372134,13423.30075161569,3.591286849384279e-16,80.31073170485622,9870.710669982267,265.17902207466653,619.7010267201871,2386.0095262025625
147,19.450269322132417,24283.404410484247,14722.187473496226,3.6560971269206213e-16,125.02269096599643,18282.45234265126,334.98647006802975,726.9992683138422,7599.56494428222
148,469.3630138418326,3715.083538430523,13362.453590608762,4.391152472339241e-16,40.33707363049676,11412.35498167618,-8.720171757659045e-08,601.9064611290644,2446.6897467794265
149,96.91618073861954,8613.772781466709,15137.423512106046,4.635677860969887e-16,51.81588111360758,19269.20774607069,287.129667377904,692.8208407856987,8089.212105357897
150,86.15138011488807,8380.829003332026,15100.190358054115,3.668237075033531e-16,50.10395807978542,16765.525010367186,287.99179020884446,680.362870082542,8040.282957217079
151,26.130888386587234,13620.015878109481,15790.893175393003,3.8494029230413407e-16,77.50076219086031,20823.54901204518,277.08860497035414,744.4400753450795,8528.77517203339
152,18.856057374306356,23260.343922067725,16303.80037622804,3.8569154659133536e-16,105.37895692781419,14945.773822812691,385.6816797582013,784.0217661381816,6096.371368862468
153,97.24009213182269,14852.613492979419,15706.715473109201,4.662770828787357e-16,105.3207598903629,11529.48502303968,345.04698345397804,746.3021008244474,2761.883829054095
154,1186.543523090253,1351.8183349050435,11511.63971208449,4.874293607924283e-16,14.34358146964461,4955.031483137488,62.80681606223032,484.75201970007186,917.3764044174569
155,2697.73785117653,1567.1305836627173,14377.567697717252,5.139237811898116e-16,13.410722661913395,9309.678837747659,29.126119312478103,631.7439909100233,980.8370657511681
156,1780.371601908358,1838.0523682778373,13691.788628842978,4.943532170431207e-16,19.772644553457877,9727.82834872414,265.00973873895543,600.9966653857607,1567.6125971889219
157,2390.1023234112513,1359.8387088205543,12798.923772783484,4.0409886420359453e-16,10.470020109151491,7934.381238541634,-1.4279351946697715e-06,562.4258922694319,891.4117937512532
158,2106.1421632718966,1468.2823926753451,12683.005328118878,4.0264872025716676e-16,13.765962140840097,8260.338498228126,18.210935394628894,559.7457628022324,881.7014372912489
159,49.662105427480974,10885.067269047475,15911.271443501462,4.1106752815210915e-16,66.19668626276717,14542.345751998851,304.65122543655133,722.8297470430064,5514.228996813471
160,116.06644915609483,8188.018984386193,15550.576880662533,3.7360901560206653e-16,52.04337439355063,11123.678221461405,297.75088738004484,697.3931561492774,2644.9939425511943
161,28.97023705763473,18677.182799965627,16750.587194755622,4.603058095493797e-16,139.1758789621929,20882.057168001716,344.20176866605914,801.6035819653448,8676.589897570322
162,23.572908298143293,18906.5603311881,14884.026539083048,4.6972270446677625e-16,130.09040574798655,18580.76648005695,312.0281143741388,721.8183044220855,7699.578442520914
163,16.88555997564838,6708.98269396029,7459.124878510487,5.025289330657484e-16,60.920242852376234,7268.152913966548,-6.05549960878875e-05,356.8234988616406,2749.377579493607
164,791.9198394106469,1489.4453710071011,8878.759568054827,4.3181094221260894e-16,14.16910469749006,6006.665340523452,83.32973655316201,399.7509788404285,766.3367007103642
165,189.87328004943322,1989.2777047636066,5551.492650624137,4.1316887176036946e-16,18.015233000112914,5017.9406899838805,112.3958521429254,258.8886517828047,765.9226388214036
166,13.884522471954302,12348.22361520024,14306.125668193092,5.353854050080547e-16,78.26841103374498,15669.619236647659,272.6971825067584,661.7258978947901,6974.9428089008925
167,23.67162293551519,12906.461828988618,16020.035019622474,4.1768935808714656e-16,79.68911373269843,17526.152307323555,309.53823865441774,739.2234854525423,7199.622465416073
168,1531.9247459968192,1893.6315455580761,13759.83470365826,4.7269390762921175e-16,24.20115082659501,8930.04045755429,17.136062872317677,606.1513437667354,965.1210124348878
169,2134.0534814723883,1576.6316091967387,12952.498187647561,5.490802569014376e-16,19.305128675693,8396.609454682566,2.296555004223055,571.2333109290905,900.2924741260642
170,44.047175754323135,9978.637552027421,14632.309173844811,5.145368228667453e-16,60.85750144746586,19266.279149556845,277.41297465627775,662.5544400288798,7825.470989134787
171,17.379954990178565,11188.658890216873,15551.741263338059,4.734217376313741e-16,70.7611146683923,18295.336056007578,295.25106915358236,703.7938688631383,8535.01960290599
172,0.10437976621373514,17350.339498546404,12018.658285943528,4.862095337542311e-16,106.2813505752858,16197.901802131319,264.916650381313,595.9703898988807,6470.747899089566
173,0.4339312722715497,19080.37544249734,11327.87124752601,4.624508477701577e-16,74.66268217266312,13095.561655789774,269.468098246106,553.3601444766085,5943.595419101025
174,3.1309791881986397,18356.770105457395,14534.254711391077,3.7740085604674395e-16,95.52983127932289,16673.21404197564,313.88818040771577,695.9813206801542,7107.919882898988
175,13.272350741330412,15037.745073213719,14836.141092861799,4.611709649745506e-16,122.82884889196689,19305.724604521154,279.77417179701354,699.6474355974304,7807.2156346099655
176,13.787805853755623,14416.477458462563,15225.53129588412,5.29414023859639e-16,88.31554320923178,19771.723428519894,286.7593116228471,723.7643622090377,8027.205802234288
177,21.969758572515552,9164.103617571862,12166.554456322456,4.821877797546197e-16,56.400233045853206,16070.142861479817,230.1690698040137,568.7245305546994,6494.8093347959975
178,855.5746299195233,853.3363740372711,6758.843988470159,4.3162294906316576e-16,8.106373867335664,4414.843607504792,25.397821117789796,311.8523479338816,520.3435495184058
179,775.4315118456799,1360.0704388565123,8967.882881871152,3.9181738341499336e-16,9.126884608929148,5791.901391352708,151.03248114872426,396.1576697789852,771.8858943568675
180,2.2222676478877013,18890.607370559577,13236.50968799112,4.2414760089633693e-16,86.37479143876182,14673.11649369651,294.48293261145454,635.8460570991307,6432.753502529357
181,25.344571736242695,9519.783801141479,13000.275945384692,4.838698178508387e-16,74.41642710409776,14432.813968384173,251.8075789461672,593.3938966383254,5997.055993367133
182,14.12660409150802,9192.467204952147,10038.445714242709,4.727534065641129e-16,78.84790075056023,13247.714620727991,189.6211519528928,474.90294482988736,5390.350907774789
183,9.502515124466866,13888.190386686083,13004.720579867217,5.189186832303171e-16,108.62079475332695,16931.341802432,245.99882815999308,623.5697078007366,6816.504202178739
184,10.308693885457783,11458.481987940908,11282.256012398162,4.557568488332036e-16,85.0934846924637,14773.803238016737,213.7309524147119,534.708635025361,5938.596940080211
185,8.523996223453896,8296.689856724763,8965.743895461945,4.2178674951447025e-16,62.437689179692576,10449.667463766526,170.07170344855638,421.11984718866006,4800.1268491690125
186,326.6710882750219,3606.9154571483928,16059.442933895307,7.044412019731816e-16,53.826970388210526,11278.826565846311,312.37097062863927,711.4492343214439,1588.067169174565
187,148.54681573167272,4969.358052424668,15793.06265949042,5.23554772230665e-16,68.25645119579217,11761.022738391219,305.3226893890596,706.8646739941801,1554.285514137439
188,515.1390987902407,3228.1813266261966,15707.823680928454,5.547760220504354e-16,47.938406444913895,10125.810003312288,306.0498523361662,696.9649275944307,1384.656433088223
189,18.583905698989426,19113.12528384159,14412.237730540133,6.339554440825679e-16,132.20123842855568,15457.359321727006,306.57100683756136,706.7321440244759,6341.282696407987
190,11.17983630710303,13431.140436316842,9947.800691539675,4.871820582638223e-16,91.23264239000774,11370.180691915833,208.25919674101942,487.79064352414235,4589.9406171236615
191,246.35697113910592,871.643197298158,4284.556411945151,3.095959714523896e-16,11.720028180509832,3129.904388990661,30.172922095458638,210.7077577726677,379.523567127364
192,598.0112637780189,3275.399335847872,15345.287300783042,7.715044603490904e-16,53.2804303423882,11461.568472994864,2.9128776670506884,682.303090612393,1502.5877406766951
193,28.39008863807921,17659.96407356704,15522.967462005356,7.169117962204089e-16,122.04301645291868,15891.839047476964,30.27736158927726,736.9419412028209,6607.007942138464
194,206.3861622254683,6824.516274788471,14734.061308718054,6.600803072522538e-16,73.15259142325925,11540.864077197559,14.858561068807786,665.4348514135748,2289.0766695745356
195,30.84588006375539,11510.070852517962,15562.706562383699,5.155914354958588e-16,92.77669864189916,17440.385792232824,301.09514005134906,691.0494586465215,7280.976977231048
196,109.20051228589826,8505.50317061402,15122.210888449325,4.177111568542113e-16,82.84415059698226,13505.514604903903,303.79456573272273,698.0933186750082,2187.4017258438057
197,511.63783394641666,3537.227853018807,14724.202810126731,5.380989904624496e-16,48.67230947041457,12013.603085754561,260.8742646556527,658.318963375805,1676.1445511481243
198,10.091250407331046,14900.94494513733,15814.745450041983,4.932914663040248e-16,122.90546436310879,21602.74532588969,298.33149653156727,737.2666534795461,8559.452785946218
199,765.2244072507392,1685.8902030879713,9246.620664547223,4.590790057870104e-16,30.533672079539294,6342.062849270554,32.74733082884373,421.8414066704486,765.3434362756384
200,417.72267110392994,3017.4417246112616,13479.937203079628,6.726413049476631e-16,43.15303318549537,10296.263956200946,46.321822176156665,595.5522465426857,1485.2516174868472
201,16.361175753577083,17025.604042718114,16130.560207150842,5.705991059919616e-16,100.18014814333341,17686.13380771831,332.0231439983051,745.25973495927,7757.1749482547675
202,14.962279098152402,16754.109824204526,15719.475908383438,5.429513589616224e-16,101.32277208123529,17319.372211831433,331.23338795593276,729.2068598236334,7173.889462248855
203,355.7657378983829,2974.7760872316344,15201.486119818206,6.625540198057825e-16,49.211816213116364,9544.13876637825,35.04551384185501,668.6629728302429,1182.420848022884
204,14.632226973608052,17242.035329781535,16035.907818492411,6.70752046542882e-16,130.84322875015744,20836.86412959497,303.88042168605887,762.0361358911777,8289.69644649361
205,209.43049425130542,5689.845115768447,15349.264376671395,7.958023842508964e-16,67.89721306804992,13154.419526546715,285.242651138648,699.9246171590297,1909.5585409338753
206,114.9361587357698,7219.103815538277,13153.946109455133,6.542693543001354e-16,61.349484715938715,11657.661196921234,262.3080026129695,597.349820390714,3851.1267093850397
207,46.42992860009081,2812.6129688421443,4864.414192526419,3.748366366844186e-16,25.108431412219712,4841.317926276467,96.58831538468294,234.34094373368728,1513.6692297010718
208,27.02245326749781,11851.471868767265,15669.249530124967,5.619886330646615e-16,84.97958635241791,17434.891780375074,298.8569164528429,700.4497926589113,7603.105025454986
209,1813.9036373625468,1674.091629803064,14921.488316236417,6.507862253224035e-16,17.761959610173623,9414.02456970314,1.037254621245601,646.4755796251812,1250.6930179980377
210,2238.711787341292,1559.5082888598379,14049.659677668795,5.881085916920714e-16,12.908175050375963,7762.244722276073,-1.3902604446229816e-06,615.1301842261433,770.2978810233283
211,583.0391319284007,3636.567271578476,15248.73620944885,7.722484302755495e-16,50.90528335223471,12892.349147119983,144.73901755314947,680.8397278171594,1873.0524623548595
212,45.94705709343604,11016.066171785367,15136.992127483167,6.427627755363154e-16,80.59195429898183,19529.770197877468,287.5279794328852,700.1514742862687,7493.191535864022
213,1956.8871539301938,2311.967420677593,15027.395091849143,6.205205257689145e-16,23.267945236055233,10086.862118862828,14.424308786921864,661.7807773000005,1249.3921402588414
214,1335.626897163162,2047.7472233479923,13730.663283456115,6.410105511238438e-16,18.042687534433462,8669.303710312279,49.08150583277291,600.9061302235697,1119.7344418717037
215,403.0078625078857,3421.067382926227,14741.311935779275,7.052767560158856e-16,52.13237005274176,10097.952506813454,289.7823262095703,663.1417247826242,1240.7918665075397
216,25.05014347438105,13010.000142224086,15354.538808170606,6.258582341906728e-16,100.01573429538244,16833.130315612867,296.87582442131867,703.7944076579649,6796.4417933202985
217,8.737051865033196,5559.738759018384,5055.336508183496,3.5001878645455103e-16,44.185572564997685,5428.14843321972,3.8634832734972555,254.67848766737092,2232.6146128185487
218,777.2512197268704,2206.013240071561,12732.090071786133,6.52942694149142e-16,25.900894342874537,9607.920236426355,247.15001532978235,570.2583218066443,1171.1200957160788
219,3.4098166064291746,1840.6006858163014,1836.9059659066581,2.4023291310296374e-16,16.175895030292608,2566.6565978034278,34.78074586128359,113.91687240238205,1038.4055765573773
220,1.1034150652558063,1218.220044024077,815.804652852685,2.425906506943786e-16,6.417913434458442,1307.4709891690527,18.382243718195053,68.16722781362661,592.1483899826248
221,107.18244692631524,3638.0953711647453,10571.492190989373,6.122220761530134e-16,36.72695370979219,8554.518471531836,-1.829138754089854e-06,475.08829819959124,1307.4190626968891
222,3.183843102625949,2708.782329905404,2270.669172968681,2.504050339031474e-16,16.094870047451302,2555.3872694199076,47.73225720692754,133.43011334261215,1152.9896406668677
223,31.47762473820966,178.22468528978237,929.7335609319172,2.1843392987706997e-16,2.8870312682101247,889.5574126864043,18.334615178091614,64.20837931868184,115.48479766795869
224,6.050927201704327,2804.9827831901794,3417.343089456961,2.4889332754182775e-16,21.690487254959663,5103.811423362161,64.62187554718078,184.5527850977414,2061.9618559515493
225,11.670963798724822,3291.644594487,4074.2662567255697,2.885529925135575e-16,29.798751445115354,4981.49077897329,77.11161288071233,198.71799724067242,1988.5491126635202
226,554.1870698062528,3172.3743678067785,14904.31015934058,7.037079683028336e-16,52.74823571160689,11124.349604316469,4.480375945153007,651.9360277656883,1413.954558978893
227,503.17873403577244,3209.3009384567963,15377.74975334631,7.364686797005266e-16,61.15682350950026,10911.475802417703,50.87730887724887,677.1361231683098,1387.169492821713
228,553.3951060025659,2857.833946548188,15319.974280003726,6.871752195273304e-16,50.0528462178723,10747.421370929578,159.20843822208448,668.0560804193553,1495.8813753298198
229,248.0148617587294,4978.665420778711,15115.20734858833,7.392639425089592e-16,54.54229019661555,12894.478863382184,8.92513305577447,677.2605761009635,2743.792263268925
230,1061.9535044799918,2317.620470102539,14293.27840785264,6.585721727707852e-16,41.95236300018831,8473.295945603599,294.3912049245674,625.2780149011799,1807.4642142325504
231,1955.243517335878,986.5662175688055,11236.874068580979,5.313388020041486e-16,10.371590976678284,4908.968041092398,23.30940154546237,477.966605333375,937.0547802964609
232,95.14433560898627,4513.864908983669,8746.11368266393,4.93021908833417e-16,56.61437138623439,8381.9763337581,172.96622086247763,399.1002983539593,2373.1303550194193
233,477.4151118885166,1915.0394745377473,9385.669384774397,5.270328209576258e-16,28.954726603372542,6321.921325222092,5.389832216718702,421.78686157787865,912.9006227868288
234,555.7261289273895,2956.341337737387,14117.293277996245,6.82614625273661e-16,46.91362443884105,9330.354645126752,67.24827847617588,625.9559443890889,1397.5967493461123
235,221.8788379921799,3327.762283016922,9539.427717721635,5.630799433549318e-16,34.2111378640359,8658.06278049028,2.9127648610938193e-07,433.32912719174004,2062.783120922801
236,517.5606812769744,884.0519233022757,5383.228521156956,3.5667464753797373e-16,9.739530767773882,3975.386792254055,90.25344971864303,255.7137524747089,629.8779464458424
237,85.16857989972034,7349.045678378753,11072.734425254024,5.0276235808783e-16,67.02815384582287,8301.417696338069,218.8941424520388,518.3116000187078,1935.1942763588067
238,1089.5416358338725,823.8051770225628,7461.64758171369,3.9795956608686134e-16,9.35525961014017,2732.4858914800207,8.60613194380359,320.28691062123534,480.04986076719996
239,24.502141376720214,6061.036929037901,7825.809621031336,3.8923126826344976e-16,54.51233648973519,10379.045727116694,148.70650930761872,369.3609677069208,4238.79139384111
240,14.92896819776685,10163.738947324659,8020.582245509757,4.3459788319467657e-16,74.42780353459895,8535.207566122272,25.610728523371282,400.5311627657539,3199.0191633187465
241,36.843370564654776,6401.251147062371,8543.65075888852,4.657277970753367e-16,51.81219343704498,7859.565931212697,166.9563811038075,393.1192962362307,2802.3213805461983
242,34.843153825710296,16128.268075731943,15789.985327592898,6.646974965755558e-16,143.41200441562714,16917.478489750254,33.279496309802646,761.7083206286405,6475.840654803389
243,43.73997537793598,12239.45737093871,16172.692038442692,5.165549950120069e-16,92.95934162740964,14927.13231895289,308.6994208906965,730.5726851781585,6017.867694290065
244,82.37948754840934,8659.58029322253,10634.969404062016,4.177484962371296e-16,71.28021318507902,7905.538341236416,209.5619733691448,510.8776812007933,1786.1100105895496
245,21.251224967431607,9265.84025243376,9072.795119924278,4.379568967046523e-16,78.30856946007162,10888.292035486484,170.93703416749509,437.28683863181175,4369.395546067358
246,14.19129146745869,6160.582389030388,6039.725092530811,3.8086510566473676e-16,54.59487250947229,6951.129374847603,115.12840468753073,309.20269190178783,2703.7047089486236
247,31.15910916326449,4671.155766587978,6483.273729491209,4.118195176377471e-16,37.16584540915167,7029.390162044468,-7.53907693155611e-05,317.4062072311744,2603.8840494765677
248,960.4219972651775,1980.5257848453116,10255.849650818614,4.949977479762592e-16,29.91690777797958,10661.153990758141,8.41004569689673,431.5707716422363,4533.6460226582585
249,403.69750621037946,355.8492924960563,2719.0965449538307,2.1715216845140515e-16,2.2174012350598757,1946.928740356877,26.683627684838438,133.1253462326878,313.0998445530808
250,24.551799760861293,12926.705065209017,12990.688344626089,6.129935424020079e-16,89.1653417899883,11980.14547417876,268.85233012047297,603.1323900051605,4741.632737956428
251,375.27308708498464,3160.6190666178663,14442.344757061557,6.452826612154452e-16,42.37415009981132,8556.097027759664,46.62461531426414,633.7791659101674,1876.6364719315388
252,21.219311781014348,14141.90218174276,11264.281853831848,5.469688082017528e-16,107.27693945702663,12256.173304590586,0.7182020370199595,565.6459451461984,4732.2933108656935
253,27.2751972934733,13354.957768465303,12779.324152821617,6.350399478023237e-16,104.25090550929825,13379.987485410165,244.08628287093555,616.0489870520564,5055.729241014852
254,38.41545712831532,11953.3022303394,14298.054055720198,6.663538495014824e-16,96.15799500013551,15930.894005780208,273.548076596514,694.1316974462119,6184.323396714314
255,508.0738111189888,1463.3945849148365,9125.316723884845,5.736777313242667e-16,17.82703452720994,6518.306764526818,176.85154692075554,399.95100734071116,1091.541118329238
256,15.754243974566167,8424.924914868685,7822.419357480043,3.7926001643694566e-16,61.228562758641054,9308.08916072912,158.79819852975777,378.64115499277125,3725.164695245247
257,57.08751410863549,6485.499200162288,10031.63742970692,6.247889430749716e-16,51.69932974028555,8197.708410928039,85.16323582292536,448.6046496874639,3448.38678746528
258,1864.345596200736,1803.4388416006873,14555.312374803396,6.3149469665199235e-16,12.630183757456667,7148.709768810103,286.79325899645625,634.5952581513203,1138.2077001579653
259,1463.684108333404,1761.486449176604,13659.592683421035,5.972089680394095e-16,24.895881867629836,8864.473809925646,-1.4549584171277274e-06,575.3876940281189,925.8445936463121
260,55.082319168808766,12174.316950892886,15408.424862750757,6.637571706179808e-16,85.39393162527043,16792.468925040626,99.39968536737783,725.9076951235342,6504.246829273072
261,15.437460617525756,10768.0443563937,8316.17336072185,3.863075667403332e-16,78.22399770669378,9882.424740438897,174.1700542358334,409.2190276645219,3974.502473710152
262,17.947133813643898,21482.110479576797,12784.715362048843,5.812168004025401e-16,92.82698977261185,12988.73861825076,296.85870546131173,620.497864785965,5897.36237683893
263,79.73822935276918,6777.139312384624,10443.815287659592,4.851767280664489e-16,54.76889247569596,10240.672171351742,169.17927020073108,485.923233182054,3220.001487317291
264,34.389994484374746,8285.354351739747,10623.859604587666,5.598754298988621e-16,63.536350811452955,9710.283696082553,202.35438265793425,485.5454775401654,3620.971375632563
265,3286.2865397064097,1365.2470301320586,14933.005231257208,6.336220475516134e-16,7.68454939435849,7175.974537063729,294.5925529104272,652.3731809698822,1131.1092602529316
266,29.56589403029969,21649.642933661526,16566.830486917668,5.671653922502743e-16,155.82438815554355,20149.715267876953,346.45369331767677,801.9810981585723,8150.867004637745
267,462.3890166652295,4336.629296462444,14470.606243784405,6.479586624461416e-16,47.54088741711582,13196.360913297622,2.0854685959648122e-07,642.1965542530895,3517.058570281818
268,19.446023053886467,15580.971157764856,11082.576203381223,4.565660255399107e-16,97.83777929193947,13247.42165398062,240.04088194623256,546.302430880429,5302.166917262402
269,50.68375505386143,10081.486757996327,14044.270160562668,6.525804652872925e-16,72.45050034682578,13973.397141558435,3.9677500654768965,658.0531221804019,6204.752570575499
270,2331.8306284042574,1765.8851868342167,14452.204815411145,6.654624786518318e-16,21.805595091354093,9393.926750740413,-3.911565094654179e-06,632.6506862870954,1061.7399201346016
271,47.97528447625696,8289.981621056737,11795.261001858198,4.856570064275373e-16,73.76884753133864,10572.526778813772,244.61317526951768,523.227694823275,4092.619189221869
272,725.0468541521432,1434.1784726947983,9822.019064754282,4.839926553911282e-16,20.015059672895447,4783.978647608063,129.6060257741544,434.30817141718836,723.5224759417836
273,145.39397893982257,400.6668986618518,2441.359574073779,2.577799122570711e-16,6.5183061157004865,1005.5743801031499,12.913019129992433,109.18368302336769,192.7581896914115
274,39.57378561889063,18906.71439987823,16483.597790651966,7.45000364448518e-16,127.03935311257798,17315.27771579496,353.5661739756711,788.6519247795553,6643.2899677929945
275,235.0708991427261,4335.4875815387095,15525.973025416495,6.687187274082973e-16,68.73926469030118,10277.496827394563,21.268088256217588,694.4361417325589,1500.7022523984795
276,9.660772265855549,3751.1689833608507,4026.504166993809,3.0527040615469165e-16,29.812865001608213,4253.5379664199145,18.57712213416223,203.1756249727751,1878.9979482389233
277,35.00116464730645,8376.03967541719,9740.501663399506,5.416045245490826e-16,59.88690804832409,10050.452097413838,5.318225830239803,465.70425166641274,3475.9787723592285
278,342.46469455096604,3515.1865806603173,14686.945531311114,6.672101523148597e-16,46.97556941739411,11776.340608394774,300.65671450392006,649.5028147859034,2333.9864844620843
279,301.34636683709607,2929.52805776409,14756.992691239198,4.885654367909329e-16,49.384739430251365,6670.618240926468,9.558736393826381,655.0746273601942,926.6042287105471
280,26.45947169732531,22689.998685618248,14944.955284651161,5.73630045049396e-16,142.34411930342844,16341.289386442932,317.23082347151893,727.262452392647,6506.236881234772
281,316.15930711417246,3397.0515610176144,14194.27365889991,5.667939548668408e-16,47.945149130042985,9400.879594293807,10.009179123243854,636.5662201947174,1373.0758897891478
282,40.63492708779965,16455.291556267206,16629.059282321694,6.458425027972153e-16,110.7578958319278,20024.548158808346,312.1004186745734,791.0410642006669,8072.880982971919
283,2107.3009836977235,1840.3122122036614,14994.197665697106,6.906737011905e-16,20.71471740415195,10676.342960497073,290.48134770357797,655.0493043712912,1670.9076831308503
284,20.47271850633545,9224.339611151583,7619.706060775457,5.805382692611523e-16,66.86419121366093,7889.0957456017895,164.3410774240602,375.6072950164826,2955.906049358046
285,445.1527763427541,1739.081175901063,8957.505930482128,5.189782191568452e-16,15.824975982106883,6189.5813641945415,23.26151357477786,414.89067446288516,933.4177017397349
286,2522.653838723038,1592.5328992178913,14994.269678754556,5.176522668590837e-16,13.243602621457834,6806.191855910652,14.579392355661719,658.9157420476797,972.7584983975099
287,27.477349097018887,22680.54870982786,16327.38393189443,5.395585162028586e-16,64.17206087743114,18814.235724569204,349.6700598960108,784.4959560631239,7598.534215378324
288,31.117145492532376,21006.976689852163,17149.953194440084,5.597582544078135e-16,122.50443871925926,20518.477811596706,353.43036747603855,846.2594770656586,8357.855633860205
289,42.12899469613774,17129.538212204196,16587.207320371235,6.578954529080048e-16,140.4754482827417,19558.59845668487,311.2560726631631,793.128643219145,7975.343533456938
290,40.96890429973267,16566.694450222498,16418.7992425871,6.090154106208512e-16,121.27951727204814,16854.018540086203,335.352249736063,766.6184150188016,7734.134817909475
291,30.39090333304886,23172.74811280544,16635.002752155047,5.833062253493042e-16,154.3913220669688,19558.595257021447,359.81335005449233,807.8815640278137,7970.75459494271
292,1779.1887574180469,2345.1871550984542,15288.45110701781,5.76244054372712e-16,23.852545091909292,10181.941352434538,18.419378135359324,677.6862343435599,1407.745556170186
293,235.4755303025998,8554.045294809628,14758.004971239034,5.58614399995675e-16,60.85980977749272,10703.934797548038,291.66211273245295,677.8117240514539,2318.621041240871
294,87.71395421060738,12232.329472293904,16505.270024234418,5.352397521448628e-16,75.15447643070664,19269.738141335652,312.28875466979156,763.4952188691486,7830.408075616294
295,3267.355890944005,1627.7469043378653,14860.144813783862,5.496649560766753e-16,10.405976694333,9793.368897978871,5.247093048084929,652.9529271724324,1140.6337602134388
296,1814.45436597644,2040.1533367651339,15417.342850689924,7.095686394727147e-16,22.55756547120585,11527.281343744922,298.9660226272302,669.3986368006409,1978.1324492163435
297,34.64893511627112,18697.816343833376,16293.710058553917,6.400620867352253e-16,123.4171075785176,16081.034622713285,342.78220274864066,762.876244974753,7151.626494690781
298,31.25743114348187,21721.69893205134,16569.598190884408,5.694980821153576e-16,151.41891294510427,19518.271034136746,355.22622158185703,800.9504155527859,7898.448104164329
299,458.86894279862764,3422.774087506559,14857.236902443885,6.123379705645964e-16,57.758695418167214,11913.700018896214,304.5261489236762,655.686090167142,2352.0277007051964
300,1222.1137372894434,2153.538043653763,14479.525359360832,5.319036585747761e-16,30.960368990803037,7126.253237718558,20.5891566239975,632.2967593786204,1116.216437916527
301,44.57188718740632,14957.071222527014,16213.069478235066,5.695810131376956e-16,102.49943720157033,17945.5752611455,308.58513857435617,763.4669942455085,7153.21106899025
302,896.3272857480587,2523.209812568309,15164.294469366847,5.900875962560451e-16,25.69953391287969,11635.650886766176,310.9347410183916,661.9852852189833,2172.9050437464384
303,1126.4306663953187,629.740621662385,5537.435486958638,3.3914937065588155e-16,3.6350355559185457,4011.019248155113,14.085071149393414,265.3719340576459,597.1690854714777
304,174.67594672867278,210.76712108920415,1629.055932379505,2.0670046466731335e-16,2.3451693511940515,1654.3921104449769,10.061282995654032,101.71738285655542,278.3220956768813
305,13.209909094454696,245.08804517890079,1033.8752396591801,2.12292392510473e-16,3.4576414240761233,1125.0185644726291,-2.8854424595863292e-05,68.72700086070368,208.3621269243177
306,43.36847388749692,15163.846882952108,15868.298235535214,6.799453664559419e-16,109.30427078031829,14530.673401395381,331.9550009324329,721.8110581107286,5548.662888258083
307,765.7268783327736,3388.561982951958,14437.418330015204,7.737380028022095e-16,41.47536285026499,8839.502281797038,294.45616383759966,633.2693251946124,2067.4422448545542
308,2081.9421034326215,1472.3350855333358,14445.509438834702,7.028191546370529e-16,12.67942997327888,6732.808430325599,-8.073992996173729e-07,603.5889276877701,1289.178287919343
309,3550.909427389917,1394.6068855256851,14674.247577627752,6.473598641663687e-16,8.708713974627674,10059.084243325706,9.973525364753979,640.007075987112,1561.1107511837913
310,363.79683092504814,193.32582325215023,1949.5353524991071,2.3901558834104227e-16,1.0762800359424032,1791.6703481333327,-1.8946651124338133e-05,106.75359739406065,309.59261234967795
311,41.31091919745987,3677.8055072587463,8036.842231059255,5.149190040456945e-16,10.254348768236369,7764.203113199529,156.4407242940511,361.05760742913816,3266.414901705501
312,118.69343742144943,2436.664336696045,9097.317718303675,5.7229910178867605e-16,4.858540157338144,7695.616670935818,48.580371413281725,401.37845446302595,2042.5049287227716
313,459.5447789072365,71.28666811340163,1091.9883860100883,2.0804517226647538e-16,0.001426919681860506,1201.2698273558055,2.434868631243276,71.37282056143749,178.96020315740594
314,57.74629292157137,1638.587604037094,3770.435668289624,4.000648421586093e-16,5.993678334903882,2778.0675941547292,74.9647586575012,181.7250528646257,650.9433200865313
315,3920.801217400031,491.17390300312684,12365.421953394083,7.246917325238002e-16,0.6119447015276694,6416.570065558478,69.68825305865242,498.14904208597534,1270.9996166084698
316,123.08122151540266,171.5147156362026,1185.351242920546,2.978416069240086e-16,1.039127321492124,1293.0452802933642,23.54068118606013,58.02044981606933,376.4531048322064
317,231.52492539334003,55.42592713653711,771.8554542471472,2.16302146191719e-16,0.3181792966786094,906.3791912114809,12.11081668419284,52.15639866798742,161.42895481675086
318,796.2108524062528,124.74113640320569,1899.007201258736,2.1165075393528014e-16,0.08242220586669793,1471.0925354348021,17.957271125353355,88.22310955971798,228.20501254328414
319,583.0878340064716,55.05332013825562,1077.5908005370495,1.967948828212009e-16,4.5762998710064966e-10,789.2020392633999,15.539868452622486,45.95221899835801,126.36319635088762
320,456.26008822474876,67.33972921136444,1128.277361577141,2.239581936800968e-16,0.09883734820716725,1132.8272733947922,18.00988290912136,65.22470360531193,177.72338116906187
321,422.7097368059093,32.06767811713392,968.900200696927,2.0224758947925297e-16,0.08390416835839598,718.2969411446727,2.9725022465993107,46.74142570197399,148.39203908594152
322,658.7737483538282,22.458675792729128,1098.5747115442853,1.9455292955744562e-16,5.119791003519595e-10,581.394626109223,17.131061431655787,49.9759667474104,110.95608818404187
323,296.25699940844123,65.84616973144504,963.5186708062645,2.19038614512492e-16,0.38555110313481405,871.1820088804826,11.829777683484082,48.77993851132359,166.55260242256242
324,121.02643467100563,73.3367930032837,704.9175563233924,2.0367035843119498e-16,0.7025774917576805,847.3140689483665,6.10145691529108,47.77566875500038,162.53548923592862
325,15.566720286561344,855.3367832597678,1689.4952737419503,2.0694508512779173e-16,5.861583181718615,2064.88908746225,32.323607514700576,85.54819468061486,968.2712151144941
326,2937.69477741456,1390.1576779427257,15518.420978749558,7.017973445524791e-16,15.095738140082746,10504.691625527694,11.515397673279587,662.2276099582974,1832.0152957468285
327,196.85873096764797,454.2728203857822,2358.594140781541,2.8717441924224293e-16,3.9744617282519252,2295.017001959528,17.50422898619259,120.15117250484269,975.7998516516706
328,4667.569829674138,668.2467941102851,14157.093536211412,6.92593192889048e-16,3.7520819501471756,7401.63925449149,15.400432024954203,577.5127370071139,1414.781264652588
329,524.0557399299947,5544.763364621999,15078.467410804738,7.314358538142877e-16,55.14184726588339,16073.475011717468,294.5716617602084,663.039721956171,6275.488706073329
330,1075.762467804013,592.4871278050376,5727.8876565877135,3.568436408168913e-16,7.722637077765349,4438.933530651511,93.60126233429536,257.2618807292808,779.6867049124799
331,307.8353900515447,3641.9014488352036,11134.940317584218,6.585467418602346e-16,37.82869315228411,11175.742901246042,220.21510845486813,487.8494739027212,3792.416461354172
332,1561.3390471607881,1969.3288750855502,14776.778336137835,7.147911260698324e-16,25.92007581468532,10992.752211002924,137.09887717526112,635.9086911136403,2003.1249682242064
333,1225.0749315816754,2910.038996888216,15136.66718819886,7.888768127826513e-16,27.122911763469556,15045.50629607166,90.05315120078366,650.1514203074264,5098.586169481113
334,2018.7454814736147,2913.8908930270563,16584.403732143623,7.66969201780727e-16,19.996956838753558,13938.724120312549,325.60094667203344,699.2253850037923,6005.8272770011445
335,3865.460521016341,1699.388562526787,17099.588747482154,7.639049141607009e-16,3.1407292450546325,11680.499376576878,345.37032858339944,743.3754405310091,2758.0085774039126
336,7542.632535883738,419.5556211890911,16337.734826266125,6.920611853183831e-16,1.3196048546620498,7129.037512244358,7.529310721819828,617.775711171435,1350.2593496188993
337,4320.811805164062,921.6220767656945,13162.572936451601,6.335028830231804e-16,5.174101780034275,10564.978040193626,12.719698758123355,564.5546275793705,2038.3744592347443
338,1195.168361908742,239.54779019721175,3224.3897483978826,2.19355184761684e-16,1.245127404364946,2527.882192269924,61.8899620755698,162.57288324000803,398.8786429296073
339,179.24360781993943,54.967477636081775,1075.8261840217547,1.9965008558049147e-16,0.15147516690814006,986.4328909443688,3.0770402554480825e-06,50.659955746935545,243.6255052694832
340,387.2946515642335,86.69967497943821,1355.835998849713,2.1160831530606096e-16,0.2415918352454225,1381.2109653873777,26.21299854236461,81.93900893812481,272.345205473756
341,1688.3044403375334,1987.8727811170422,13028.969705212963,6.601973981400416e-16,7.701571265605011,10748.084982216109,257.87222289117074,556.6164038295323,4526.994866468755
342,7171.497475962214,722.1391782980583,17127.99924274334,7.064369216420924e-16,2.1908343705397337,8338.908851267839,37.968227510816625,650.4530491039976,1400.3634894070085
343,100.41579818623588,421.55417292043086,1311.3639153892902,2.3642303277513896e-16,4.836887247531961,2268.2629619810473,5.350198423309882,92.27506145309363,909.3339097110363
344,1239.9758790448352,2288.436248782462,11485.37718835533,6.099434218412143e-16,17.495616794222023,12035.940195178666,225.65550746868848,502.40475835696896,4609.324342261412
345,6095.719220588313,1294.094716656643,17263.265748732232,7.348979987104138e-16,6.490138101791095,11528.568729737719,40.76811825300531,749.7059536498758,1788.4031275942239
346,5807.235932851745,1193.4301802812624,17690.538802760206,7.267436620191806e-16,7.5401672872658585,13128.706803921543,340.7227741172749,753.9032531635354,1780.0719138321583
347,2339.5400329409267,446.12054026025476,7662.799141708801,4.149136140622309e-16,1.306796371096374,5285.015177459667,35.26481013567217,330.5620814993108,804.938616993433
348,457.9813877067254,393.98489225427994,3974.8864389600435,4.219158150406617e-16,3.0440746218093953,3586.9439971370975,78.09876236694953,175.15820680583226,1496.3166584318037
349,2198.6155430427702,1732.455851895024,16401.45214338215,7.85912708675844e-16,24.58902898411334,14542.319742278141,323.333075374901,679.6733116781943,6810.130473253474
350,248.79544849774118,251.6623448186347,1588.459576563358,2.148352210866818e-16,3.10035885453516,2800.716007397524,17.706908174438407,93.87517280164793,1249.082730276703
351,910.0433640059192,192.7908503424587,2615.5395493760043,2.1223225107606291e-16,1.1123836857303249,2155.6251993985106,50.858854987087994,137.4168270108321,295.2127093315244
352,634.2695374355443,6260.550600392417,16303.230730075722,7.500915366026494e-16,57.49170956276976,17539.879255281227,314.21440828168386,739.5795259485463,7273.788813555342
353,655.4456951791427,146.76130655398663,2083.891690098223,2.424414448584377e-16,1.3049914578353308,1605.9210606732636,40.12760883872866,97.66125462465966,223.08447924305975
354,629.6403019930897,143.7448205120245,2123.231805379743,2.405341322443168e-16,0.965543593255997,1561.2404914339638,40.73451497517194,98.77645385982477,228.7324119019126
355,859.0491448322614,89.91037633417938,1856.3303768057551,1.9203151420851106e-16,0.20377011312202867,1251.5684104100412,36.02994242013864,95.18660452453572,136.69665581156337
356,219.9983100391717,136.4050664281048,1646.0276707335995,2.605231053660127e-16,0.8388326379731874,1946.3283334083965,15.447057401713346,92.26546700101272,925.1640631125445
357,5612.463780721109,838.3424743736401,16045.583931937106,7.989936522050685e-16,4.314340554937561,11226.25536834965,-3.277187110802515e-05,678.7734847669522,1572.6231714885184
358,3352.4076245357805,1814.1286907726499,16350.112405802865,7.60480815520656e-16,20.652752016290755,15124.016302990342,328.60126209135194,702.0796777169368,4745.311955484108
359,4723.172253434817,1382.765365055811,16197.872752621031,7.108041583859285e-16,5.728490771562406,10795.529923085862,21.66832007647712,700.0525685709299,1426.2716203065397
360,1221.1019736804403,180.92713641261386,2826.7522688453437,2.2140282760981618e-16,0.4938829787870312,2251.806676320733,55.045050138774904,132.58991149037382,294.02092150708893
361,1325.3511672479535,2875.482476924437,16320.291950727062,8.103463572253188e-16,9.7418087928009,16334.027849619135,319.0835753828592,707.6447579299398,7411.466522241375
362,821.1969169863992,5595.757902816891,16317.767405151955,7.327303570610509e-16,27.43093928001429,14885.039384646941,312.7312435308883,718.1437171553906,6918.889867613683
363,8272.171583519996,606.3465264290481,15615.470805076819,6.483377297324419e-16,4.924770165131139e-10,9240.674417606702,12.778734759119864,565.2791458724043,1241.2898171203813
364,6911.558397260069,621.2622855323021,15942.497900563962,6.748962640233077e-16,1.5534327552687615,9891.559863492072,307.80716901019395,612.645855271561,1313.896201030478
365,39.51557730382223,16.1033486042432,169.66711766705694,1.4148124609213844e-15,0.04636839139566243,610.6597063192012,3.422484446093115,28.987847628104614,113.0209140795934
